
 /----------------------------------------------------------------------------\
 |                                                                            |
 |  yosys -- Yosys Open SYnthesis Suite                                       |
 |                                                                            |
 |  Copyright (C) 2012 - 2020  Claire Xenia Wolf <claire@yosyshq.com>         |
 |                                                                            |
 |  Permission to use, copy, modify, and/or distribute this software for any  |
 |  purpose with or without fee is hereby granted, provided that the above    |
 |  copyright notice and this permission notice appear in all copies.         |
 |                                                                            |
 |  THE SOFTWARE IS PROVIDED "AS IS" AND THE AUTHOR DISCLAIMS ALL WARRANTIES  |
 |  WITH REGARD TO THIS SOFTWARE INCLUDING ALL IMPLIED WARRANTIES OF          |
 |  MERCHANTABILITY AND FITNESS. IN NO EVENT SHALL THE AUTHOR BE LIABLE FOR   |
 |  ANY SPECIAL, DIRECT, INDIRECT, OR CONSEQUENTIAL DAMAGES OR ANY DAMAGES    |
 |  WHATSOEVER RESULTING FROM LOSS OF USE, DATA OR PROFITS, WHETHER IN AN     |
 |  ACTION OF CONTRACT, NEGLIGENCE OR OTHER TORTIOUS ACTION, ARISING OUT OF   |
 |  OR IN CONNECTION WITH THE USE OR PERFORMANCE OF THIS SOFTWARE.            |
 |                                                                            |
 \----------------------------------------------------------------------------/

 Yosys 0.33 (git sha1 2584903a060)


-- Running command `read_verilog -sv -lib rtl/sram.v rtl/rowmem.v; read_verilog -sv rtl/dma.v rtl/systolic.v rtl/requant.v rtl/exp_lut.v rtl/divu.v rtl/ga2_vec.v rtl/ga2_sm.v rtl/ga2_mm.v rtl/ga2.v; hierarchy -top exp_lut; synth -flatten -top exp_lut; dfflegalize -cell $_DFF_P_ x; dfflibmap -liberty lib/toy.lib; abc -liberty lib/toy.lib; opt_clean -purge; tee -o out/exp_lut_stat.txt stat -liberty lib/toy.lib; write_verilog -noattr out/exp_lut_net.v; write_json out/exp_lut_net.json' --

1. Executing Verilog-2005 frontend: rtl/sram.v
Parsing SystemVerilog input from `rtl/sram.v' to AST representation.
Generating RTLIL representation for module `\sram'.
Successfully finished Verilog frontend.

2. Executing Verilog-2005 frontend: rtl/rowmem.v
Parsing SystemVerilog input from `rtl/rowmem.v' to AST representation.
Generating RTLIL representation for module `\rowmem'.
Successfully finished Verilog frontend.

3. Executing Verilog-2005 frontend: rtl/dma.v
Parsing SystemVerilog input from `rtl/dma.v' to AST representation.
Generating RTLIL representation for module `\dma'.
Successfully finished Verilog frontend.

4. Executing Verilog-2005 frontend: rtl/systolic.v
Parsing SystemVerilog input from `rtl/systolic.v' to AST representation.
Generating RTLIL representation for module `\pe'.
Generating RTLIL representation for module `\systolic'.
Successfully finished Verilog frontend.

5. Executing Verilog-2005 frontend: rtl/requant.v
Parsing SystemVerilog input from `rtl/requant.v' to AST representation.
Generating RTLIL representation for module `\requant'.
Successfully finished Verilog frontend.

6. Executing Verilog-2005 frontend: rtl/exp_lut.v
Parsing SystemVerilog input from `rtl/exp_lut.v' to AST representation.
Generating RTLIL representation for module `\exp_lut'.
Successfully finished Verilog frontend.

7. Executing Verilog-2005 frontend: rtl/divu.v
Parsing SystemVerilog input from `rtl/divu.v' to AST representation.
Generating RTLIL representation for module `\divu'.
Successfully finished Verilog frontend.

8. Executing Verilog-2005 frontend: rtl/ga2_vec.v
Parsing SystemVerilog input from `rtl/ga2_vec.v' to AST representation.
Generating RTLIL representation for module `\ga2_st'.
Generating RTLIL representation for module `\ga2_rq'.
Generating RTLIL representation for module `\ga2_vadd'.
Generating RTLIL representation for module `\ga2_amax'.
Generating RTLIL representation for module `\ga2_unp'.
Successfully finished Verilog frontend.

9. Executing Verilog-2005 frontend: rtl/ga2_sm.v
Parsing SystemVerilog input from `rtl/ga2_sm.v' to AST representation.
Generating RTLIL representation for module `\ga2_sm'.
Successfully finished Verilog frontend.

10. Executing Verilog-2005 frontend: rtl/ga2_mm.v
Parsing SystemVerilog input from `rtl/ga2_mm.v' to AST representation.
Generating RTLIL representation for module `\ga2_mm'.
Warning: Replacing memory \b_ra with list of registers. See rtl/ga2_mm.v:26
Warning: Replacing memory \a_ra with list of registers. See rtl/ga2_mm.v:26
Successfully finished Verilog frontend.

11. Executing Verilog-2005 frontend: rtl/ga2.v
Parsing SystemVerilog input from `rtl/ga2.v' to AST representation.
Generating RTLIL representation for module `\ga2'.
Successfully finished Verilog frontend.

12. Executing HIERARCHY pass (managing design hierarchy).

12.1. Analyzing design hierarchy..
Top module:  \exp_lut

12.2. Analyzing design hierarchy..
Top module:  \exp_lut
Removing unused module `\ga2'.
Removing unused module `\ga2_mm'.
Removing unused module `\ga2_sm'.
Removing unused module `\ga2_unp'.
Removing unused module `\ga2_amax'.
Removing unused module `\ga2_vadd'.
Removing unused module `\ga2_rq'.
Removing unused module `\ga2_st'.
Removing unused module `\divu'.
Removing unused module `\requant'.
Removing unused module `\systolic'.
Removing unused module `\pe'.
Removing unused module `\dma'.
Removed 13 unused modules.

13. Executing SYNTH pass.

13.1. Executing HIERARCHY pass (managing design hierarchy).

13.1.1. Analyzing design hierarchy..
Top module:  \exp_lut

13.1.2. Analyzing design hierarchy..
Top module:  \exp_lut
Removed 0 unused modules.

13.2. Executing PROC pass (convert processes to netlists).

13.2.1. Executing PROC_CLEAN pass (remove empty switches from decision trees).
Cleaned up 0 empty switches.

13.2.2. Executing PROC_RMDEAD pass (remove dead branches from decision trees).
Removed 1 dead cases from process $proc$rtl/exp_lut.v:4$99 in module exp_lut.
Marked 1 switch rules as full_case in process $proc$rtl/exp_lut.v:4$99 in module exp_lut.
Removed a total of 1 dead cases.

13.2.3. Executing PROC_PRUNE pass (remove redundant assignments in processes).
Removed 0 redundant assignments.
Promoted 1 assignment to connection.

13.2.4. Executing PROC_INIT pass (extract init attributes).

13.2.5. Executing PROC_ARST pass (detect async resets in processes).

13.2.6. Executing PROC_ROM pass (convert switches to ROMs).
Converted 1 switch.

13.2.7. Executing PROC_MUX pass (convert decision trees to multiplexers).
Creating decoders for process `\exp_lut.$proc$rtl/exp_lut.v:4$99'.
     1/1: $1\e[15:0]

13.2.8. Executing PROC_DLATCH pass (convert process syncs to latches).
No latch inferred for signal `\exp_lut.\e' from process `\exp_lut.$proc$rtl/exp_lut.v:4$99'.

13.2.9. Executing PROC_DFF pass (convert process syncs to FFs).

13.2.10. Executing PROC_MEMWR pass (convert process memory writes to cells).

13.2.11. Executing PROC_CLEAN pass (remove empty switches from decision trees).
Found and cleaned up 1 empty switch in `\exp_lut.$proc$rtl/exp_lut.v:4$99'.
Removing empty process `exp_lut.$proc$rtl/exp_lut.v:4$99'.
Cleaned up 1 empty switch.

13.2.12. Executing OPT_EXPR pass (perform const folding).
Optimizing module exp_lut.

13.3. Executing FLATTEN pass (flatten design).

13.4. Executing OPT_EXPR pass (perform const folding).
Optimizing module exp_lut.

13.5. Executing OPT_CLEAN pass (remove unused cells and wires).
Finding unused cells or wires in module \exp_lut..
Removed 0 unused cells and 3 unused wires.
<suppressed ~1 debug messages>

13.6. Executing CHECK pass (checking for obvious problems).
Checking module exp_lut...
Found and reported 0 problems.

13.7. Executing OPT pass (performing simple optimizations).

13.7.1. Executing OPT_EXPR pass (perform const folding).
Optimizing module exp_lut.

13.7.2. Executing OPT_MERGE pass (detect identical cells).
Finding identical cells in module `\exp_lut'.
Removed a total of 0 cells.

13.7.3. Executing OPT_MUXTREE pass (detect dead branches in mux trees).
Running muxtree optimizer on module \exp_lut..
  Creating internal representation of mux trees.
  No muxes found in this module.
Removed 0 multiplexer ports.

13.7.4. Executing OPT_REDUCE pass (consolidate $*mux and $reduce_* inputs).
  Optimizing cells in module \exp_lut.
Performed a total of 0 changes.

13.7.5. Executing OPT_MERGE pass (detect identical cells).
Finding identical cells in module `\exp_lut'.
Removed a total of 0 cells.

13.7.6. Executing OPT_DFF pass (perform DFF optimizations).

13.7.7. Executing OPT_CLEAN pass (remove unused cells and wires).
Finding unused cells or wires in module \exp_lut..

13.7.8. Executing OPT_EXPR pass (perform const folding).
Optimizing module exp_lut.

13.7.9. Finished OPT passes. (There is nothing left to do.)

13.8. Executing FSM pass (extract and optimize FSM).

13.8.1. Executing FSM_DETECT pass (finding FSMs in design).

13.8.2. Executing FSM_EXTRACT pass (extracting FSM from design).

13.8.3. Executing FSM_OPT pass (simple optimizations of FSMs).

13.8.4. Executing OPT_CLEAN pass (remove unused cells and wires).
Finding unused cells or wires in module \exp_lut..

13.8.5. Executing FSM_OPT pass (simple optimizations of FSMs).

13.8.6. Executing FSM_RECODE pass (re-assigning FSM state encoding).

13.8.7. Executing FSM_INFO pass (dumping all available information on FSM cells).

13.8.8. Executing FSM_MAP pass (mapping FSMs to basic logic).

13.9. Executing OPT pass (performing simple optimizations).

13.9.1. Executing OPT_EXPR pass (perform const folding).
Optimizing module exp_lut.

13.9.2. Executing OPT_MERGE pass (detect identical cells).
Finding identical cells in module `\exp_lut'.
Removed a total of 0 cells.

13.9.3. Executing OPT_MUXTREE pass (detect dead branches in mux trees).
Running muxtree optimizer on module \exp_lut..
  Creating internal representation of mux trees.
  No muxes found in this module.
Removed 0 multiplexer ports.

13.9.4. Executing OPT_REDUCE pass (consolidate $*mux and $reduce_* inputs).
  Optimizing cells in module \exp_lut.
Performed a total of 0 changes.

13.9.5. Executing OPT_MERGE pass (detect identical cells).
Finding identical cells in module `\exp_lut'.
Removed a total of 0 cells.

13.9.6. Executing OPT_DFF pass (perform DFF optimizations).

13.9.7. Executing OPT_CLEAN pass (remove unused cells and wires).
Finding unused cells or wires in module \exp_lut..

13.9.8. Executing OPT_EXPR pass (perform const folding).
Optimizing module exp_lut.

13.9.9. Finished OPT passes. (There is nothing left to do.)

13.10. Executing WREDUCE pass (reducing word size of cells).
Removed top 24 address bits (of 32) from memory init port exp_lut.$auto$mem.cc:319:emit$507 ($auto$proc_rom.cc:150:do_switch$505).

13.11. Executing PEEPOPT pass (run peephole optimizers).

13.12. Executing OPT_CLEAN pass (remove unused cells and wires).
Finding unused cells or wires in module \exp_lut..

13.13. Executing ALUMACC pass (create $alu and $macc cells).
Extracting $alu and $macc cells in module exp_lut:
  created 0 $alu and 0 $macc cells.

13.14. Executing SHARE pass (SAT-based resource sharing).

13.15. Executing OPT pass (performing simple optimizations).

13.15.1. Executing OPT_EXPR pass (perform const folding).
Optimizing module exp_lut.

13.15.2. Executing OPT_MERGE pass (detect identical cells).
Finding identical cells in module `\exp_lut'.
Removed a total of 0 cells.

13.15.3. Executing OPT_MUXTREE pass (detect dead branches in mux trees).
Running muxtree optimizer on module \exp_lut..
  Creating internal representation of mux trees.
  No muxes found in this module.
Removed 0 multiplexer ports.

13.15.4. Executing OPT_REDUCE pass (consolidate $*mux and $reduce_* inputs).
  Optimizing cells in module \exp_lut.
Performed a total of 0 changes.

13.15.5. Executing OPT_MERGE pass (detect identical cells).
Finding identical cells in module `\exp_lut'.
Removed a total of 0 cells.

13.15.6. Executing OPT_DFF pass (perform DFF optimizations).

13.15.7. Executing OPT_CLEAN pass (remove unused cells and wires).
Finding unused cells or wires in module \exp_lut..

13.15.8. Executing OPT_EXPR pass (perform const folding).
Optimizing module exp_lut.

13.15.9. Finished OPT passes. (There is nothing left to do.)

13.16. Executing MEMORY pass.

13.16.1. Executing OPT_MEM pass (optimize memories).
Performed a total of 0 transformations.

13.16.2. Executing OPT_MEM_PRIORITY pass (removing unnecessary memory write priority relations).
Performed a total of 0 transformations.

13.16.3. Executing OPT_MEM_FEEDBACK pass (finding memory read-to-write feedback paths).

13.16.4. Executing MEMORY_BMUX2ROM pass (converting muxes to ROMs).

13.16.5. Executing MEMORY_DFF pass (merging $dff cells to $memrd).
Checking read port `$auto$proc_rom.cc:150:do_switch$505'[0] in module `\exp_lut': no output FF found.
Checking read port address `$auto$proc_rom.cc:150:do_switch$505'[0] in module `\exp_lut': no address FF found.

13.16.6. Executing OPT_CLEAN pass (remove unused cells and wires).
Finding unused cells or wires in module \exp_lut..

13.16.7. Executing MEMORY_SHARE pass (consolidating $memrd/$memwr cells).

13.16.8. Executing OPT_MEM_WIDEN pass (optimize memories where all ports are wide).
Performed a total of 0 transformations.

13.16.9. Executing OPT_CLEAN pass (remove unused cells and wires).
Finding unused cells or wires in module \exp_lut..

13.16.10. Executing MEMORY_COLLECT pass (generating $mem cells).

13.17. Executing OPT_CLEAN pass (remove unused cells and wires).
Finding unused cells or wires in module \exp_lut..

13.18. Executing OPT pass (performing simple optimizations).

13.18.1. Executing OPT_EXPR pass (perform const folding).
Optimizing module exp_lut.

13.18.2. Executing OPT_MERGE pass (detect identical cells).
Finding identical cells in module `\exp_lut'.
Removed a total of 0 cells.

13.18.3. Executing OPT_DFF pass (perform DFF optimizations).

13.18.4. Executing OPT_CLEAN pass (remove unused cells and wires).
Finding unused cells or wires in module \exp_lut..

13.18.5. Finished fast OPT passes.

13.19. Executing MEMORY_MAP pass (converting memories to logic and flip-flops).
Mapping memory $auto$proc_rom.cc:150:do_switch$505 in module \exp_lut:
  created 256 $dff cells and 0 static cells of width 16.
  read interface: 0 $dff and 255 $mux cells.
  write interface: 0 write mux blocks.

13.20. Executing OPT pass (performing simple optimizations).

13.20.1. Executing OPT_EXPR pass (perform const folding).
Optimizing module exp_lut.
<suppressed ~92 debug messages>

13.20.2. Executing OPT_MERGE pass (detect identical cells).
Finding identical cells in module `\exp_lut'.
Removed a total of 0 cells.

13.20.3. Executing OPT_MUXTREE pass (detect dead branches in mux trees).
Running muxtree optimizer on module \exp_lut..
  Creating internal representation of mux trees.
  Evaluating internal representation of mux trees.
  Analyzing evaluation results.
Removed 0 multiplexer ports.
<suppressed ~1 debug messages>

13.20.4. Executing OPT_REDUCE pass (consolidate $*mux and $reduce_* inputs).
  Optimizing cells in module \exp_lut.
    Consolidated identical input bits for $mux cell $memory$auto$proc_rom.cc:150:do_switch$505$rdmux[0][7][34]$994:
      Old ports: A=16'0000001110100111, B=16'0000001101101110, Y=$memory$auto$proc_rom.cc:150:do_switch$505$rdmux[0][6][17]$a$752
      New ports: A=2'01, B=2'10, Y={ $memory$auto$proc_rom.cc:150:do_switch$505$rdmux[0][6][17]$a$752 [3] $memory$auto$proc_rom.cc:150:do_switch$505$rdmux[0][6][17]$a$752 [0] }
      New connections: { $memory$auto$proc_rom.cc:150:do_switch$505$rdmux[0][6][17]$a$752 [15:4] $memory$auto$proc_rom.cc:150:do_switch$505$rdmux[0][6][17]$a$752 [2:1] } = { 8'00000011 $memory$auto$proc_rom.cc:150:do_switch$505$rdmux[0][6][17]$a$752 [0] $memory$auto$proc_rom.cc:150:do_switch$505$rdmux[0][6][17]$a$752 [3] 4'1011 }
    Consolidated identical input bits for $mux cell $memory$auto$proc_rom.cc:150:do_switch$505$rdmux[0][7][33]$991:
      Old ports: A=16'0000010000100011, B=16'0000001111100011, Y=$memory$auto$proc_rom.cc:150:do_switch$505$rdmux[0][6][16]$b$750
      New ports: A=2'10, B=2'01, Y={ $memory$auto$proc_rom.cc:150:do_switch$505$rdmux[0][6][16]$b$750 [10] $memory$auto$proc_rom.cc:150:do_switch$505$rdmux[0][6][16]$b$750 [6] }
      New connections: { $memory$auto$proc_rom.cc:150:do_switch$505$rdmux[0][6][16]$b$750 [15:11] $memory$auto$proc_rom.cc:150:do_switch$505$rdmux[0][6][16]$b$750 [9:7] $memory$auto$proc_rom.cc:150:do_switch$505$rdmux[0][6][16]$b$750 [5:0] } = { 5'00000 $memory$auto$proc_rom.cc:150:do_switch$505$rdmux[0][6][16]$b$750 [6] $memory$auto$proc_rom.cc:150:do_switch$505$rdmux[0][6][16]$b$750 [6] $memory$auto$proc_rom.cc:150:do_switch$505$rdmux[0][6][16]$b$750 [6] 6'100011 }
    Consolidated identical input bits for $mux cell $memory$auto$proc_rom.cc:150:do_switch$505$rdmux[0][7][32]$988:
      Old ports: A=16'0000010010110000, B=16'0000010001101000, Y=$memory$auto$proc_rom.cc:150:do_switch$505$rdmux[0][6][16]$a$749
      New ports: A=2'10, B=2'01, Y=$memory$auto$proc_rom.cc:150:do_switch$505$rdmux[0][6][16]$a$749 [4:3]
      New connections: { $memory$auto$proc_rom.cc:150:do_switch$505$rdmux[0][6][16]$a$749 [15:5] $memory$auto$proc_rom.cc:150:do_switch$505$rdmux[0][6][16]$a$749 [2:0] } = { 8'00000100 $memory$auto$proc_rom.cc:150:do_switch$505$rdmux[0][6][16]$a$749 [4:3] 4'1000 }
    Consolidated identical input bits for $mux cell $memory$auto$proc_rom.cc:150:do_switch$505$rdmux[0][7][31]$985:
      Old ports: A=16'0000010101010000, B=16'0000010011111110, Y=$memory$auto$proc_rom.cc:150:do_switch$505$rdmux[0][6][15]$b$747
      New ports: A=2'10, B=2'01, Y={ $memory$auto$proc_rom.cc:150:do_switch$505$rdmux[0][6][15]$b$747 [8] $memory$auto$proc_rom.cc:150:do_switch$505$rdmux[0][6][15]$b$747 [1] }
      New connections: { $memory$auto$proc_rom.cc:150:do_switch$505$rdmux[0][6][15]$b$747 [15:9] $memory$auto$proc_rom.cc:150:do_switch$505$rdmux[0][6][15]$b$747 [7:2] $memory$auto$proc_rom.cc:150:do_switch$505$rdmux[0][6][15]$b$747 [0] } = { 7'0000010 $memory$auto$proc_rom.cc:150:do_switch$505$rdmux[0][6][15]$b$747 [1] 1'1 $memory$auto$proc_rom.cc:150:do_switch$505$rdmux[0][6][15]$b$747 [1] 1'1 $memory$auto$proc_rom.cc:150:do_switch$505$rdmux[0][6][15]$b$747 [1] $memory$auto$proc_rom.cc:150:do_switch$505$rdmux[0][6][15]$b$747 [1] 1'0 }
    Consolidated identical input bits for $mux cell $memory$auto$proc_rom.cc:150:do_switch$505$rdmux[0][7][30]$982:
      Old ports: A=16'0000011000000101, B=16'0000010110101000, Y=$memory$auto$proc_rom.cc:150:do_switch$505$rdmux[0][6][15]$a$746
      New ports: A=2'01, B=2'10, Y={ $memory$auto$proc_rom.cc:150:do_switch$505$rdmux[0][6][15]$a$746 [3] $memory$auto$proc_rom.cc:150:do_switch$505$rdmux[0][6][15]$a$746 [0] }
      New connections: { $memory$auto$proc_rom.cc:150:do_switch$505$rdmux[0][6][15]$a$746 [15:4] $memory$auto$proc_rom.cc:150:do_switch$505$rdmux[0][6][15]$a$746 [2:1] } = { 6'000001 $memory$auto$proc_rom.cc:150:do_switch$505$rdmux[0][6][15]$a$746 [0] $memory$auto$proc_rom.cc:150:do_switch$505$rdmux[0][6][15]$a$746 [3] $memory$auto$proc_rom.cc:150:do_switch$505$rdmux[0][6][15]$a$746 [3] 1'0 $memory$auto$proc_rom.cc:150:do_switch$505$rdmux[0][6][15]$a$746 [3] 1'0 $memory$auto$proc_rom.cc:150:do_switch$505$rdmux[0][6][15]$a$746 [0] 1'0 }
    Consolidated identical input bits for $mux cell $memory$auto$proc_rom.cc:150:do_switch$505$rdmux[0][7][29]$979:
      Old ports: A=16'0000011011010010, B=16'0000011001101001, Y=$memory$auto$proc_rom.cc:150:do_switch$505$rdmux[0][6][14]$b$744
      New ports: A=2'10, B=2'01, Y=$memory$auto$proc_rom.cc:150:do_switch$505$rdmux[0][6][14]$b$744 [1:0]
      New connections: $memory$auto$proc_rom.cc:150:do_switch$505$rdmux[0][6][14]$b$744 [15:2] = { 8'00000110 $memory$auto$proc_rom.cc:150:do_switch$505$rdmux[0][6][14]$b$744 [1] 1'1 $memory$auto$proc_rom.cc:150:do_switch$505$rdmux[0][6][14]$b$744 [0] $memory$auto$proc_rom.cc:150:do_switch$505$rdmux[0][6][14]$b$744 [1:0] 1'0 }
    Consolidated identical input bits for $mux cell $memory$auto$proc_rom.cc:150:do_switch$505$rdmux[0][7][28]$976:
      Old ports: A=16'0000011110111011, B=16'0000011101000011, Y=$memory$auto$proc_rom.cc:150:do_switch$505$rdmux[0][6][14]$a$743
      New ports: A=2'01, B=2'10, Y={ $memory$auto$proc_rom.cc:150:do_switch$505$rdmux[0][6][14]$a$743 [6] $memory$auto$proc_rom.cc:150:do_switch$505$rdmux[0][6][14]$a$743 [3] }
      New connections: { $memory$auto$proc_rom.cc:150:do_switch$505$rdmux[0][6][14]$a$743 [15:7] $memory$auto$proc_rom.cc:150:do_switch$505$rdmux[0][6][14]$a$743 [5:4] $memory$auto$proc_rom.cc:150:do_switch$505$rdmux[0][6][14]$a$743 [2:0] } = { 8'00000111 $memory$auto$proc_rom.cc:150:do_switch$505$rdmux[0][6][14]$a$743 [3] $memory$auto$proc_rom.cc:150:do_switch$505$rdmux[0][6][14]$a$743 [3] $memory$auto$proc_rom.cc:150:do_switch$505$rdmux[0][6][14]$a$743 [3] 3'011 }
    Consolidated identical input bits for $mux cell $memory$auto$proc_rom.cc:150:do_switch$505$rdmux[0][7][27]$973:
      Old ports: A=16'0000100011000010, B=16'0000100000111011, Y=$memory$auto$proc_rom.cc:150:do_switch$505$rdmux[0][6][13]$b$741
      New ports: A=2'10, B=2'01, Y={ $memory$auto$proc_rom.cc:150:do_switch$505$rdmux[0][6][13]$b$741 [6] $memory$auto$proc_rom.cc:150:do_switch$505$rdmux[0][6][13]$b$741 [0] }
      New connections: { $memory$auto$proc_rom.cc:150:do_switch$505$rdmux[0][6][13]$b$741 [15:7] $memory$auto$proc_rom.cc:150:do_switch$505$rdmux[0][6][13]$b$741 [5:1] } = { 8'00001000 $memory$auto$proc_rom.cc:150:do_switch$505$rdmux[0][6][13]$b$741 [6] $memory$auto$proc_rom.cc:150:do_switch$505$rdmux[0][6][13]$b$741 [0] $memory$auto$proc_rom.cc:150:do_switch$505$rdmux[0][6][13]$b$741 [0] $memory$auto$proc_rom.cc:150:do_switch$505$rdmux[0][6][13]$b$741 [0] 2'01 }
    Consolidated identical input bits for $mux cell $memory$auto$proc_rom.cc:150:do_switch$505$rdmux[0][7][26]$970:
      Old ports: A=16'0000100111101101, B=16'0000100101010011, Y=$memory$auto$proc_rom.cc:150:do_switch$505$rdmux[0][6][13]$a$740
      New ports: A=2'10, B=2'01, Y=$memory$auto$proc_rom.cc:150:do_switch$505$rdmux[0][6][13]$a$740 [2:1]
      New connections: { $memory$auto$proc_rom.cc:150:do_switch$505$rdmux[0][6][13]$a$740 [15:3] $memory$auto$proc_rom.cc:150:do_switch$505$rdmux[0][6][13]$a$740 [0] } = { 8'00001001 $memory$auto$proc_rom.cc:150:do_switch$505$rdmux[0][6][13]$a$740 [2] 1'1 $memory$auto$proc_rom.cc:150:do_switch$505$rdmux[0][6][13]$a$740 [2:1] $memory$auto$proc_rom.cc:150:do_switch$505$rdmux[0][6][13]$a$740 [2] 1'1 }
    Consolidated identical input bits for $mux cell $memory$auto$proc_rom.cc:150:do_switch$505$rdmux[0][7][25]$967:
      Old ports: A=16'0000101100111111, B=16'0000101010010001, Y=$memory$auto$proc_rom.cc:150:do_switch$505$rdmux[0][6][12]$b$738
      New ports: A=2'01, B=2'10, Y={ $memory$auto$proc_rom.cc:150:do_switch$505$rdmux[0][6][12]$b$738 [7] $memory$auto$proc_rom.cc:150:do_switch$505$rdmux[0][6][12]$b$738 [1] }
      New connections: { $memory$auto$proc_rom.cc:150:do_switch$505$rdmux[0][6][12]$b$738 [15:8] $memory$auto$proc_rom.cc:150:do_switch$505$rdmux[0][6][12]$b$738 [6:2] $memory$auto$proc_rom.cc:150:do_switch$505$rdmux[0][6][12]$b$738 [0] } = { 7'0000101 $memory$auto$proc_rom.cc:150:do_switch$505$rdmux[0][6][12]$b$738 [1] 1'0 $memory$auto$proc_rom.cc:150:do_switch$505$rdmux[0][6][12]$b$738 [1] 1'1 $memory$auto$proc_rom.cc:150:do_switch$505$rdmux[0][6][12]$b$738 [1] $memory$auto$proc_rom.cc:150:do_switch$505$rdmux[0][6][12]$b$738 [1] 1'1 }
    Consolidated identical input bits for $mux cell $memory$auto$proc_rom.cc:150:do_switch$505$rdmux[0][7][24]$964:
      Old ports: A=16'0000110010111111, B=16'0000101111111001, Y=$memory$auto$proc_rom.cc:150:do_switch$505$rdmux[0][6][12]$a$737
      New ports: A=2'01, B=2'10, Y={ $memory$auto$proc_rom.cc:150:do_switch$505$rdmux[0][6][12]$a$737 [6] $memory$auto$proc_rom.cc:150:do_switch$505$rdmux[0][6][12]$a$737 [1] }
      New connections: { $memory$auto$proc_rom.cc:150:do_switch$505$rdmux[0][6][12]$a$737 [15:7] $memory$auto$proc_rom.cc:150:do_switch$505$rdmux[0][6][12]$a$737 [5:2] $memory$auto$proc_rom.cc:150:do_switch$505$rdmux[0][6][12]$a$737 [0] } = { 5'00001 $memory$auto$proc_rom.cc:150:do_switch$505$rdmux[0][6][12]$a$737 [1] $memory$auto$proc_rom.cc:150:do_switch$505$rdmux[0][6][12]$a$737 [6] $memory$auto$proc_rom.cc:150:do_switch$505$rdmux[0][6][12]$a$737 [6] 4'1111 $memory$auto$proc_rom.cc:150:do_switch$505$rdmux[0][6][12]$a$737 [1] 1'1 }
    Consolidated identical input bits for $mux cell $memory$auto$proc_rom.cc:150:do_switch$505$rdmux[0][7][23]$961:
      Old ports: A=16'0000111001110001, B=16'0000110110010001, Y=$memory$auto$proc_rom.cc:150:do_switch$505$rdmux[0][6][11]$b$735
      New ports: A=2'01, B=2'10, Y={ $memory$auto$proc_rom.cc:150:do_switch$505$rdmux[0][6][11]$b$735 [7] $memory$auto$proc_rom.cc:150:do_switch$505$rdmux[0][6][11]$b$735 [5] }
      New connections: { $memory$auto$proc_rom.cc:150:do_switch$505$rdmux[0][6][11]$b$735 [15:8] $memory$auto$proc_rom.cc:150:do_switch$505$rdmux[0][6][11]$b$735 [6] $memory$auto$proc_rom.cc:150:do_switch$505$rdmux[0][6][11]$b$735 [4:0] } = { 6'000011 $memory$auto$proc_rom.cc:150:do_switch$505$rdmux[0][6][11]$b$735 [5] $memory$auto$proc_rom.cc:150:do_switch$505$rdmux[0][6][11]$b$735 [7] $memory$auto$proc_rom.cc:150:do_switch$505$rdmux[0][6][11]$b$735 [5] 5'10001 }
    Consolidated identical input bits for $mux cell $memory$auto$proc_rom.cc:150:do_switch$505$rdmux[0][7][22]$958:
      Old ports: A=16'0001000001011110, B=16'0000111101100000, Y=$memory$auto$proc_rom.cc:150:do_switch$505$rdmux[0][6][11]$a$734
      New ports: A=2'01, B=2'10, Y={ $memory$auto$proc_rom.cc:150:do_switch$505$rdmux[0][6][11]$a$734 [5] $memory$auto$proc_rom.cc:150:do_switch$505$rdmux[0][6][11]$a$734 [1] }
      New connections: { $memory$auto$proc_rom.cc:150:do_switch$505$rdmux[0][6][11]$a$734 [15:6] $memory$auto$proc_rom.cc:150:do_switch$505$rdmux[0][6][11]$a$734 [4:2] $memory$auto$proc_rom.cc:150:do_switch$505$rdmux[0][6][11]$a$734 [0] } = { 3'000 $memory$auto$proc_rom.cc:150:do_switch$505$rdmux[0][6][11]$a$734 [1] $memory$auto$proc_rom.cc:150:do_switch$505$rdmux[0][6][11]$a$734 [5] $memory$auto$proc_rom.cc:150:do_switch$505$rdmux[0][6][11]$a$734 [5] $memory$auto$proc_rom.cc:150:do_switch$505$rdmux[0][6][11]$a$734 [5] $memory$auto$proc_rom.cc:150:do_switch$505$rdmux[0][6][11]$a$734 [5] 2'01 $memory$auto$proc_rom.cc:150:do_switch$505$rdmux[0][6][11]$a$734 [1] $memory$auto$proc_rom.cc:150:do_switch$505$rdmux[0][6][11]$a$734 [1] $memory$auto$proc_rom.cc:150:do_switch$505$rdmux[0][6][11]$a$734 [1] 1'0 }
    Consolidated identical input bits for $mux cell $memory$auto$proc_rom.cc:150:do_switch$505$rdmux[0][7][21]$955:
      Old ports: A=16'0001001010001011, B=16'0001000101101100, Y=$memory$auto$proc_rom.cc:150:do_switch$505$rdmux[0][6][10]$b$732
      New ports: A=2'01, B=2'10, Y={ $memory$auto$proc_rom.cc:150:do_switch$505$rdmux[0][6][10]$b$732 [2] $memory$auto$proc_rom.cc:150:do_switch$505$rdmux[0][6][10]$b$732 [0] }
      New connections: { $memory$auto$proc_rom.cc:150:do_switch$505$rdmux[0][6][10]$b$732 [15:3] $memory$auto$proc_rom.cc:150:do_switch$505$rdmux[0][6][10]$b$732 [1] } = { 6'000100 $memory$auto$proc_rom.cc:150:do_switch$505$rdmux[0][6][10]$b$732 [0] $memory$auto$proc_rom.cc:150:do_switch$505$rdmux[0][6][10]$b$732 [2] $memory$auto$proc_rom.cc:150:do_switch$505$rdmux[0][6][10]$b$732 [0] $memory$auto$proc_rom.cc:150:do_switch$505$rdmux[0][6][10]$b$732 [2] $memory$auto$proc_rom.cc:150:do_switch$505$rdmux[0][6][10]$b$732 [2] 2'01 $memory$auto$proc_rom.cc:150:do_switch$505$rdmux[0][6][10]$b$732 [0] }
    Consolidated identical input bits for $mux cell $memory$auto$proc_rom.cc:150:do_switch$505$rdmux[0][7][20]$952:
      Old ports: A=16'0001010100000011, B=16'0001001110111110, Y=$memory$auto$proc_rom.cc:150:do_switch$505$rdmux[0][6][10]$a$731
      New ports: A=2'01, B=2'10, Y={ $memory$auto$proc_rom.cc:150:do_switch$505$rdmux[0][6][10]$a$731 [2] $memory$auto$proc_rom.cc:150:do_switch$505$rdmux[0][6][10]$a$731 [0] }
      New connections: { $memory$auto$proc_rom.cc:150:do_switch$505$rdmux[0][6][10]$a$731 [15:3] $memory$auto$proc_rom.cc:150:do_switch$505$rdmux[0][6][10]$a$731 [1] } = { 5'00010 $memory$auto$proc_rom.cc:150:do_switch$505$rdmux[0][6][10]$a$731 [0] $memory$auto$proc_rom.cc:150:do_switch$505$rdmux[0][6][10]$a$731 [2] 1'1 $memory$auto$proc_rom.cc:150:do_switch$505$rdmux[0][6][10]$a$731 [2] 1'0 $memory$auto$proc_rom.cc:150:do_switch$505$rdmux[0][6][10]$a$731 [2] $memory$auto$proc_rom.cc:150:do_switch$505$rdmux[0][6][10]$a$731 [2] $memory$auto$proc_rom.cc:150:do_switch$505$rdmux[0][6][10]$a$731 [2] 1'1 }
    Consolidated identical input bits for $mux cell $memory$auto$proc_rom.cc:150:do_switch$505$rdmux[0][7][19]$949:
      Old ports: A=16'0001011111010000, B=16'0001011001011110, Y=$memory$auto$proc_rom.cc:150:do_switch$505$rdmux[0][6][9]$b$729
      New ports: A=2'10, B=2'01, Y={ $memory$auto$proc_rom.cc:150:do_switch$505$rdmux[0][6][9]$b$729 [7] $memory$auto$proc_rom.cc:150:do_switch$505$rdmux[0][6][9]$b$729 [1] }
      New connections: { $memory$auto$proc_rom.cc:150:do_switch$505$rdmux[0][6][9]$b$729 [15:8] $memory$auto$proc_rom.cc:150:do_switch$505$rdmux[0][6][9]$b$729 [6:2] $memory$auto$proc_rom.cc:150:do_switch$505$rdmux[0][6][9]$b$729 [0] } = { 7'0001011 $memory$auto$proc_rom.cc:150:do_switch$505$rdmux[0][6][9]$b$729 [7] 3'101 $memory$auto$proc_rom.cc:150:do_switch$505$rdmux[0][6][9]$b$729 [1] $memory$auto$proc_rom.cc:150:do_switch$505$rdmux[0][6][9]$b$729 [1] 1'0 }
    Consolidated identical input bits for $mux cell $memory$auto$proc_rom.cc:150:do_switch$505$rdmux[0][7][18]$946:
      Old ports: A=16'0001101011111011, B=16'0001100101011001, Y=$memory$auto$proc_rom.cc:150:do_switch$505$rdmux[0][6][9]$a$728
      New ports: A=2'01, B=2'10, Y={ $memory$auto$proc_rom.cc:150:do_switch$505$rdmux[0][6][9]$a$728 [8] $memory$auto$proc_rom.cc:150:do_switch$505$rdmux[0][6][9]$a$728 [1] }
      New connections: { $memory$auto$proc_rom.cc:150:do_switch$505$rdmux[0][6][9]$a$728 [15:9] $memory$auto$proc_rom.cc:150:do_switch$505$rdmux[0][6][9]$a$728 [7:2] $memory$auto$proc_rom.cc:150:do_switch$505$rdmux[0][6][9]$a$728 [0] } = { 6'000110 $memory$auto$proc_rom.cc:150:do_switch$505$rdmux[0][6][9]$a$728 [1] $memory$auto$proc_rom.cc:150:do_switch$505$rdmux[0][6][9]$a$728 [1] 1'1 $memory$auto$proc_rom.cc:150:do_switch$505$rdmux[0][6][9]$a$728 [1] 4'1101 }
    Consolidated identical input bits for $mux cell $memory$auto$proc_rom.cc:150:do_switch$505$rdmux[0][7][17]$943:
      Old ports: A=16'0001111010010011, B=16'0001110010111001, Y=$memory$auto$proc_rom.cc:150:do_switch$505$rdmux[0][6][8]$b$726
      New ports: A=2'01, B=2'10, Y={ $memory$auto$proc_rom.cc:150:do_switch$505$rdmux[0][6][8]$b$726 [3] $memory$auto$proc_rom.cc:150:do_switch$505$rdmux[0][6][8]$b$726 [1] }
      New connections: { $memory$auto$proc_rom.cc:150:do_switch$505$rdmux[0][6][8]$b$726 [15:4] $memory$auto$proc_rom.cc:150:do_switch$505$rdmux[0][6][8]$b$726 [2] $memory$auto$proc_rom.cc:150:do_switch$505$rdmux[0][6][8]$b$726 [0] } = { 6'000111 $memory$auto$proc_rom.cc:150:do_switch$505$rdmux[0][6][8]$b$726 [1] 3'010 $memory$auto$proc_rom.cc:150:do_switch$505$rdmux[0][6][8]$b$726 [3] 3'101 }
    Consolidated identical input bits for $mux cell $memory$auto$proc_rom.cc:150:do_switch$505$rdmux[0][7][16]$940:
      Old ports: A=16'0010001010100101, B=16'0010000010001100, Y=$memory$auto$proc_rom.cc:150:do_switch$505$rdmux[0][6][8]$a$725
      New ports: A=2'01, B=2'10, Y={ $memory$auto$proc_rom.cc:150:do_switch$505$rdmux[0][6][8]$a$725 [3] $memory$auto$proc_rom.cc:150:do_switch$505$rdmux[0][6][8]$a$725 [0] }
      New connections: { $memory$auto$proc_rom.cc:150:do_switch$505$rdmux[0][6][8]$a$725 [15:4] $memory$auto$proc_rom.cc:150:do_switch$505$rdmux[0][6][8]$a$725 [2:1] } = { 6'001000 $memory$auto$proc_rom.cc:150:do_switch$505$rdmux[0][6][8]$a$725 [0] 3'010 $memory$auto$proc_rom.cc:150:do_switch$505$rdmux[0][6][8]$a$725 [0] 3'010 }
    Consolidated identical input bits for $mux cell $memory$auto$proc_rom.cc:150:do_switch$505$rdmux[0][7][15]$937:
      Old ports: A=16'0010011101000010, B=16'0010010011100001, Y=$memory$auto$proc_rom.cc:150:do_switch$505$rdmux[0][6][7]$b$723
      New ports: A=2'10, B=2'01, Y=$memory$auto$proc_rom.cc:150:do_switch$505$rdmux[0][6][7]$b$723 [1:0]
      New connections: $memory$auto$proc_rom.cc:150:do_switch$505$rdmux[0][6][7]$b$723 [15:2] = { 6'001001 $memory$auto$proc_rom.cc:150:do_switch$505$rdmux[0][6][7]$b$723 [1] $memory$auto$proc_rom.cc:150:do_switch$505$rdmux[0][6][7]$b$723 [1:0] 1'1 $memory$auto$proc_rom.cc:150:do_switch$505$rdmux[0][6][7]$b$723 [0] 3'000 }
    Consolidated identical input bits for $mux cell $memory$auto$proc_rom.cc:150:do_switch$505$rdmux[0][7][14]$934:
      Old ports: A=16'0010110001111100, B=16'0010100111001010, Y=$memory$auto$proc_rom.cc:150:do_switch$505$rdmux[0][6][7]$a$722
      New ports: A=2'10, B=2'01, Y=$memory$auto$proc_rom.cc:150:do_switch$505$rdmux[0][6][7]$a$722 [2:1]
      New connections: { $memory$auto$proc_rom.cc:150:do_switch$505$rdmux[0][6][7]$a$722 [15:3] $memory$auto$proc_rom.cc:150:do_switch$505$rdmux[0][6][7]$a$722 [0] } = { 5'00101 $memory$auto$proc_rom.cc:150:do_switch$505$rdmux[0][6][7]$a$722 [2] 1'0 $memory$auto$proc_rom.cc:150:do_switch$505$rdmux[0][6][7]$a$722 [1] $memory$auto$proc_rom.cc:150:do_switch$505$rdmux[0][6][7]$a$722 [1] 1'1 $memory$auto$proc_rom.cc:150:do_switch$505$rdmux[0][6][7]$a$722 [2] $memory$auto$proc_rom.cc:150:do_switch$505$rdmux[0][6][7]$a$722 [2] 2'10 }
    Consolidated identical input bits for $mux cell $memory$auto$proc_rom.cc:150:do_switch$505$rdmux[0][7][13]$931:
      Old ports: A=16'0011001001101001, B=16'0010111101011011, Y=$memory$auto$proc_rom.cc:150:do_switch$505$rdmux[0][6][6]$b$720
      New ports: A=2'10, B=2'01, Y={ $memory$auto$proc_rom.cc:150:do_switch$505$rdmux[0][6][6]$b$720 [5] $memory$auto$proc_rom.cc:150:do_switch$505$rdmux[0][6][6]$b$720 [1] }
      New connections: { $memory$auto$proc_rom.cc:150:do_switch$505$rdmux[0][6][6]$b$720 [15:6] $memory$auto$proc_rom.cc:150:do_switch$505$rdmux[0][6][6]$b$720 [4:2] $memory$auto$proc_rom.cc:150:do_switch$505$rdmux[0][6][6]$b$720 [0] } = { 3'001 $memory$auto$proc_rom.cc:150:do_switch$505$rdmux[0][6][6]$b$720 [5] $memory$auto$proc_rom.cc:150:do_switch$505$rdmux[0][6][6]$b$720 [1] $memory$auto$proc_rom.cc:150:do_switch$505$rdmux[0][6][6]$b$720 [1] 1'1 $memory$auto$proc_rom.cc:150:do_switch$505$rdmux[0][6][6]$b$720 [1] 2'01 $memory$auto$proc_rom.cc:150:do_switch$505$rdmux[0][6][6]$b$720 [1] 3'101 }
    Consolidated identical input bits for $mux cell $memory$auto$proc_rom.cc:150:do_switch$505$rdmux[0][7][12]$928:
      Old ports: A=16'0011100100011111, B=16'0011010110101001, Y=$memory$auto$proc_rom.cc:150:do_switch$505$rdmux[0][6][6]$a$719
      New ports: A=2'01, B=2'10, Y={ $memory$auto$proc_rom.cc:150:do_switch$505$rdmux[0][6][6]$a$719 [5] $memory$auto$proc_rom.cc:150:do_switch$505$rdmux[0][6][6]$a$719 [1] }
      New connections: { $memory$auto$proc_rom.cc:150:do_switch$505$rdmux[0][6][6]$a$719 [15:6] $memory$auto$proc_rom.cc:150:do_switch$505$rdmux[0][6][6]$a$719 [4:2] $memory$auto$proc_rom.cc:150:do_switch$505$rdmux[0][6][6]$a$719 [0] } = { 4'0011 $memory$auto$proc_rom.cc:150:do_switch$505$rdmux[0][6][6]$a$719 [1] $memory$auto$proc_rom.cc:150:do_switch$505$rdmux[0][6][6]$a$719 [5] 2'01 $memory$auto$proc_rom.cc:150:do_switch$505$rdmux[0][6][6]$a$719 [5] 1'0 $memory$auto$proc_rom.cc:150:do_switch$505$rdmux[0][6][6]$a$719 [1] 1'1 $memory$auto$proc_rom.cc:150:do_switch$505$rdmux[0][6][6]$a$719 [1] 1'1 }
    Consolidated identical input bits for $mux cell $memory$auto$proc_rom.cc:150:do_switch$505$rdmux[0][7][11]$925:
      Old ports: A=16'0100000010111010, B=16'0011110011001110, Y=$memory$auto$proc_rom.cc:150:do_switch$505$rdmux[0][6][5]$b$717
      New ports: A=2'10, B=2'01, Y={ $memory$auto$proc_rom.cc:150:do_switch$505$rdmux[0][6][5]$b$717 [4] $memory$auto$proc_rom.cc:150:do_switch$505$rdmux[0][6][5]$b$717 [2] }
      New connections: { $memory$auto$proc_rom.cc:150:do_switch$505$rdmux[0][6][5]$b$717 [15:5] $memory$auto$proc_rom.cc:150:do_switch$505$rdmux[0][6][5]$b$717 [3] $memory$auto$proc_rom.cc:150:do_switch$505$rdmux[0][6][5]$b$717 [1:0] } = { 1'0 $memory$auto$proc_rom.cc:150:do_switch$505$rdmux[0][6][5]$b$717 [4] $memory$auto$proc_rom.cc:150:do_switch$505$rdmux[0][6][5]$b$717 [2] $memory$auto$proc_rom.cc:150:do_switch$505$rdmux[0][6][5]$b$717 [2] $memory$auto$proc_rom.cc:150:do_switch$505$rdmux[0][6][5]$b$717 [2] $memory$auto$proc_rom.cc:150:do_switch$505$rdmux[0][6][5]$b$717 [2] 3'001 $memory$auto$proc_rom.cc:150:do_switch$505$rdmux[0][6][5]$b$717 [2] $memory$auto$proc_rom.cc:150:do_switch$505$rdmux[0][6][5]$b$717 [4] 3'110 }
    Consolidated identical input bits for $mux cell $memory$auto$proc_rom.cc:150:do_switch$505$rdmux[0][7][10]$922:
      Old ports: A=16'0100100101011000, B=16'0100010011100111, Y=$memory$auto$proc_rom.cc:150:do_switch$505$rdmux[0][6][5]$a$716
      New ports: A=2'10, B=2'01, Y={ $memory$auto$proc_rom.cc:150:do_switch$505$rdmux[0][6][5]$a$716 [3] $memory$auto$proc_rom.cc:150:do_switch$505$rdmux[0][6][5]$a$716 [0] }
      New connections: { $memory$auto$proc_rom.cc:150:do_switch$505$rdmux[0][6][5]$a$716 [15:4] $memory$auto$proc_rom.cc:150:do_switch$505$rdmux[0][6][5]$a$716 [2:1] } = { 4'0100 $memory$auto$proc_rom.cc:150:do_switch$505$rdmux[0][6][5]$a$716 [3] $memory$auto$proc_rom.cc:150:do_switch$505$rdmux[0][6][5]$a$716 [0] 1'0 $memory$auto$proc_rom.cc:150:do_switch$505$rdmux[0][6][5]$a$716 [3] $memory$auto$proc_rom.cc:150:do_switch$505$rdmux[0][6][5]$a$716 [0] 1'1 $memory$auto$proc_rom.cc:150:do_switch$505$rdmux[0][6][5]$a$716 [0] $memory$auto$proc_rom.cc:150:do_switch$505$rdmux[0][6][5]$a$716 [3] $memory$auto$proc_rom.cc:150:do_switch$505$rdmux[0][6][5]$a$716 [0] $memory$auto$proc_rom.cc:150:do_switch$505$rdmux[0][6][5]$a$716 [0] }
    Consolidated identical input bits for $mux cell $memory$auto$proc_rom.cc:150:do_switch$505$rdmux[0][7][9]$919:
      Old ports: A=16'0101001100011100, B=16'0100111000010011, Y=$memory$auto$proc_rom.cc:150:do_switch$505$rdmux[0][6][4]$b$714
      New ports: A=2'10, B=2'01, Y={ $memory$auto$proc_rom.cc:150:do_switch$505$rdmux[0][6][4]$b$714 [2] $memory$auto$proc_rom.cc:150:do_switch$505$rdmux[0][6][4]$b$714 [0] }
      New connections: { $memory$auto$proc_rom.cc:150:do_switch$505$rdmux[0][6][4]$b$714 [15:3] $memory$auto$proc_rom.cc:150:do_switch$505$rdmux[0][6][4]$b$714 [1] } = { 3'010 $memory$auto$proc_rom.cc:150:do_switch$505$rdmux[0][6][4]$b$714 [2] $memory$auto$proc_rom.cc:150:do_switch$505$rdmux[0][6][4]$b$714 [0] $memory$auto$proc_rom.cc:150:do_switch$505$rdmux[0][6][4]$b$714 [0] 1'1 $memory$auto$proc_rom.cc:150:do_switch$505$rdmux[0][6][4]$b$714 [2] 4'0001 $memory$auto$proc_rom.cc:150:do_switch$505$rdmux[0][6][4]$b$714 [2] $memory$auto$proc_rom.cc:150:do_switch$505$rdmux[0][6][4]$b$714 [0] }
    Consolidated identical input bits for $mux cell $memory$auto$proc_rom.cc:150:do_switch$505$rdmux[0][7][8]$916:
      Old ports: A=16'0101111000101101, B=16'0101100001111000, Y=$memory$auto$proc_rom.cc:150:do_switch$505$rdmux[0][6][4]$a$713
      New ports: A=2'01, B=2'10, Y={ $memory$auto$proc_rom.cc:150:do_switch$505$rdmux[0][6][4]$a$713 [4] $memory$auto$proc_rom.cc:150:do_switch$505$rdmux[0][6][4]$a$713 [0] }
      New connections: { $memory$auto$proc_rom.cc:150:do_switch$505$rdmux[0][6][4]$a$713 [15:5] $memory$auto$proc_rom.cc:150:do_switch$505$rdmux[0][6][4]$a$713 [3:1] } = { 5'01011 $memory$auto$proc_rom.cc:150:do_switch$505$rdmux[0][6][4]$a$713 [0] $memory$auto$proc_rom.cc:150:do_switch$505$rdmux[0][6][4]$a$713 [0] 2'00 $memory$auto$proc_rom.cc:150:do_switch$505$rdmux[0][6][4]$a$713 [4] 2'11 $memory$auto$proc_rom.cc:150:do_switch$505$rdmux[0][6][4]$a$713 [0] 1'0 }
    Consolidated identical input bits for $mux cell $memory$auto$proc_rom.cc:150:do_switch$505$rdmux[0][7][7]$913:
      Old ports: A=16'0110101010110111, B=16'0110010001000000, Y=$memory$auto$proc_rom.cc:150:do_switch$505$rdmux[0][6][3]$b$711
      New ports: A=2'01, B=2'10, Y={ $memory$auto$proc_rom.cc:150:do_switch$505$rdmux[0][6][3]$b$711 [6] $memory$auto$proc_rom.cc:150:do_switch$505$rdmux[0][6][3]$b$711 [0] }
      New connections: { $memory$auto$proc_rom.cc:150:do_switch$505$rdmux[0][6][3]$b$711 [15:7] $memory$auto$proc_rom.cc:150:do_switch$505$rdmux[0][6][3]$b$711 [5:1] } = { 4'0110 $memory$auto$proc_rom.cc:150:do_switch$505$rdmux[0][6][3]$b$711 [0] $memory$auto$proc_rom.cc:150:do_switch$505$rdmux[0][6][3]$b$711 [6] $memory$auto$proc_rom.cc:150:do_switch$505$rdmux[0][6][3]$b$711 [0] 1'0 $memory$auto$proc_rom.cc:150:do_switch$505$rdmux[0][6][3]$b$711 [0] $memory$auto$proc_rom.cc:150:do_switch$505$rdmux[0][6][3]$b$711 [0] $memory$auto$proc_rom.cc:150:do_switch$505$rdmux[0][6][3]$b$711 [0] 1'0 $memory$auto$proc_rom.cc:150:do_switch$505$rdmux[0][6][3]$b$711 [0] $memory$auto$proc_rom.cc:150:do_switch$505$rdmux[0][6][3]$b$711 [0] }
    Consolidated identical input bits for $mux cell $memory$auto$proc_rom.cc:150:do_switch$505$rdmux[0][7][6]$910:
      Old ports: A=16'0111100011101101, B=16'0111000110011001, Y=$memory$auto$proc_rom.cc:150:do_switch$505$rdmux[0][6][3]$a$710
      New ports: A=2'01, B=2'10, Y={ $memory$auto$proc_rom.cc:150:do_switch$505$rdmux[0][6][3]$a$710 [4] $memory$auto$proc_rom.cc:150:do_switch$505$rdmux[0][6][3]$a$710 [2] }
      New connections: { $memory$auto$proc_rom.cc:150:do_switch$505$rdmux[0][6][3]$a$710 [15:5] $memory$auto$proc_rom.cc:150:do_switch$505$rdmux[0][6][3]$a$710 [3] $memory$auto$proc_rom.cc:150:do_switch$505$rdmux[0][6][3]$a$710 [1:0] } = { 4'0111 $memory$auto$proc_rom.cc:150:do_switch$505$rdmux[0][6][3]$a$710 [2] 2'00 $memory$auto$proc_rom.cc:150:do_switch$505$rdmux[0][6][3]$a$710 [4] 1'1 $memory$auto$proc_rom.cc:150:do_switch$505$rdmux[0][6][3]$a$710 [2] $memory$auto$proc_rom.cc:150:do_switch$505$rdmux[0][6][3]$a$710 [2] 3'101 }
    Consolidated identical input bits for $mux cell $memory$auto$proc_rom.cc:150:do_switch$505$rdmux[0][7][5]$907:
      Old ports: A=16'1000100100000110, B=16'1000000010111001, Y=$memory$auto$proc_rom.cc:150:do_switch$505$rdmux[0][6][2]$b$708
      New ports: A=2'10, B=2'01, Y=$memory$auto$proc_rom.cc:150:do_switch$505$rdmux[0][6][2]$b$708 [1:0]
      New connections: $memory$auto$proc_rom.cc:150:do_switch$505$rdmux[0][6][2]$b$708 [15:2] = { 4'1000 $memory$auto$proc_rom.cc:150:do_switch$505$rdmux[0][6][2]$b$708 [1] 2'00 $memory$auto$proc_rom.cc:150:do_switch$505$rdmux[0][6][2]$b$708 [1:0] 1'0 $memory$auto$proc_rom.cc:150:do_switch$505$rdmux[0][6][2]$b$708 [0] $memory$auto$proc_rom.cc:150:do_switch$505$rdmux[0][6][2]$b$708 [0] $memory$auto$proc_rom.cc:150:do_switch$505$rdmux[0][6][2]$b$708 [0] $memory$auto$proc_rom.cc:150:do_switch$505$rdmux[0][6][2]$b$708 [1] }
    Consolidated identical input bits for $mux cell $memory$auto$proc_rom.cc:150:do_switch$505$rdmux[0][7][4]$904:
      Old ports: A=16'1001101101000101, B=16'1001000111011101, Y=$memory$auto$proc_rom.cc:150:do_switch$505$rdmux[0][6][2]$a$707
      New ports: A=2'10, B=2'01, Y={ $memory$auto$proc_rom.cc:150:do_switch$505$rdmux[0][6][2]$a$707 [9] $memory$auto$proc_rom.cc:150:do_switch$505$rdmux[0][6][2]$a$707 [3] }
      New connections: { $memory$auto$proc_rom.cc:150:do_switch$505$rdmux[0][6][2]$a$707 [15:10] $memory$auto$proc_rom.cc:150:do_switch$505$rdmux[0][6][2]$a$707 [8:4] $memory$auto$proc_rom.cc:150:do_switch$505$rdmux[0][6][2]$a$707 [2:0] } = { 4'1001 $memory$auto$proc_rom.cc:150:do_switch$505$rdmux[0][6][2]$a$707 [9] 2'01 $memory$auto$proc_rom.cc:150:do_switch$505$rdmux[0][6][2]$a$707 [3] 2'10 $memory$auto$proc_rom.cc:150:do_switch$505$rdmux[0][6][2]$a$707 [3] 3'101 }
    Consolidated identical input bits for $mux cell $memory$auto$proc_rom.cc:150:do_switch$505$rdmux[0][7][3]$901:
      Old ports: A=16'1010111111110010, B=16'1010010101001001, Y=$memory$auto$proc_rom.cc:150:do_switch$505$rdmux[0][6][1]$b$705
      New ports: A=2'10, B=2'01, Y=$memory$auto$proc_rom.cc:150:do_switch$505$rdmux[0][6][1]$b$705 [1:0]
      New connections: $memory$auto$proc_rom.cc:150:do_switch$505$rdmux[0][6][1]$b$705 [15:2] = { 4'1010 $memory$auto$proc_rom.cc:150:do_switch$505$rdmux[0][6][1]$b$705 [1] 1'1 $memory$auto$proc_rom.cc:150:do_switch$505$rdmux[0][6][1]$b$705 [1] 1'1 $memory$auto$proc_rom.cc:150:do_switch$505$rdmux[0][6][1]$b$705 [1] 1'1 $memory$auto$proc_rom.cc:150:do_switch$505$rdmux[0][6][1]$b$705 [1] $memory$auto$proc_rom.cc:150:do_switch$505$rdmux[0][6][1]$b$705 [1:0] 1'0 }
    Consolidated identical input bits for $mux cell $memory$auto$proc_rom.cc:150:do_switch$505$rdmux[0][7][2]$898:
      Old ports: A=16'1100011101011111, B=16'1011101101001010, Y=$memory$auto$proc_rom.cc:150:do_switch$505$rdmux[0][6][1]$a$704
      New ports: A=2'01, B=2'10, Y={ $memory$auto$proc_rom.cc:150:do_switch$505$rdmux[0][6][1]$a$704 [11] $memory$auto$proc_rom.cc:150:do_switch$505$rdmux[0][6][1]$a$704 [0] }
      New connections: { $memory$auto$proc_rom.cc:150:do_switch$505$rdmux[0][6][1]$a$704 [15:12] $memory$auto$proc_rom.cc:150:do_switch$505$rdmux[0][6][1]$a$704 [10:1] } = { 1'1 $memory$auto$proc_rom.cc:150:do_switch$505$rdmux[0][6][1]$a$704 [0] $memory$auto$proc_rom.cc:150:do_switch$505$rdmux[0][6][1]$a$704 [11] $memory$auto$proc_rom.cc:150:do_switch$505$rdmux[0][6][1]$a$704 [11] $memory$auto$proc_rom.cc:150:do_switch$505$rdmux[0][6][1]$a$704 [0] 5'11010 $memory$auto$proc_rom.cc:150:do_switch$505$rdmux[0][6][1]$a$704 [0] 1'1 $memory$auto$proc_rom.cc:150:do_switch$505$rdmux[0][6][1]$a$704 [0] 1'1 }
    Consolidated identical input bits for $mux cell $memory$auto$proc_rom.cc:150:do_switch$505$rdmux[0][7][1]$895:
      Old ports: A=16'1110000111101010, B=16'1101010000111010, Y=$memory$auto$proc_rom.cc:150:do_switch$505$rdmux[0][6][0]$b$702
      New ports: A=2'10, B=2'01, Y={ $memory$auto$proc_rom.cc:150:do_switch$505$rdmux[0][6][0]$b$702 [6] $memory$auto$proc_rom.cc:150:do_switch$505$rdmux[0][6][0]$b$702 [4] }
      New connections: { $memory$auto$proc_rom.cc:150:do_switch$505$rdmux[0][6][0]$b$702 [15:7] $memory$auto$proc_rom.cc:150:do_switch$505$rdmux[0][6][0]$b$702 [5] $memory$auto$proc_rom.cc:150:do_switch$505$rdmux[0][6][0]$b$702 [3:0] } = { 2'11 $memory$auto$proc_rom.cc:150:do_switch$505$rdmux[0][6][0]$b$702 [6] $memory$auto$proc_rom.cc:150:do_switch$505$rdmux[0][6][0]$b$702 [4] 1'0 $memory$auto$proc_rom.cc:150:do_switch$505$rdmux[0][6][0]$b$702 [4] 1'0 $memory$auto$proc_rom.cc:150:do_switch$505$rdmux[0][6][0]$b$702 [6] $memory$auto$proc_rom.cc:150:do_switch$505$rdmux[0][6][0]$b$702 [6] 5'11010 }
    Consolidated identical input bits for $mux cell $memory$auto$proc_rom.cc:150:do_switch$505$rdmux[0][7][0]$892:
      Old ports: A=16'1111111111111111, B=16'1111000001111100, Y=$memory$auto$proc_rom.cc:150:do_switch$505$rdmux[0][6][0]$a$701
      New ports: A=1'1, B=1'0, Y=$memory$auto$proc_rom.cc:150:do_switch$505$rdmux[0][6][0]$a$701 [0]
      New connections: $memory$auto$proc_rom.cc:150:do_switch$505$rdmux[0][6][0]$a$701 [15:1] = { 4'1111 $memory$auto$proc_rom.cc:150:do_switch$505$rdmux[0][6][0]$a$701 [0] $memory$auto$proc_rom.cc:150:do_switch$505$rdmux[0][6][0]$a$701 [0] $memory$auto$proc_rom.cc:150:do_switch$505$rdmux[0][6][0]$a$701 [0] $memory$auto$proc_rom.cc:150:do_switch$505$rdmux[0][6][0]$a$701 [0] $memory$auto$proc_rom.cc:150:do_switch$505$rdmux[0][6][0]$a$701 [0] 5'11111 $memory$auto$proc_rom.cc:150:do_switch$505$rdmux[0][6][0]$a$701 [0] }
    Consolidated identical input bits for $mux cell $memory$auto$proc_rom.cc:150:do_switch$505$rdmux[0][7][75]$1117:
      Old ports: A=16'0000000000000110, B=16'0000000000000101, Y=$memory$auto$proc_rom.cc:150:do_switch$505$rdmux[0][6][37]$b$813
      New ports: A=2'10, B=2'01, Y=$memory$auto$proc_rom.cc:150:do_switch$505$rdmux[0][6][37]$b$813 [1:0]
      New connections: $memory$auto$proc_rom.cc:150:do_switch$505$rdmux[0][6][37]$b$813 [15:2] = 14'00000000000001
    Consolidated identical input bits for $mux cell $memory$auto$proc_rom.cc:150:do_switch$505$rdmux[0][7][94]$1174:
      Old ports: A=16'0000000000000001, B=16'0000000000000000, Y=$memory$auto$proc_rom.cc:150:do_switch$505$rdmux[0][6][47]$a$842
      New ports: A=1'1, B=1'0, Y=$memory$auto$proc_rom.cc:150:do_switch$505$rdmux[0][6][47]$a$842 [0]
      New connections: $memory$auto$proc_rom.cc:150:do_switch$505$rdmux[0][6][47]$a$842 [15:1] = 15'000000000000000
    Consolidated identical input bits for $mux cell $memory$auto$proc_rom.cc:150:do_switch$505$rdmux[0][7][58]$1066:
      Old ports: A=16'0000000000101111, B=16'0000000000101100, Y=$memory$auto$proc_rom.cc:150:do_switch$505$rdmux[0][6][29]$a$788
      New ports: A=1'1, B=1'0, Y=$memory$auto$proc_rom.cc:150:do_switch$505$rdmux[0][6][29]$a$788 [0]
      New connections: $memory$auto$proc_rom.cc:150:do_switch$505$rdmux[0][6][29]$a$788 [15:1] = { 14'00000000001011 $memory$auto$proc_rom.cc:150:do_switch$505$rdmux[0][6][29]$a$788 [0] }
    Consolidated identical input bits for $mux cell $memory$auto$proc_rom.cc:150:do_switch$505$rdmux[0][7][85]$1147:
      Old ports: A=16'0000000000000010, B=16'0000000000000001, Y=$memory$auto$proc_rom.cc:150:do_switch$505$rdmux[0][6][42]$b$828
      New ports: A=2'10, B=2'01, Y=$memory$auto$proc_rom.cc:150:do_switch$505$rdmux[0][6][42]$b$828 [1:0]
      New connections: $memory$auto$proc_rom.cc:150:do_switch$505$rdmux[0][6][42]$b$828 [15:2] = 14'00000000000000
    Consolidated identical input bits for $mux cell $memory$auto$proc_rom.cc:150:do_switch$505$rdmux[0][7][56]$1060:
      Old ports: A=16'0000000000111100, B=16'0000000000111000, Y=$memory$auto$proc_rom.cc:150:do_switch$505$rdmux[0][6][28]$a$785
      New ports: A=1'1, B=1'0, Y=$memory$auto$proc_rom.cc:150:do_switch$505$rdmux[0][6][28]$a$785 [2]
      New connections: { $memory$auto$proc_rom.cc:150:do_switch$505$rdmux[0][6][28]$a$785 [15:3] $memory$auto$proc_rom.cc:150:do_switch$505$rdmux[0][6][28]$a$785 [1:0] } = 15'000000000011100
    Consolidated identical input bits for $mux cell $memory$auto$proc_rom.cc:150:do_switch$505$rdmux[0][7][65]$1087:
      Old ports: A=16'0000000000010011, B=16'0000000000010010, Y=$memory$auto$proc_rom.cc:150:do_switch$505$rdmux[0][6][32]$b$798
      New ports: A=1'1, B=1'0, Y=$memory$auto$proc_rom.cc:150:do_switch$505$rdmux[0][6][32]$b$798 [0]
      New connections: $memory$auto$proc_rom.cc:150:do_switch$505$rdmux[0][6][32]$b$798 [15:1] = 15'000000000001001
    Consolidated identical input bits for $mux cell $memory$auto$proc_rom.cc:150:do_switch$505$rdmux[0][7][50]$1042:
      Old ports: A=16'0000000001111111, B=16'0000000001110111, Y=$memory$auto$proc_rom.cc:150:do_switch$505$rdmux[0][6][25]$a$776
      New ports: A=1'1, B=1'0, Y=$memory$auto$proc_rom.cc:150:do_switch$505$rdmux[0][6][25]$a$776 [3]
      New connections: { $memory$auto$proc_rom.cc:150:do_switch$505$rdmux[0][6][25]$a$776 [15:4] $memory$auto$proc_rom.cc:150:do_switch$505$rdmux[0][6][25]$a$776 [2:0] } = 15'000000000111111
    Consolidated identical input bits for $mux cell $memory$auto$proc_rom.cc:150:do_switch$505$rdmux[0][7][44]$1024:
      Old ports: A=16'0000000100001100, B=16'0000000011111100, Y=$memory$auto$proc_rom.cc:150:do_switch$505$rdmux[0][6][22]$a$767
      New ports: A=2'10, B=2'01, Y={ $memory$auto$proc_rom.cc:150:do_switch$505$rdmux[0][6][22]$a$767 [8] $memory$auto$proc_rom.cc:150:do_switch$505$rdmux[0][6][22]$a$767 [4] }
      New connections: { $memory$auto$proc_rom.cc:150:do_switch$505$rdmux[0][6][22]$a$767 [15:9] $memory$auto$proc_rom.cc:150:do_switch$505$rdmux[0][6][22]$a$767 [7:5] $memory$auto$proc_rom.cc:150:do_switch$505$rdmux[0][6][22]$a$767 [3:0] } = { 7'0000000 $memory$auto$proc_rom.cc:150:do_switch$505$rdmux[0][6][22]$a$767 [4] $memory$auto$proc_rom.cc:150:do_switch$505$rdmux[0][6][22]$a$767 [4] $memory$auto$proc_rom.cc:150:do_switch$505$rdmux[0][6][22]$a$767 [4] 4'1100 }
    Consolidated identical input bits for $mux cell $memory$auto$proc_rom.cc:150:do_switch$505$rdmux[0][7][61]$1075:
      Old ports: A=16'0000000000100000, B=16'0000000000011110, Y=$memory$auto$proc_rom.cc:150:do_switch$505$rdmux[0][6][30]$b$792
      New ports: A=2'10, B=2'01, Y={ $memory$auto$proc_rom.cc:150:do_switch$505$rdmux[0][6][30]$b$792 [5] $memory$auto$proc_rom.cc:150:do_switch$505$rdmux[0][6][30]$b$792 [1] }
      New connections: { $memory$auto$proc_rom.cc:150:do_switch$505$rdmux[0][6][30]$b$792 [15:6] $memory$auto$proc_rom.cc:150:do_switch$505$rdmux[0][6][30]$b$792 [4:2] $memory$auto$proc_rom.cc:150:do_switch$505$rdmux[0][6][30]$b$792 [0] } = { 10'0000000000 $memory$auto$proc_rom.cc:150:do_switch$505$rdmux[0][6][30]$b$792 [1] $memory$auto$proc_rom.cc:150:do_switch$505$rdmux[0][6][30]$b$792 [1] $memory$auto$proc_rom.cc:150:do_switch$505$rdmux[0][6][30]$b$792 [1] 1'0 }
    Consolidated identical input bits for $mux cell $memory$auto$proc_rom.cc:150:do_switch$505$rdmux[0][7][64]$1084:
      Old ports: A=16'0000000000010110, B=16'0000000000010101, Y=$memory$auto$proc_rom.cc:150:do_switch$505$rdmux[0][6][32]$a$797
      New ports: A=2'10, B=2'01, Y=$memory$auto$proc_rom.cc:150:do_switch$505$rdmux[0][6][32]$a$797 [1:0]
      New connections: $memory$auto$proc_rom.cc:150:do_switch$505$rdmux[0][6][32]$a$797 [15:2] = 14'00000000000101
    Consolidated identical input bits for $mux cell $memory$auto$proc_rom.cc:150:do_switch$505$rdmux[0][7][57]$1063:
      Old ports: A=16'0000000000110101, B=16'0000000000110010, Y=$memory$auto$proc_rom.cc:150:do_switch$505$rdmux[0][6][28]$b$786
      New ports: A=2'01, B=2'10, Y=$memory$auto$proc_rom.cc:150:do_switch$505$rdmux[0][6][28]$b$786 [1:0]
      New connections: $memory$auto$proc_rom.cc:150:do_switch$505$rdmux[0][6][28]$b$786 [15:2] = { 13'0000000000110 $memory$auto$proc_rom.cc:150:do_switch$505$rdmux[0][6][28]$b$786 [0] }
    Consolidated identical input bits for $mux cell $memory$auto$proc_rom.cc:150:do_switch$505$rdmux[0][7][54]$1054:
      Old ports: A=16'0000000001001101, B=16'0000000001001000, Y=$memory$auto$proc_rom.cc:150:do_switch$505$rdmux[0][6][27]$a$782
      New ports: A=1'1, B=1'0, Y=$memory$auto$proc_rom.cc:150:do_switch$505$rdmux[0][6][27]$a$782 [0]
      New connections: $memory$auto$proc_rom.cc:150:do_switch$505$rdmux[0][6][27]$a$782 [15:1] = { 13'0000000001001 $memory$auto$proc_rom.cc:150:do_switch$505$rdmux[0][6][27]$a$782 [0] 1'0 }
    Consolidated identical input bits for $mux cell $memory$auto$proc_rom.cc:150:do_switch$505$rdmux[0][7][49]$1039:
      Old ports: A=16'0000000010001111, B=16'0000000010000111, Y=$memory$auto$proc_rom.cc:150:do_switch$505$rdmux[0][6][24]$b$774
      New ports: A=1'1, B=1'0, Y=$memory$auto$proc_rom.cc:150:do_switch$505$rdmux[0][6][24]$b$774 [3]
      New connections: { $memory$auto$proc_rom.cc:150:do_switch$505$rdmux[0][6][24]$b$774 [15:4] $memory$auto$proc_rom.cc:150:do_switch$505$rdmux[0][6][24]$b$774 [2:0] } = 15'000000001000111
    Consolidated identical input bits for $mux cell $memory$auto$proc_rom.cc:150:do_switch$505$rdmux[0][7][46]$1030:
      Old ports: A=16'0000000011010001, B=16'0000000011000100, Y=$memory$auto$proc_rom.cc:150:do_switch$505$rdmux[0][6][23]$a$770
      New ports: A=2'01, B=2'10, Y={ $memory$auto$proc_rom.cc:150:do_switch$505$rdmux[0][6][23]$a$770 [2] $memory$auto$proc_rom.cc:150:do_switch$505$rdmux[0][6][23]$a$770 [0] }
      New connections: { $memory$auto$proc_rom.cc:150:do_switch$505$rdmux[0][6][23]$a$770 [15:3] $memory$auto$proc_rom.cc:150:do_switch$505$rdmux[0][6][23]$a$770 [1] } = { 11'00000000110 $memory$auto$proc_rom.cc:150:do_switch$505$rdmux[0][6][23]$a$770 [0] 2'00 }
    Consolidated identical input bits for $mux cell $memory$auto$proc_rom.cc:150:do_switch$505$rdmux[0][7][42]$1018:
      Old ports: A=16'0000000101011000, B=16'0000000101000011, Y=$memory$auto$proc_rom.cc:150:do_switch$505$rdmux[0][6][21]$a$764
      New ports: A=2'10, B=2'01, Y={ $memory$auto$proc_rom.cc:150:do_switch$505$rdmux[0][6][21]$a$764 [3] $memory$auto$proc_rom.cc:150:do_switch$505$rdmux[0][6][21]$a$764 [0] }
      New connections: { $memory$auto$proc_rom.cc:150:do_switch$505$rdmux[0][6][21]$a$764 [15:4] $memory$auto$proc_rom.cc:150:do_switch$505$rdmux[0][6][21]$a$764 [2:1] } = { 11'00000001010 $memory$auto$proc_rom.cc:150:do_switch$505$rdmux[0][6][21]$a$764 [3] 1'0 $memory$auto$proc_rom.cc:150:do_switch$505$rdmux[0][6][21]$a$764 [0] }
    Consolidated identical input bits for $mux cell $memory$auto$proc_rom.cc:150:do_switch$505$rdmux[0][7][39]$1009:
      Old ports: A=16'0000000111110100, B=16'0000000111010110, Y=$memory$auto$proc_rom.cc:150:do_switch$505$rdmux[0][6][19]$b$759
      New ports: A=2'10, B=2'01, Y={ $memory$auto$proc_rom.cc:150:do_switch$505$rdmux[0][6][19]$b$759 [5] $memory$auto$proc_rom.cc:150:do_switch$505$rdmux[0][6][19]$b$759 [1] }
      New connections: { $memory$auto$proc_rom.cc:150:do_switch$505$rdmux[0][6][19]$b$759 [15:6] $memory$auto$proc_rom.cc:150:do_switch$505$rdmux[0][6][19]$b$759 [4:2] $memory$auto$proc_rom.cc:150:do_switch$505$rdmux[0][6][19]$b$759 [0] } = 14'00000001111010
    Consolidated identical input bits for $mux cell $memory$auto$proc_rom.cc:150:do_switch$505$rdmux[0][7][40]$1012:
      Old ports: A=16'0000000110111010, B=16'0000000110011111, Y=$memory$auto$proc_rom.cc:150:do_switch$505$rdmux[0][6][20]$a$761
      New ports: A=2'10, B=2'01, Y={ $memory$auto$proc_rom.cc:150:do_switch$505$rdmux[0][6][20]$a$761 [5] $memory$auto$proc_rom.cc:150:do_switch$505$rdmux[0][6][20]$a$761 [0] }
      New connections: { $memory$auto$proc_rom.cc:150:do_switch$505$rdmux[0][6][20]$a$761 [15:6] $memory$auto$proc_rom.cc:150:do_switch$505$rdmux[0][6][20]$a$761 [4:1] } = { 12'000000011011 $memory$auto$proc_rom.cc:150:do_switch$505$rdmux[0][6][20]$a$761 [0] 1'1 }
    Consolidated identical input bits for $mux cell $memory$auto$proc_rom.cc:150:do_switch$505$rdmux[0][7][51]$1045:
      Old ports: A=16'0000000001110000, B=16'0000000001101001, Y=$memory$auto$proc_rom.cc:150:do_switch$505$rdmux[0][6][25]$b$777
      New ports: A=2'10, B=2'01, Y={ $memory$auto$proc_rom.cc:150:do_switch$505$rdmux[0][6][25]$b$777 [4] $memory$auto$proc_rom.cc:150:do_switch$505$rdmux[0][6][25]$b$777 [0] }
      New connections: { $memory$auto$proc_rom.cc:150:do_switch$505$rdmux[0][6][25]$b$777 [15:5] $memory$auto$proc_rom.cc:150:do_switch$505$rdmux[0][6][25]$b$777 [3:1] } = { 11'00000000011 $memory$auto$proc_rom.cc:150:do_switch$505$rdmux[0][6][25]$b$777 [0] 2'00 }
    Consolidated identical input bits for $mux cell $memory$auto$proc_rom.cc:150:do_switch$505$rdmux[0][7][62]$1078:
      Old ports: A=16'0000000000011100, B=16'0000000000011011, Y=$memory$auto$proc_rom.cc:150:do_switch$505$rdmux[0][6][31]$a$794
      New ports: A=2'10, B=2'01, Y={ $memory$auto$proc_rom.cc:150:do_switch$505$rdmux[0][6][31]$a$794 [2] $memory$auto$proc_rom.cc:150:do_switch$505$rdmux[0][6][31]$a$794 [0] }
      New connections: { $memory$auto$proc_rom.cc:150:do_switch$505$rdmux[0][6][31]$a$794 [15:3] $memory$auto$proc_rom.cc:150:do_switch$505$rdmux[0][6][31]$a$794 [1] } = { 13'0000000000011 $memory$auto$proc_rom.cc:150:do_switch$505$rdmux[0][6][31]$a$794 [0] }
    Consolidated identical input bits for $mux cell $memory$auto$proc_rom.cc:150:do_switch$505$rdmux[0][7][48]$1036:
      Old ports: A=16'0000000010100010, B=16'0000000010011001, Y=$memory$auto$proc_rom.cc:150:do_switch$505$rdmux[0][6][24]$a$773
      New ports: A=2'10, B=2'01, Y=$memory$auto$proc_rom.cc:150:do_switch$505$rdmux[0][6][24]$a$773 [1:0]
      New connections: $memory$auto$proc_rom.cc:150:do_switch$505$rdmux[0][6][24]$a$773 [15:2] = { 10'0000000010 $memory$auto$proc_rom.cc:150:do_switch$505$rdmux[0][6][24]$a$773 [1:0] $memory$auto$proc_rom.cc:150:do_switch$505$rdmux[0][6][24]$a$773 [0] 1'0 }
    Consolidated identical input bits for $mux cell $memory$auto$proc_rom.cc:150:do_switch$505$rdmux[0][7][66]$1090:
      Old ports: A=16'0000000000010001, B=16'0000000000010000, Y=$memory$auto$proc_rom.cc:150:do_switch$505$rdmux[0][6][33]$a$800
      New ports: A=1'1, B=1'0, Y=$memory$auto$proc_rom.cc:150:do_switch$505$rdmux[0][6][33]$a$800 [0]
      New connections: $memory$auto$proc_rom.cc:150:do_switch$505$rdmux[0][6][33]$a$800 [15:1] = 15'000000000001000
    Consolidated identical input bits for $mux cell $memory$auto$proc_rom.cc:150:do_switch$505$rdmux[0][6][39]$817:
      Old ports: A=16'0000000000000100, B=16'0000000000000011, Y=$memory$auto$proc_rom.cc:150:do_switch$505$rdmux[0][5][19]$b$663
      New ports: A=2'10, B=2'01, Y={ $memory$auto$proc_rom.cc:150:do_switch$505$rdmux[0][5][19]$b$663 [2] $memory$auto$proc_rom.cc:150:do_switch$505$rdmux[0][5][19]$b$663 [0] }
      New connections: { $memory$auto$proc_rom.cc:150:do_switch$505$rdmux[0][5][19]$b$663 [15:3] $memory$auto$proc_rom.cc:150:do_switch$505$rdmux[0][5][19]$b$663 [1] } = { 13'0000000000000 $memory$auto$proc_rom.cc:150:do_switch$505$rdmux[0][5][19]$b$663 [0] }
    Consolidated identical input bits for $mux cell $memory$auto$proc_rom.cc:150:do_switch$505$rdmux[0][6][38]$814:
      Old ports: A=16'0000000000000101, B=16'0000000000000100, Y=$memory$auto$proc_rom.cc:150:do_switch$505$rdmux[0][5][19]$a$662
      New ports: A=1'1, B=1'0, Y=$memory$auto$proc_rom.cc:150:do_switch$505$rdmux[0][5][19]$a$662 [0]
      New connections: $memory$auto$proc_rom.cc:150:do_switch$505$rdmux[0][5][19]$a$662 [15:1] = 15'000000000000010
    Consolidated identical input bits for $mux cell $memory$auto$proc_rom.cc:150:do_switch$505$rdmux[0][6][36]$808:
      Old ports: A=16'0000000000001000, B=16'0000000000000111, Y=$memory$auto$proc_rom.cc:150:do_switch$505$rdmux[0][5][18]$a$659
      New ports: A=2'10, B=2'01, Y={ $memory$auto$proc_rom.cc:150:do_switch$505$rdmux[0][5][18]$a$659 [3] $memory$auto$proc_rom.cc:150:do_switch$505$rdmux[0][5][18]$a$659 [0] }
      New connections: { $memory$auto$proc_rom.cc:150:do_switch$505$rdmux[0][5][18]$a$659 [15:4] $memory$auto$proc_rom.cc:150:do_switch$505$rdmux[0][5][18]$a$659 [2:1] } = { 12'000000000000 $memory$auto$proc_rom.cc:150:do_switch$505$rdmux[0][5][18]$a$659 [0] $memory$auto$proc_rom.cc:150:do_switch$505$rdmux[0][5][18]$a$659 [0] }
    Consolidated identical input bits for $mux cell $memory$auto$proc_rom.cc:150:do_switch$505$rdmux[0][6][35]$805:
      Old ports: A=16'0000000000001010, B=16'0000000000001001, Y=$memory$auto$proc_rom.cc:150:do_switch$505$rdmux[0][5][17]$b$657
      New ports: A=2'10, B=2'01, Y=$memory$auto$proc_rom.cc:150:do_switch$505$rdmux[0][5][17]$b$657 [1:0]
      New connections: $memory$auto$proc_rom.cc:150:do_switch$505$rdmux[0][5][17]$b$657 [15:2] = 14'00000000000010
    Consolidated identical input bits for $mux cell $memory$auto$proc_rom.cc:150:do_switch$505$rdmux[0][7][59]$1069:
      Old ports: A=16'0000000000101001, B=16'0000000000100111, Y=$memory$auto$proc_rom.cc:150:do_switch$505$rdmux[0][6][29]$b$789
      New ports: A=2'10, B=2'01, Y={ $memory$auto$proc_rom.cc:150:do_switch$505$rdmux[0][6][29]$b$789 [3] $memory$auto$proc_rom.cc:150:do_switch$505$rdmux[0][6][29]$b$789 [1] }
      New connections: { $memory$auto$proc_rom.cc:150:do_switch$505$rdmux[0][6][29]$b$789 [15:4] $memory$auto$proc_rom.cc:150:do_switch$505$rdmux[0][6][29]$b$789 [2] $memory$auto$proc_rom.cc:150:do_switch$505$rdmux[0][6][29]$b$789 [0] } = { 12'000000000010 $memory$auto$proc_rom.cc:150:do_switch$505$rdmux[0][6][29]$b$789 [1] 1'1 }
    Consolidated identical input bits for $mux cell $memory$auto$proc_rom.cc:150:do_switch$505$rdmux[0][7][43]$1021:
      Old ports: A=16'0000000100101111, B=16'0000000100011101, Y=$memory$auto$proc_rom.cc:150:do_switch$505$rdmux[0][6][21]$b$765
      New ports: A=2'01, B=2'10, Y={ $memory$auto$proc_rom.cc:150:do_switch$505$rdmux[0][6][21]$b$765 [4] $memory$auto$proc_rom.cc:150:do_switch$505$rdmux[0][6][21]$b$765 [1] }
      New connections: { $memory$auto$proc_rom.cc:150:do_switch$505$rdmux[0][6][21]$b$765 [15:5] $memory$auto$proc_rom.cc:150:do_switch$505$rdmux[0][6][21]$b$765 [3:2] $memory$auto$proc_rom.cc:150:do_switch$505$rdmux[0][6][21]$b$765 [0] } = { 10'0000000100 $memory$auto$proc_rom.cc:150:do_switch$505$rdmux[0][6][21]$b$765 [1] 3'111 }
    Consolidated identical input bits for $mux cell $memory$auto$proc_rom.cc:150:do_switch$505$rdmux[0][7][55]$1057:
      Old ports: A=16'0000000001000100, B=16'0000000001000000, Y=$memory$auto$proc_rom.cc:150:do_switch$505$rdmux[0][6][27]$b$783
      New ports: A=1'1, B=1'0, Y=$memory$auto$proc_rom.cc:150:do_switch$505$rdmux[0][6][27]$b$783 [2]
      New connections: { $memory$auto$proc_rom.cc:150:do_switch$505$rdmux[0][6][27]$b$783 [15:3] $memory$auto$proc_rom.cc:150:do_switch$505$rdmux[0][6][27]$b$783 [1:0] } = 15'000000000100000
    Consolidated identical input bits for $mux cell $memory$auto$proc_rom.cc:150:do_switch$505$rdmux[0][7][69]$1099:
      Old ports: A=16'0000000000001100, B=16'0000000000001011, Y=$memory$auto$proc_rom.cc:150:do_switch$505$rdmux[0][6][34]$b$804
      New ports: A=2'10, B=2'01, Y={ $memory$auto$proc_rom.cc:150:do_switch$505$rdmux[0][6][34]$b$804 [2] $memory$auto$proc_rom.cc:150:do_switch$505$rdmux[0][6][34]$b$804 [0] }
      New connections: { $memory$auto$proc_rom.cc:150:do_switch$505$rdmux[0][6][34]$b$804 [15:3] $memory$auto$proc_rom.cc:150:do_switch$505$rdmux[0][6][34]$b$804 [1] } = { 13'0000000000001 $memory$auto$proc_rom.cc:150:do_switch$505$rdmux[0][6][34]$b$804 [0] }
    Consolidated identical input bits for $mux cell $memory$auto$proc_rom.cc:150:do_switch$505$rdmux[0][7][60]$1072:
      Old ports: A=16'0000000000100100, B=16'0000000000100010, Y=$memory$auto$proc_rom.cc:150:do_switch$505$rdmux[0][6][30]$a$791
      New ports: A=2'10, B=2'01, Y=$memory$auto$proc_rom.cc:150:do_switch$505$rdmux[0][6][30]$a$791 [2:1]
      New connections: { $memory$auto$proc_rom.cc:150:do_switch$505$rdmux[0][6][30]$a$791 [15:3] $memory$auto$proc_rom.cc:150:do_switch$505$rdmux[0][6][30]$a$791 [0] } = 14'00000000001000
    Consolidated identical input bits for $mux cell $memory$auto$proc_rom.cc:150:do_switch$505$rdmux[0][7][53]$1051:
      Old ports: A=16'0000000001010111, B=16'0000000001010010, Y=$memory$auto$proc_rom.cc:150:do_switch$505$rdmux[0][6][26]$b$780
      New ports: A=1'1, B=1'0, Y=$memory$auto$proc_rom.cc:150:do_switch$505$rdmux[0][6][26]$b$780 [0]
      New connections: $memory$auto$proc_rom.cc:150:do_switch$505$rdmux[0][6][26]$b$780 [15:1] = { 13'0000000001010 $memory$auto$proc_rom.cc:150:do_switch$505$rdmux[0][6][26]$b$780 [0] 1'1 }
    Consolidated identical input bits for $mux cell $memory$auto$proc_rom.cc:150:do_switch$505$rdmux[0][7][45]$1027:
      Old ports: A=16'0000000011101100, B=16'0000000011011110, Y=$memory$auto$proc_rom.cc:150:do_switch$505$rdmux[0][6][22]$b$768
      New ports: A=2'10, B=2'01, Y={ $memory$auto$proc_rom.cc:150:do_switch$505$rdmux[0][6][22]$b$768 [5] $memory$auto$proc_rom.cc:150:do_switch$505$rdmux[0][6][22]$b$768 [1] }
      New connections: { $memory$auto$proc_rom.cc:150:do_switch$505$rdmux[0][6][22]$b$768 [15:6] $memory$auto$proc_rom.cc:150:do_switch$505$rdmux[0][6][22]$b$768 [4:2] $memory$auto$proc_rom.cc:150:do_switch$505$rdmux[0][6][22]$b$768 [0] } = { 10'0000000011 $memory$auto$proc_rom.cc:150:do_switch$505$rdmux[0][6][22]$b$768 [1] 3'110 }
    Consolidated identical input bits for $mux cell $memory$auto$proc_rom.cc:150:do_switch$505$rdmux[0][7][38]$1006:
      Old ports: A=16'0000001000110111, B=16'0000001000010101, Y=$memory$auto$proc_rom.cc:150:do_switch$505$rdmux[0][6][19]$a$758
      New ports: A=1'1, B=1'0, Y=$memory$auto$proc_rom.cc:150:do_switch$505$rdmux[0][6][19]$a$758 [1]
      New connections: { $memory$auto$proc_rom.cc:150:do_switch$505$rdmux[0][6][19]$a$758 [15:2] $memory$auto$proc_rom.cc:150:do_switch$505$rdmux[0][6][19]$a$758 [0] } = { 10'0000001000 $memory$auto$proc_rom.cc:150:do_switch$505$rdmux[0][6][19]$a$758 [1] 4'1011 }
    Consolidated identical input bits for $mux cell $memory$auto$proc_rom.cc:150:do_switch$505$rdmux[0][7][81]$1135:
      Old ports: A=16'0000000000000011, B=16'0000000000000010, Y=$memory$auto$proc_rom.cc:150:do_switch$505$rdmux[0][6][40]$b$822
      New ports: A=1'1, B=1'0, Y=$memory$auto$proc_rom.cc:150:do_switch$505$rdmux[0][6][40]$b$822 [0]
      New connections: $memory$auto$proc_rom.cc:150:do_switch$505$rdmux[0][6][40]$b$822 [15:1] = 15'000000000000001
    Consolidated identical input bits for $mux cell $memory$auto$proc_rom.cc:150:do_switch$505$rdmux[0][7][63]$1081:
      Old ports: A=16'0000000000011001, B=16'0000000000010111, Y=$memory$auto$proc_rom.cc:150:do_switch$505$rdmux[0][6][31]$b$795
      New ports: A=2'10, B=2'01, Y={ $memory$auto$proc_rom.cc:150:do_switch$505$rdmux[0][6][31]$b$795 [3] $memory$auto$proc_rom.cc:150:do_switch$505$rdmux[0][6][31]$b$795 [1] }
      New connections: { $memory$auto$proc_rom.cc:150:do_switch$505$rdmux[0][6][31]$b$795 [15:4] $memory$auto$proc_rom.cc:150:do_switch$505$rdmux[0][6][31]$b$795 [2] $memory$auto$proc_rom.cc:150:do_switch$505$rdmux[0][6][31]$b$795 [0] } = { 12'000000000001 $memory$auto$proc_rom.cc:150:do_switch$505$rdmux[0][6][31]$b$795 [1] 1'1 }
    Consolidated identical input bits for $mux cell $memory$auto$proc_rom.cc:150:do_switch$505$rdmux[0][7][47]$1033:
      Old ports: A=16'0000000010111000, B=16'0000000010101101, Y=$memory$auto$proc_rom.cc:150:do_switch$505$rdmux[0][6][23]$b$771
      New ports: A=2'10, B=2'01, Y={ $memory$auto$proc_rom.cc:150:do_switch$505$rdmux[0][6][23]$b$771 [4] $memory$auto$proc_rom.cc:150:do_switch$505$rdmux[0][6][23]$b$771 [0] }
      New connections: { $memory$auto$proc_rom.cc:150:do_switch$505$rdmux[0][6][23]$b$771 [15:5] $memory$auto$proc_rom.cc:150:do_switch$505$rdmux[0][6][23]$b$771 [3:1] } = { 12'000000001011 $memory$auto$proc_rom.cc:150:do_switch$505$rdmux[0][6][23]$b$771 [0] 1'0 }
    Consolidated identical input bits for $mux cell $memory$auto$proc_rom.cc:150:do_switch$505$rdmux[0][7][52]$1048:
      Old ports: A=16'0000000001100011, B=16'0000000001011101, Y=$memory$auto$proc_rom.cc:150:do_switch$505$rdmux[0][6][26]$a$779
      New ports: A=2'01, B=2'10, Y=$memory$auto$proc_rom.cc:150:do_switch$505$rdmux[0][6][26]$a$779 [2:1]
      New connections: { $memory$auto$proc_rom.cc:150:do_switch$505$rdmux[0][6][26]$a$779 [15:3] $memory$auto$proc_rom.cc:150:do_switch$505$rdmux[0][6][26]$a$779 [0] } = { 10'0000000001 $memory$auto$proc_rom.cc:150:do_switch$505$rdmux[0][6][26]$a$779 [1] $memory$auto$proc_rom.cc:150:do_switch$505$rdmux[0][6][26]$a$779 [2] $memory$auto$proc_rom.cc:150:do_switch$505$rdmux[0][6][26]$a$779 [2] 1'1 }
    Consolidated identical input bits for $mux cell $memory$auto$proc_rom.cc:150:do_switch$505$rdmux[0][7][37]$1003:
      Old ports: A=16'0000001010000010, B=16'0000001001011100, Y=$memory$auto$proc_rom.cc:150:do_switch$505$rdmux[0][6][18]$b$756
      New ports: A=2'01, B=2'10, Y=$memory$auto$proc_rom.cc:150:do_switch$505$rdmux[0][6][18]$b$756 [2:1]
      New connections: { $memory$auto$proc_rom.cc:150:do_switch$505$rdmux[0][6][18]$b$756 [15:3] $memory$auto$proc_rom.cc:150:do_switch$505$rdmux[0][6][18]$b$756 [0] } = { 8'00000010 $memory$auto$proc_rom.cc:150:do_switch$505$rdmux[0][6][18]$b$756 [1] $memory$auto$proc_rom.cc:150:do_switch$505$rdmux[0][6][18]$b$756 [2] 1'0 $memory$auto$proc_rom.cc:150:do_switch$505$rdmux[0][6][18]$b$756 [2] $memory$auto$proc_rom.cc:150:do_switch$505$rdmux[0][6][18]$b$756 [2] 1'0 }
    Consolidated identical input bits for $mux cell $memory$auto$proc_rom.cc:150:do_switch$505$rdmux[0][7][67]$1093:
      Old ports: A=16'0000000000001111, B=16'0000000000001110, Y=$memory$auto$proc_rom.cc:150:do_switch$505$rdmux[0][6][33]$b$801
      New ports: A=1'1, B=1'0, Y=$memory$auto$proc_rom.cc:150:do_switch$505$rdmux[0][6][33]$b$801 [0]
      New connections: $memory$auto$proc_rom.cc:150:do_switch$505$rdmux[0][6][33]$b$801 [15:1] = 15'000000000000111
    Consolidated identical input bits for $mux cell $memory$auto$proc_rom.cc:150:do_switch$505$rdmux[0][7][36]$1000:
      Old ports: A=16'0000001011011000, B=16'0000001010101100, Y=$memory$auto$proc_rom.cc:150:do_switch$505$rdmux[0][6][18]$a$755
      New ports: A=2'10, B=2'01, Y={ $memory$auto$proc_rom.cc:150:do_switch$505$rdmux[0][6][18]$a$755 [4] $memory$auto$proc_rom.cc:150:do_switch$505$rdmux[0][6][18]$a$755 [2] }
      New connections: { $memory$auto$proc_rom.cc:150:do_switch$505$rdmux[0][6][18]$a$755 [15:5] $memory$auto$proc_rom.cc:150:do_switch$505$rdmux[0][6][18]$a$755 [3] $memory$auto$proc_rom.cc:150:do_switch$505$rdmux[0][6][18]$a$755 [1:0] } = { 9'000000101 $memory$auto$proc_rom.cc:150:do_switch$505$rdmux[0][6][18]$a$755 [4] $memory$auto$proc_rom.cc:150:do_switch$505$rdmux[0][6][18]$a$755 [2] 3'100 }
    Consolidated identical input bits for $mux cell $memory$auto$proc_rom.cc:150:do_switch$505$rdmux[0][7][35]$997:
      Old ports: A=16'0000001100111001, B=16'0000001100000111, Y=$memory$auto$proc_rom.cc:150:do_switch$505$rdmux[0][6][17]$b$753
      New ports: A=2'10, B=2'01, Y={ $memory$auto$proc_rom.cc:150:do_switch$505$rdmux[0][6][17]$b$753 [3] $memory$auto$proc_rom.cc:150:do_switch$505$rdmux[0][6][17]$b$753 [1] }
      New connections: { $memory$auto$proc_rom.cc:150:do_switch$505$rdmux[0][6][17]$b$753 [15:4] $memory$auto$proc_rom.cc:150:do_switch$505$rdmux[0][6][17]$b$753 [2] $memory$auto$proc_rom.cc:150:do_switch$505$rdmux[0][6][17]$b$753 [0] } = { 10'0000001100 $memory$auto$proc_rom.cc:150:do_switch$505$rdmux[0][6][17]$b$753 [3] $memory$auto$proc_rom.cc:150:do_switch$505$rdmux[0][6][17]$b$753 [3] $memory$auto$proc_rom.cc:150:do_switch$505$rdmux[0][6][17]$b$753 [1] 1'1 }
    Consolidated identical input bits for $mux cell $memory$auto$proc_rom.cc:150:do_switch$505$rdmux[0][7][41]$1015:
      Old ports: A=16'0000000110000110, B=16'0000000101101110, Y=$memory$auto$proc_rom.cc:150:do_switch$505$rdmux[0][6][20]$b$762
      New ports: A=2'10, B=2'01, Y={ $memory$auto$proc_rom.cc:150:do_switch$505$rdmux[0][6][20]$b$762 [7] $memory$auto$proc_rom.cc:150:do_switch$505$rdmux[0][6][20]$b$762 [3] }
      New connections: { $memory$auto$proc_rom.cc:150:do_switch$505$rdmux[0][6][20]$b$762 [15:8] $memory$auto$proc_rom.cc:150:do_switch$505$rdmux[0][6][20]$b$762 [6:4] $memory$auto$proc_rom.cc:150:do_switch$505$rdmux[0][6][20]$b$762 [2:0] } = { 8'00000001 $memory$auto$proc_rom.cc:150:do_switch$505$rdmux[0][6][20]$b$762 [3] $memory$auto$proc_rom.cc:150:do_switch$505$rdmux[0][6][20]$b$762 [3] 4'0110 }
  Optimizing cells in module \exp_lut.
    Consolidated identical input bits for $mux cell $memory$auto$proc_rom.cc:150:do_switch$505$rdmux[0][6][47]$841:
      Old ports: A=$memory$auto$proc_rom.cc:150:do_switch$505$rdmux[0][6][47]$a$842, B=16'0000000000000000, Y=$memory$auto$proc_rom.cc:150:do_switch$505$rdmux[0][5][23]$b$675
      New ports: A=$memory$auto$proc_rom.cc:150:do_switch$505$rdmux[0][6][47]$a$842 [0], B=1'0, Y=$memory$auto$proc_rom.cc:150:do_switch$505$rdmux[0][5][23]$b$675 [0]
      New connections: $memory$auto$proc_rom.cc:150:do_switch$505$rdmux[0][5][23]$b$675 [15:1] = 15'000000000000000
    Consolidated identical input bits for $mux cell $memory$auto$proc_rom.cc:150:do_switch$505$rdmux[0][6][42]$826:
      Old ports: A=16'0000000000000010, B=$memory$auto$proc_rom.cc:150:do_switch$505$rdmux[0][6][42]$b$828, Y=$memory$auto$proc_rom.cc:150:do_switch$505$rdmux[0][5][21]$a$668
      New ports: A=2'10, B=$memory$auto$proc_rom.cc:150:do_switch$505$rdmux[0][6][42]$b$828 [1:0], Y=$memory$auto$proc_rom.cc:150:do_switch$505$rdmux[0][5][21]$a$668 [1:0]
      New connections: $memory$auto$proc_rom.cc:150:do_switch$505$rdmux[0][5][21]$a$668 [15:2] = 14'00000000000000
    Consolidated identical input bits for $mux cell $memory$auto$proc_rom.cc:150:do_switch$505$rdmux[0][6][40]$820:
      Old ports: A=16'0000000000000011, B=$memory$auto$proc_rom.cc:150:do_switch$505$rdmux[0][6][40]$b$822, Y=$memory$auto$proc_rom.cc:150:do_switch$505$rdmux[0][5][20]$a$665
      New ports: A=1'1, B=$memory$auto$proc_rom.cc:150:do_switch$505$rdmux[0][6][40]$b$822 [0], Y=$memory$auto$proc_rom.cc:150:do_switch$505$rdmux[0][5][20]$a$665 [0]
      New connections: $memory$auto$proc_rom.cc:150:do_switch$505$rdmux[0][5][20]$a$665 [15:1] = 15'000000000000001
    Consolidated identical input bits for $mux cell $memory$auto$proc_rom.cc:150:do_switch$505$rdmux[0][6][37]$811:
      Old ports: A=16'0000000000000110, B=$memory$auto$proc_rom.cc:150:do_switch$505$rdmux[0][6][37]$b$813, Y=$memory$auto$proc_rom.cc:150:do_switch$505$rdmux[0][5][18]$b$660
      New ports: A=2'10, B=$memory$auto$proc_rom.cc:150:do_switch$505$rdmux[0][6][37]$b$813 [1:0], Y=$memory$auto$proc_rom.cc:150:do_switch$505$rdmux[0][5][18]$b$660 [1:0]
      New connections: $memory$auto$proc_rom.cc:150:do_switch$505$rdmux[0][5][18]$b$660 [15:2] = 14'00000000000001
    Consolidated identical input bits for $mux cell $memory$auto$proc_rom.cc:150:do_switch$505$rdmux[0][6][34]$802:
      Old ports: A=16'0000000000001101, B=$memory$auto$proc_rom.cc:150:do_switch$505$rdmux[0][6][34]$b$804, Y=$memory$auto$proc_rom.cc:150:do_switch$505$rdmux[0][5][17]$a$656
      New ports: A=3'101, B={ $memory$auto$proc_rom.cc:150:do_switch$505$rdmux[0][6][34]$b$804 [2] $memory$auto$proc_rom.cc:150:do_switch$505$rdmux[0][6][34]$b$804 [0] $memory$auto$proc_rom.cc:150:do_switch$505$rdmux[0][6][34]$b$804 [0] }, Y=$memory$auto$proc_rom.cc:150:do_switch$505$rdmux[0][5][17]$a$656 [2:0]
      New connections: $memory$auto$proc_rom.cc:150:do_switch$505$rdmux[0][5][17]$a$656 [15:3] = 13'0000000000001
    Consolidated identical input bits for $mux cell $memory$auto$proc_rom.cc:150:do_switch$505$rdmux[0][6][33]$799:
      Old ports: A=$memory$auto$proc_rom.cc:150:do_switch$505$rdmux[0][6][33]$a$800, B=$memory$auto$proc_rom.cc:150:do_switch$505$rdmux[0][6][33]$b$801, Y=$memory$auto$proc_rom.cc:150:do_switch$505$rdmux[0][5][16]$b$654
      New ports: A={ 2'10 $memory$auto$proc_rom.cc:150:do_switch$505$rdmux[0][6][33]$a$800 [0] }, B={ 2'01 $memory$auto$proc_rom.cc:150:do_switch$505$rdmux[0][6][33]$b$801 [0] }, Y={ $memory$auto$proc_rom.cc:150:do_switch$505$rdmux[0][5][16]$b$654 [4] $memory$auto$proc_rom.cc:150:do_switch$505$rdmux[0][5][16]$b$654 [1:0] }
      New connections: { $memory$auto$proc_rom.cc:150:do_switch$505$rdmux[0][5][16]$b$654 [15:5] $memory$auto$proc_rom.cc:150:do_switch$505$rdmux[0][5][16]$b$654 [3:2] } = { 11'00000000000 $memory$auto$proc_rom.cc:150:do_switch$505$rdmux[0][5][16]$b$654 [1] $memory$auto$proc_rom.cc:150:do_switch$505$rdmux[0][5][16]$b$654 [1] }
    Consolidated identical input bits for $mux cell $memory$auto$proc_rom.cc:150:do_switch$505$rdmux[0][6][32]$796:
      Old ports: A=$memory$auto$proc_rom.cc:150:do_switch$505$rdmux[0][6][32]$a$797, B=$memory$auto$proc_rom.cc:150:do_switch$505$rdmux[0][6][32]$b$798, Y=$memory$auto$proc_rom.cc:150:do_switch$505$rdmux[0][5][16]$a$653
      New ports: A={ 1'1 $memory$auto$proc_rom.cc:150:do_switch$505$rdmux[0][6][32]$a$797 [1:0] }, B={ 2'01 $memory$auto$proc_rom.cc:150:do_switch$505$rdmux[0][6][32]$b$798 [0] }, Y=$memory$auto$proc_rom.cc:150:do_switch$505$rdmux[0][5][16]$a$653 [2:0]
      New connections: $memory$auto$proc_rom.cc:150:do_switch$505$rdmux[0][5][16]$a$653 [15:3] = 13'0000000000010
    Consolidated identical input bits for $mux cell $memory$auto$proc_rom.cc:150:do_switch$505$rdmux[0][6][31]$793:
      Old ports: A=$memory$auto$proc_rom.cc:150:do_switch$505$rdmux[0][6][31]$a$794, B=$memory$auto$proc_rom.cc:150:do_switch$505$rdmux[0][6][31]$b$795, Y=$memory$auto$proc_rom.cc:150:do_switch$505$rdmux[0][5][15]$b$651
      New ports: A={ 1'1 $memory$auto$proc_rom.cc:150:do_switch$505$rdmux[0][6][31]$a$794 [2] $memory$auto$proc_rom.cc:150:do_switch$505$rdmux[0][6][31]$a$794 [0] $memory$auto$proc_rom.cc:150:do_switch$505$rdmux[0][6][31]$a$794 [0] }, B={ $memory$auto$proc_rom.cc:150:do_switch$505$rdmux[0][6][31]$b$795 [3] $memory$auto$proc_rom.cc:150:do_switch$505$rdmux[0][6][31]$b$795 [1] $memory$auto$proc_rom.cc:150:do_switch$505$rdmux[0][6][31]$b$795 [1] 1'1 }, Y=$memory$auto$proc_rom.cc:150:do_switch$505$rdmux[0][5][15]$b$651 [3:0]
      New connections: $memory$auto$proc_rom.cc:150:do_switch$505$rdmux[0][5][15]$b$651 [15:4] = 12'000000000001
    Consolidated identical input bits for $mux cell $memory$auto$proc_rom.cc:150:do_switch$505$rdmux[0][6][30]$790:
      Old ports: A=$memory$auto$proc_rom.cc:150:do_switch$505$rdmux[0][6][30]$a$791, B=$memory$auto$proc_rom.cc:150:do_switch$505$rdmux[0][6][30]$b$792, Y=$memory$auto$proc_rom.cc:150:do_switch$505$rdmux[0][5][15]$a$650
      New ports: A={ 2'10 $memory$auto$proc_rom.cc:150:do_switch$505$rdmux[0][6][30]$a$791 [2:1] }, B={ $memory$auto$proc_rom.cc:150:do_switch$505$rdmux[0][6][30]$b$792 [5] $memory$auto$proc_rom.cc:150:do_switch$505$rdmux[0][6][30]$b$792 [1] $memory$auto$proc_rom.cc:150:do_switch$505$rdmux[0][6][30]$b$792 [1] $memory$auto$proc_rom.cc:150:do_switch$505$rdmux[0][6][30]$b$792 [1] }, Y={ $memory$auto$proc_rom.cc:150:do_switch$505$rdmux[0][5][15]$a$650 [5] $memory$auto$proc_rom.cc:150:do_switch$505$rdmux[0][5][15]$a$650 [3:1] }
      New connections: { $memory$auto$proc_rom.cc:150:do_switch$505$rdmux[0][5][15]$a$650 [15:6] $memory$auto$proc_rom.cc:150:do_switch$505$rdmux[0][5][15]$a$650 [4] $memory$auto$proc_rom.cc:150:do_switch$505$rdmux[0][5][15]$a$650 [0] } = { 10'0000000000 $memory$auto$proc_rom.cc:150:do_switch$505$rdmux[0][5][15]$a$650 [3] 1'0 }
    Consolidated identical input bits for $mux cell $memory$auto$proc_rom.cc:150:do_switch$505$rdmux[0][6][29]$787:
      Old ports: A=$memory$auto$proc_rom.cc:150:do_switch$505$rdmux[0][6][29]$a$788, B=$memory$auto$proc_rom.cc:150:do_switch$505$rdmux[0][6][29]$b$789, Y=$memory$auto$proc_rom.cc:150:do_switch$505$rdmux[0][5][14]$b$648
      New ports: A={ 2'11 $memory$auto$proc_rom.cc:150:do_switch$505$rdmux[0][6][29]$a$788 [0] $memory$auto$proc_rom.cc:150:do_switch$505$rdmux[0][6][29]$a$788 [0] }, B={ $memory$auto$proc_rom.cc:150:do_switch$505$rdmux[0][6][29]$b$789 [3] $memory$auto$proc_rom.cc:150:do_switch$505$rdmux[0][6][29]$b$789 [1] $memory$auto$proc_rom.cc:150:do_switch$505$rdmux[0][6][29]$b$789 [1] 1'1 }, Y=$memory$auto$proc_rom.cc:150:do_switch$505$rdmux[0][5][14]$b$648 [3:0]
      New connections: $memory$auto$proc_rom.cc:150:do_switch$505$rdmux[0][5][14]$b$648 [15:4] = 12'000000000010
    Consolidated identical input bits for $mux cell $memory$auto$proc_rom.cc:150:do_switch$505$rdmux[0][6][28]$784:
      Old ports: A=$memory$auto$proc_rom.cc:150:do_switch$505$rdmux[0][6][28]$a$785, B=$memory$auto$proc_rom.cc:150:do_switch$505$rdmux[0][6][28]$b$786, Y=$memory$auto$proc_rom.cc:150:do_switch$505$rdmux[0][5][14]$a$647
      New ports: A={ 1'1 $memory$auto$proc_rom.cc:150:do_switch$505$rdmux[0][6][28]$a$785 [2] 2'00 }, B={ 1'0 $memory$auto$proc_rom.cc:150:do_switch$505$rdmux[0][6][28]$b$786 [0] $memory$auto$proc_rom.cc:150:do_switch$505$rdmux[0][6][28]$b$786 [1:0] }, Y=$memory$auto$proc_rom.cc:150:do_switch$505$rdmux[0][5][14]$a$647 [3:0]
      New connections: $memory$auto$proc_rom.cc:150:do_switch$505$rdmux[0][5][14]$a$647 [15:4] = 12'000000000011
    Consolidated identical input bits for $mux cell $memory$auto$proc_rom.cc:150:do_switch$505$rdmux[0][6][27]$781:
      Old ports: A=$memory$auto$proc_rom.cc:150:do_switch$505$rdmux[0][6][27]$a$782, B=$memory$auto$proc_rom.cc:150:do_switch$505$rdmux[0][6][27]$b$783, Y=$memory$auto$proc_rom.cc:150:do_switch$505$rdmux[0][5][13]$b$645
      New ports: A={ 1'1 $memory$auto$proc_rom.cc:150:do_switch$505$rdmux[0][6][27]$a$782 [0] $memory$auto$proc_rom.cc:150:do_switch$505$rdmux[0][6][27]$a$782 [0] }, B={ 1'0 $memory$auto$proc_rom.cc:150:do_switch$505$rdmux[0][6][27]$b$783 [2] 1'0 }, Y={ $memory$auto$proc_rom.cc:150:do_switch$505$rdmux[0][5][13]$b$645 [3:2] $memory$auto$proc_rom.cc:150:do_switch$505$rdmux[0][5][13]$b$645 [0] }
      New connections: { $memory$auto$proc_rom.cc:150:do_switch$505$rdmux[0][5][13]$b$645 [15:4] $memory$auto$proc_rom.cc:150:do_switch$505$rdmux[0][5][13]$b$645 [1] } = 13'0000000001000
    Consolidated identical input bits for $mux cell $memory$auto$proc_rom.cc:150:do_switch$505$rdmux[0][6][26]$778:
      Old ports: A=$memory$auto$proc_rom.cc:150:do_switch$505$rdmux[0][6][26]$a$779, B=$memory$auto$proc_rom.cc:150:do_switch$505$rdmux[0][6][26]$b$780, Y=$memory$auto$proc_rom.cc:150:do_switch$505$rdmux[0][5][13]$a$644
      New ports: A={ $memory$auto$proc_rom.cc:150:do_switch$505$rdmux[0][6][26]$a$779 [1] $memory$auto$proc_rom.cc:150:do_switch$505$rdmux[0][6][26]$a$779 [2] $memory$auto$proc_rom.cc:150:do_switch$505$rdmux[0][6][26]$a$779 [2] $memory$auto$proc_rom.cc:150:do_switch$505$rdmux[0][6][26]$a$779 [2:1] 1'1 }, B={ 3'010 $memory$auto$proc_rom.cc:150:do_switch$505$rdmux[0][6][26]$b$780 [0] 1'1 $memory$auto$proc_rom.cc:150:do_switch$505$rdmux[0][6][26]$b$780 [0] }, Y=$memory$auto$proc_rom.cc:150:do_switch$505$rdmux[0][5][13]$a$644 [5:0]
      New connections: $memory$auto$proc_rom.cc:150:do_switch$505$rdmux[0][5][13]$a$644 [15:6] = 10'0000000001
    Consolidated identical input bits for $mux cell $memory$auto$proc_rom.cc:150:do_switch$505$rdmux[0][6][25]$775:
      Old ports: A=$memory$auto$proc_rom.cc:150:do_switch$505$rdmux[0][6][25]$a$776, B=$memory$auto$proc_rom.cc:150:do_switch$505$rdmux[0][6][25]$b$777, Y=$memory$auto$proc_rom.cc:150:do_switch$505$rdmux[0][5][12]$b$642
      New ports: A={ 1'1 $memory$auto$proc_rom.cc:150:do_switch$505$rdmux[0][6][25]$a$776 [3] 2'11 }, B={ $memory$auto$proc_rom.cc:150:do_switch$505$rdmux[0][6][25]$b$777 [4] $memory$auto$proc_rom.cc:150:do_switch$505$rdmux[0][6][25]$b$777 [0] 1'0 $memory$auto$proc_rom.cc:150:do_switch$505$rdmux[0][6][25]$b$777 [0] }, Y={ $memory$auto$proc_rom.cc:150:do_switch$505$rdmux[0][5][12]$b$642 [4:3] $memory$auto$proc_rom.cc:150:do_switch$505$rdmux[0][5][12]$b$642 [1:0] }
      New connections: { $memory$auto$proc_rom.cc:150:do_switch$505$rdmux[0][5][12]$b$642 [15:5] $memory$auto$proc_rom.cc:150:do_switch$505$rdmux[0][5][12]$b$642 [2] } = { 11'00000000011 $memory$auto$proc_rom.cc:150:do_switch$505$rdmux[0][5][12]$b$642 [1] }
    Consolidated identical input bits for $mux cell $memory$auto$proc_rom.cc:150:do_switch$505$rdmux[0][6][24]$772:
      Old ports: A=$memory$auto$proc_rom.cc:150:do_switch$505$rdmux[0][6][24]$a$773, B=$memory$auto$proc_rom.cc:150:do_switch$505$rdmux[0][6][24]$b$774, Y=$memory$auto$proc_rom.cc:150:do_switch$505$rdmux[0][5][12]$a$641
      New ports: A={ $memory$auto$proc_rom.cc:150:do_switch$505$rdmux[0][6][24]$a$773 [1:0] $memory$auto$proc_rom.cc:150:do_switch$505$rdmux[0][6][24]$a$773 [0] 1'0 $memory$auto$proc_rom.cc:150:do_switch$505$rdmux[0][6][24]$a$773 [1:0] }, B={ 2'00 $memory$auto$proc_rom.cc:150:do_switch$505$rdmux[0][6][24]$b$774 [3] 3'111 }, Y=$memory$auto$proc_rom.cc:150:do_switch$505$rdmux[0][5][12]$a$641 [5:0]
      New connections: $memory$auto$proc_rom.cc:150:do_switch$505$rdmux[0][5][12]$a$641 [15:6] = 10'0000000010
    Consolidated identical input bits for $mux cell $memory$auto$proc_rom.cc:150:do_switch$505$rdmux[0][6][23]$769:
      Old ports: A=$memory$auto$proc_rom.cc:150:do_switch$505$rdmux[0][6][23]$a$770, B=$memory$auto$proc_rom.cc:150:do_switch$505$rdmux[0][6][23]$b$771, Y=$memory$auto$proc_rom.cc:150:do_switch$505$rdmux[0][5][11]$b$639
      New ports: A={ 1'1 $memory$auto$proc_rom.cc:150:do_switch$505$rdmux[0][6][23]$a$770 [0] 1'0 $memory$auto$proc_rom.cc:150:do_switch$505$rdmux[0][6][23]$a$770 [2] $memory$auto$proc_rom.cc:150:do_switch$505$rdmux[0][6][23]$a$770 [0] }, B={ 1'0 $memory$auto$proc_rom.cc:150:do_switch$505$rdmux[0][6][23]$b$771 [4] 1'1 $memory$auto$proc_rom.cc:150:do_switch$505$rdmux[0][6][23]$b$771 [0] $memory$auto$proc_rom.cc:150:do_switch$505$rdmux[0][6][23]$b$771 [0] }, Y={ $memory$auto$proc_rom.cc:150:do_switch$505$rdmux[0][5][11]$b$639 [6] $memory$auto$proc_rom.cc:150:do_switch$505$rdmux[0][5][11]$b$639 [4:2] $memory$auto$proc_rom.cc:150:do_switch$505$rdmux[0][5][11]$b$639 [0] }
      New connections: { $memory$auto$proc_rom.cc:150:do_switch$505$rdmux[0][5][11]$b$639 [15:7] $memory$auto$proc_rom.cc:150:do_switch$505$rdmux[0][5][11]$b$639 [5] $memory$auto$proc_rom.cc:150:do_switch$505$rdmux[0][5][11]$b$639 [1] } = { 9'000000001 $memory$auto$proc_rom.cc:150:do_switch$505$rdmux[0][5][11]$b$639 [3] 1'0 }
    Consolidated identical input bits for $mux cell $memory$auto$proc_rom.cc:150:do_switch$505$rdmux[0][6][22]$766:
      Old ports: A=$memory$auto$proc_rom.cc:150:do_switch$505$rdmux[0][6][22]$a$767, B=$memory$auto$proc_rom.cc:150:do_switch$505$rdmux[0][6][22]$b$768, Y=$memory$auto$proc_rom.cc:150:do_switch$505$rdmux[0][5][11]$a$638
      New ports: A={ $memory$auto$proc_rom.cc:150:do_switch$505$rdmux[0][6][22]$a$767 [8] $memory$auto$proc_rom.cc:150:do_switch$505$rdmux[0][6][22]$a$767 [4] $memory$auto$proc_rom.cc:150:do_switch$505$rdmux[0][6][22]$a$767 [4] $memory$auto$proc_rom.cc:150:do_switch$505$rdmux[0][6][22]$a$767 [4] 1'0 }, B={ 2'01 $memory$auto$proc_rom.cc:150:do_switch$505$rdmux[0][6][22]$b$768 [5] $memory$auto$proc_rom.cc:150:do_switch$505$rdmux[0][6][22]$b$768 [1] $memory$auto$proc_rom.cc:150:do_switch$505$rdmux[0][6][22]$b$768 [1] }, Y={ $memory$auto$proc_rom.cc:150:do_switch$505$rdmux[0][5][11]$a$638 [8] $memory$auto$proc_rom.cc:150:do_switch$505$rdmux[0][5][11]$a$638 [6:4] $memory$auto$proc_rom.cc:150:do_switch$505$rdmux[0][5][11]$a$638 [1] }
      New connections: { $memory$auto$proc_rom.cc:150:do_switch$505$rdmux[0][5][11]$a$638 [15:9] $memory$auto$proc_rom.cc:150:do_switch$505$rdmux[0][5][11]$a$638 [7] $memory$auto$proc_rom.cc:150:do_switch$505$rdmux[0][5][11]$a$638 [3:2] $memory$auto$proc_rom.cc:150:do_switch$505$rdmux[0][5][11]$a$638 [0] } = { 7'0000000 $memory$auto$proc_rom.cc:150:do_switch$505$rdmux[0][5][11]$a$638 [6] 3'110 }
    Consolidated identical input bits for $mux cell $memory$auto$proc_rom.cc:150:do_switch$505$rdmux[0][6][21]$763:
      Old ports: A=$memory$auto$proc_rom.cc:150:do_switch$505$rdmux[0][6][21]$a$764, B=$memory$auto$proc_rom.cc:150:do_switch$505$rdmux[0][6][21]$b$765, Y=$memory$auto$proc_rom.cc:150:do_switch$505$rdmux[0][5][10]$b$636
      New ports: A={ 2'10 $memory$auto$proc_rom.cc:150:do_switch$505$rdmux[0][6][21]$a$764 [3] $memory$auto$proc_rom.cc:150:do_switch$505$rdmux[0][6][21]$a$764 [3] 1'0 $memory$auto$proc_rom.cc:150:do_switch$505$rdmux[0][6][21]$a$764 [0] $memory$auto$proc_rom.cc:150:do_switch$505$rdmux[0][6][21]$a$764 [0] }, B={ 1'0 $memory$auto$proc_rom.cc:150:do_switch$505$rdmux[0][6][21]$b$765 [1] $memory$auto$proc_rom.cc:150:do_switch$505$rdmux[0][6][21]$b$765 [4] 2'11 $memory$auto$proc_rom.cc:150:do_switch$505$rdmux[0][6][21]$b$765 [1] 1'1 }, Y=$memory$auto$proc_rom.cc:150:do_switch$505$rdmux[0][5][10]$b$636 [6:0]
      New connections: $memory$auto$proc_rom.cc:150:do_switch$505$rdmux[0][5][10]$b$636 [15:7] = 9'000000010
    Consolidated identical input bits for $mux cell $memory$auto$proc_rom.cc:150:do_switch$505$rdmux[0][6][20]$760:
      Old ports: A=$memory$auto$proc_rom.cc:150:do_switch$505$rdmux[0][6][20]$a$761, B=$memory$auto$proc_rom.cc:150:do_switch$505$rdmux[0][6][20]$b$762, Y=$memory$auto$proc_rom.cc:150:do_switch$505$rdmux[0][5][10]$a$635
      New ports: A={ 2'10 $memory$auto$proc_rom.cc:150:do_switch$505$rdmux[0][6][20]$a$761 [5] 2'11 $memory$auto$proc_rom.cc:150:do_switch$505$rdmux[0][6][20]$a$761 [0] $memory$auto$proc_rom.cc:150:do_switch$505$rdmux[0][6][20]$a$761 [0] }, B={ $memory$auto$proc_rom.cc:150:do_switch$505$rdmux[0][6][20]$b$762 [7] $memory$auto$proc_rom.cc:150:do_switch$505$rdmux[0][6][20]$b$762 [3] $memory$auto$proc_rom.cc:150:do_switch$505$rdmux[0][6][20]$b$762 [3] 1'0 $memory$auto$proc_rom.cc:150:do_switch$505$rdmux[0][6][20]$b$762 [3] 2'10 }, Y={ $memory$auto$proc_rom.cc:150:do_switch$505$rdmux[0][5][10]$a$635 [7:2] $memory$auto$proc_rom.cc:150:do_switch$505$rdmux[0][5][10]$a$635 [0] }
      New connections: { $memory$auto$proc_rom.cc:150:do_switch$505$rdmux[0][5][10]$a$635 [15:8] $memory$auto$proc_rom.cc:150:do_switch$505$rdmux[0][5][10]$a$635 [1] } = 9'000000011
    Consolidated identical input bits for $mux cell $memory$auto$proc_rom.cc:150:do_switch$505$rdmux[0][6][19]$757:
      Old ports: A=$memory$auto$proc_rom.cc:150:do_switch$505$rdmux[0][6][19]$a$758, B=$memory$auto$proc_rom.cc:150:do_switch$505$rdmux[0][6][19]$b$759, Y=$memory$auto$proc_rom.cc:150:do_switch$505$rdmux[0][5][9]$b$633
      New ports: A={ 1'0 $memory$auto$proc_rom.cc:150:do_switch$505$rdmux[0][6][19]$a$758 [1] $memory$auto$proc_rom.cc:150:do_switch$505$rdmux[0][6][19]$a$758 [1] 1'1 }, B={ 1'1 $memory$auto$proc_rom.cc:150:do_switch$505$rdmux[0][6][19]$b$759 [5] $memory$auto$proc_rom.cc:150:do_switch$505$rdmux[0][6][19]$b$759 [1] 1'0 }, Y={ $memory$auto$proc_rom.cc:150:do_switch$505$rdmux[0][5][9]$b$633 [6:5] $memory$auto$proc_rom.cc:150:do_switch$505$rdmux[0][5][9]$b$633 [1:0] }
      New connections: { $memory$auto$proc_rom.cc:150:do_switch$505$rdmux[0][5][9]$b$633 [15:7] $memory$auto$proc_rom.cc:150:do_switch$505$rdmux[0][5][9]$b$633 [4:2] } = { 6'000000 $memory$auto$proc_rom.cc:150:do_switch$505$rdmux[0][5][9]$b$633 [0] $memory$auto$proc_rom.cc:150:do_switch$505$rdmux[0][5][9]$b$633 [6] $memory$auto$proc_rom.cc:150:do_switch$505$rdmux[0][5][9]$b$633 [6] 3'101 }
    Consolidated identical input bits for $mux cell $memory$auto$proc_rom.cc:150:do_switch$505$rdmux[0][6][18]$754:
      Old ports: A=$memory$auto$proc_rom.cc:150:do_switch$505$rdmux[0][6][18]$a$755, B=$memory$auto$proc_rom.cc:150:do_switch$505$rdmux[0][6][18]$b$756, Y=$memory$auto$proc_rom.cc:150:do_switch$505$rdmux[0][5][9]$a$632
      New ports: A={ 1'1 $memory$auto$proc_rom.cc:150:do_switch$505$rdmux[0][6][18]$a$755 [2] $memory$auto$proc_rom.cc:150:do_switch$505$rdmux[0][6][18]$a$755 [4] 1'1 $memory$auto$proc_rom.cc:150:do_switch$505$rdmux[0][6][18]$a$755 [2] 1'0 }, B={ $memory$auto$proc_rom.cc:150:do_switch$505$rdmux[0][6][18]$b$756 [1] 1'0 $memory$auto$proc_rom.cc:150:do_switch$505$rdmux[0][6][18]$b$756 [2] $memory$auto$proc_rom.cc:150:do_switch$505$rdmux[0][6][18]$b$756 [2] $memory$auto$proc_rom.cc:150:do_switch$505$rdmux[0][6][18]$b$756 [2:1] }, Y={ $memory$auto$proc_rom.cc:150:do_switch$505$rdmux[0][5][9]$a$632 [7] $memory$auto$proc_rom.cc:150:do_switch$505$rdmux[0][5][9]$a$632 [5:1] }
      New connections: { $memory$auto$proc_rom.cc:150:do_switch$505$rdmux[0][5][9]$a$632 [15:8] $memory$auto$proc_rom.cc:150:do_switch$505$rdmux[0][5][9]$a$632 [6] $memory$auto$proc_rom.cc:150:do_switch$505$rdmux[0][5][9]$a$632 [0] } = { 8'00000010 $memory$auto$proc_rom.cc:150:do_switch$505$rdmux[0][5][9]$a$632 [4] 1'0 }
    Consolidated identical input bits for $mux cell $memory$auto$proc_rom.cc:150:do_switch$505$rdmux[0][6][17]$751:
      Old ports: A=$memory$auto$proc_rom.cc:150:do_switch$505$rdmux[0][6][17]$a$752, B=$memory$auto$proc_rom.cc:150:do_switch$505$rdmux[0][6][17]$b$753, Y=$memory$auto$proc_rom.cc:150:do_switch$505$rdmux[0][5][8]$b$630
      New ports: A={ $memory$auto$proc_rom.cc:150:do_switch$505$rdmux[0][6][17]$a$752 [0] $memory$auto$proc_rom.cc:150:do_switch$505$rdmux[0][6][17]$a$752 [3] 2'10 $memory$auto$proc_rom.cc:150:do_switch$505$rdmux[0][6][17]$a$752 [3] 1'1 $memory$auto$proc_rom.cc:150:do_switch$505$rdmux[0][6][17]$a$752 [0] }, B={ 2'00 $memory$auto$proc_rom.cc:150:do_switch$505$rdmux[0][6][17]$b$753 [3] $memory$auto$proc_rom.cc:150:do_switch$505$rdmux[0][6][17]$b$753 [3] $memory$auto$proc_rom.cc:150:do_switch$505$rdmux[0][6][17]$b$753 [3] $memory$auto$proc_rom.cc:150:do_switch$505$rdmux[0][6][17]$b$753 [1] 1'1 }, Y={ $memory$auto$proc_rom.cc:150:do_switch$505$rdmux[0][5][8]$b$630 [7:3] $memory$auto$proc_rom.cc:150:do_switch$505$rdmux[0][5][8]$b$630 [1:0] }
      New connections: { $memory$auto$proc_rom.cc:150:do_switch$505$rdmux[0][5][8]$b$630 [15:8] $memory$auto$proc_rom.cc:150:do_switch$505$rdmux[0][5][8]$b$630 [2] } = { 8'00000011 $memory$auto$proc_rom.cc:150:do_switch$505$rdmux[0][5][8]$b$630 [1] }
    Consolidated identical input bits for $mux cell $memory$auto$proc_rom.cc:150:do_switch$505$rdmux[0][6][16]$748:
      Old ports: A=$memory$auto$proc_rom.cc:150:do_switch$505$rdmux[0][6][16]$a$749, B=$memory$auto$proc_rom.cc:150:do_switch$505$rdmux[0][6][16]$b$750, Y=$memory$auto$proc_rom.cc:150:do_switch$505$rdmux[0][5][8]$a$629
      New ports: A={ 2'10 $memory$auto$proc_rom.cc:150:do_switch$505$rdmux[0][6][16]$a$749 [4:3] $memory$auto$proc_rom.cc:150:do_switch$505$rdmux[0][6][16]$a$749 [4:3] 1'0 }, B={ $memory$auto$proc_rom.cc:150:do_switch$505$rdmux[0][6][16]$b$750 [10] $memory$auto$proc_rom.cc:150:do_switch$505$rdmux[0][6][16]$b$750 [6] $memory$auto$proc_rom.cc:150:do_switch$505$rdmux[0][6][16]$b$750 [6] $memory$auto$proc_rom.cc:150:do_switch$505$rdmux[0][6][16]$b$750 [6] 3'001 }, Y={ $memory$auto$proc_rom.cc:150:do_switch$505$rdmux[0][5][8]$a$629 [10] $memory$auto$proc_rom.cc:150:do_switch$505$rdmux[0][5][8]$a$629 [8:6] $memory$auto$proc_rom.cc:150:do_switch$505$rdmux[0][5][8]$a$629 [4:3] $memory$auto$proc_rom.cc:150:do_switch$505$rdmux[0][5][8]$a$629 [0] }
      New connections: { $memory$auto$proc_rom.cc:150:do_switch$505$rdmux[0][5][8]$a$629 [15:11] $memory$auto$proc_rom.cc:150:do_switch$505$rdmux[0][5][8]$a$629 [9] $memory$auto$proc_rom.cc:150:do_switch$505$rdmux[0][5][8]$a$629 [5] $memory$auto$proc_rom.cc:150:do_switch$505$rdmux[0][5][8]$a$629 [2:1] } = { 5'00000 $memory$auto$proc_rom.cc:150:do_switch$505$rdmux[0][5][8]$a$629 [8] 2'10 $memory$auto$proc_rom.cc:150:do_switch$505$rdmux[0][5][8]$a$629 [0] }
    Consolidated identical input bits for $mux cell $memory$auto$proc_rom.cc:150:do_switch$505$rdmux[0][6][15]$745:
      Old ports: A=$memory$auto$proc_rom.cc:150:do_switch$505$rdmux[0][6][15]$a$746, B=$memory$auto$proc_rom.cc:150:do_switch$505$rdmux[0][6][15]$b$747, Y=$memory$auto$proc_rom.cc:150:do_switch$505$rdmux[0][5][7]$b$627
      New ports: A={ $memory$auto$proc_rom.cc:150:do_switch$505$rdmux[0][6][15]$a$746 [3] 1'0 $memory$auto$proc_rom.cc:150:do_switch$505$rdmux[0][6][15]$a$746 [3] $memory$auto$proc_rom.cc:150:do_switch$505$rdmux[0][6][15]$a$746 [0] 1'0 $memory$auto$proc_rom.cc:150:do_switch$505$rdmux[0][6][15]$a$746 [0] }, B={ $memory$auto$proc_rom.cc:150:do_switch$505$rdmux[0][6][15]$b$747 [8] 1'1 $memory$auto$proc_rom.cc:150:do_switch$505$rdmux[0][6][15]$b$747 [1] $memory$auto$proc_rom.cc:150:do_switch$505$rdmux[0][6][15]$b$747 [1] $memory$auto$proc_rom.cc:150:do_switch$505$rdmux[0][6][15]$b$747 [1] 1'0 }, Y={ $memory$auto$proc_rom.cc:150:do_switch$505$rdmux[0][5][7]$b$627 [8] $memory$auto$proc_rom.cc:150:do_switch$505$rdmux[0][5][7]$b$627 [4:0] }
      New connections: { $memory$auto$proc_rom.cc:150:do_switch$505$rdmux[0][5][7]$b$627 [15:9] $memory$auto$proc_rom.cc:150:do_switch$505$rdmux[0][5][7]$b$627 [7:5] } = { 6'000001 $memory$auto$proc_rom.cc:150:do_switch$505$rdmux[0][5][7]$b$627 [0] $memory$auto$proc_rom.cc:150:do_switch$505$rdmux[0][5][7]$b$627 [3] $memory$auto$proc_rom.cc:150:do_switch$505$rdmux[0][5][7]$b$627 [4:3] }
    Consolidated identical input bits for $mux cell $memory$auto$proc_rom.cc:150:do_switch$505$rdmux[0][6][14]$742:
      Old ports: A=$memory$auto$proc_rom.cc:150:do_switch$505$rdmux[0][6][14]$a$743, B=$memory$auto$proc_rom.cc:150:do_switch$505$rdmux[0][6][14]$b$744, Y=$memory$auto$proc_rom.cc:150:do_switch$505$rdmux[0][5][7]$a$626
      New ports: A={ 1'1 $memory$auto$proc_rom.cc:150:do_switch$505$rdmux[0][6][14]$a$743 [6] $memory$auto$proc_rom.cc:150:do_switch$505$rdmux[0][6][14]$a$743 [3] $memory$auto$proc_rom.cc:150:do_switch$505$rdmux[0][6][14]$a$743 [3] 2'11 }, B={ 2'01 $memory$auto$proc_rom.cc:150:do_switch$505$rdmux[0][6][14]$b$744 [1:0] $memory$auto$proc_rom.cc:150:do_switch$505$rdmux[0][6][14]$b$744 [1:0] }, Y={ $memory$auto$proc_rom.cc:150:do_switch$505$rdmux[0][5][7]$a$626 [8] $memory$auto$proc_rom.cc:150:do_switch$505$rdmux[0][5][7]$a$626 [6] $memory$auto$proc_rom.cc:150:do_switch$505$rdmux[0][5][7]$a$626 [4:3] $memory$auto$proc_rom.cc:150:do_switch$505$rdmux[0][5][7]$a$626 [1:0] }
      New connections: { $memory$auto$proc_rom.cc:150:do_switch$505$rdmux[0][5][7]$a$626 [15:9] $memory$auto$proc_rom.cc:150:do_switch$505$rdmux[0][5][7]$a$626 [7] $memory$auto$proc_rom.cc:150:do_switch$505$rdmux[0][5][7]$a$626 [5] $memory$auto$proc_rom.cc:150:do_switch$505$rdmux[0][5][7]$a$626 [2] } = { 7'0000011 $memory$auto$proc_rom.cc:150:do_switch$505$rdmux[0][5][7]$a$626 [4:3] 1'0 }
    Consolidated identical input bits for $mux cell $memory$auto$proc_rom.cc:150:do_switch$505$rdmux[0][6][13]$739:
      Old ports: A=$memory$auto$proc_rom.cc:150:do_switch$505$rdmux[0][6][13]$a$740, B=$memory$auto$proc_rom.cc:150:do_switch$505$rdmux[0][6][13]$b$741, Y=$memory$auto$proc_rom.cc:150:do_switch$505$rdmux[0][5][6]$b$624
      New ports: A={ 1'1 $memory$auto$proc_rom.cc:150:do_switch$505$rdmux[0][6][13]$a$740 [2] 1'1 $memory$auto$proc_rom.cc:150:do_switch$505$rdmux[0][6][13]$a$740 [1] $memory$auto$proc_rom.cc:150:do_switch$505$rdmux[0][6][13]$a$740 [2] $memory$auto$proc_rom.cc:150:do_switch$505$rdmux[0][6][13]$a$740 [2:1] 1'1 }, B={ 1'0 $memory$auto$proc_rom.cc:150:do_switch$505$rdmux[0][6][13]$b$741 [6] $memory$auto$proc_rom.cc:150:do_switch$505$rdmux[0][6][13]$b$741 [6] $memory$auto$proc_rom.cc:150:do_switch$505$rdmux[0][6][13]$b$741 [0] $memory$auto$proc_rom.cc:150:do_switch$505$rdmux[0][6][13]$b$741 [0] 2'01 $memory$auto$proc_rom.cc:150:do_switch$505$rdmux[0][6][13]$b$741 [0] }, Y={ $memory$auto$proc_rom.cc:150:do_switch$505$rdmux[0][5][6]$b$624 [8:6] $memory$auto$proc_rom.cc:150:do_switch$505$rdmux[0][5][6]$b$624 [4:0] }
      New connections: { $memory$auto$proc_rom.cc:150:do_switch$505$rdmux[0][5][6]$b$624 [15:9] $memory$auto$proc_rom.cc:150:do_switch$505$rdmux[0][5][6]$b$624 [5] } = { 7'0000100 $memory$auto$proc_rom.cc:150:do_switch$505$rdmux[0][5][6]$b$624 [3] }
    Consolidated identical input bits for $mux cell $memory$auto$proc_rom.cc:150:do_switch$505$rdmux[0][6][12]$736:
      Old ports: A=$memory$auto$proc_rom.cc:150:do_switch$505$rdmux[0][6][12]$a$737, B=$memory$auto$proc_rom.cc:150:do_switch$505$rdmux[0][6][12]$b$738, Y=$memory$auto$proc_rom.cc:150:do_switch$505$rdmux[0][5][6]$a$623
      New ports: A={ $memory$auto$proc_rom.cc:150:do_switch$505$rdmux[0][6][12]$a$737 [1] $memory$auto$proc_rom.cc:150:do_switch$505$rdmux[0][6][12]$a$737 [6] $memory$auto$proc_rom.cc:150:do_switch$505$rdmux[0][6][12]$a$737 [6] 1'1 $memory$auto$proc_rom.cc:150:do_switch$505$rdmux[0][6][12]$a$737 [6] 1'1 $memory$auto$proc_rom.cc:150:do_switch$505$rdmux[0][6][12]$a$737 [1] }, B={ 2'01 $memory$auto$proc_rom.cc:150:do_switch$505$rdmux[0][6][12]$b$738 [1] $memory$auto$proc_rom.cc:150:do_switch$505$rdmux[0][6][12]$b$738 [7] 1'0 $memory$auto$proc_rom.cc:150:do_switch$505$rdmux[0][6][12]$b$738 [1] $memory$auto$proc_rom.cc:150:do_switch$505$rdmux[0][6][12]$b$738 [1] }, Y={ $memory$auto$proc_rom.cc:150:do_switch$505$rdmux[0][5][6]$a$623 [10:6] $memory$auto$proc_rom.cc:150:do_switch$505$rdmux[0][5][6]$a$623 [3] $memory$auto$proc_rom.cc:150:do_switch$505$rdmux[0][5][6]$a$623 [1] }
      New connections: { $memory$auto$proc_rom.cc:150:do_switch$505$rdmux[0][5][6]$a$623 [15:11] $memory$auto$proc_rom.cc:150:do_switch$505$rdmux[0][5][6]$a$623 [5:4] $memory$auto$proc_rom.cc:150:do_switch$505$rdmux[0][5][6]$a$623 [2] $memory$auto$proc_rom.cc:150:do_switch$505$rdmux[0][5][6]$a$623 [0] } = { 5'00001 $memory$auto$proc_rom.cc:150:do_switch$505$rdmux[0][5][6]$a$623 [3] 1'1 $memory$auto$proc_rom.cc:150:do_switch$505$rdmux[0][5][6]$a$623 [1] 1'1 }
    Consolidated identical input bits for $mux cell $memory$auto$proc_rom.cc:150:do_switch$505$rdmux[0][6][11]$733:
      Old ports: A=$memory$auto$proc_rom.cc:150:do_switch$505$rdmux[0][6][11]$a$734, B=$memory$auto$proc_rom.cc:150:do_switch$505$rdmux[0][6][11]$b$735, Y=$memory$auto$proc_rom.cc:150:do_switch$505$rdmux[0][5][5]$b$621
      New ports: A={ $memory$auto$proc_rom.cc:150:do_switch$505$rdmux[0][6][11]$a$734 [5] $memory$auto$proc_rom.cc:150:do_switch$505$rdmux[0][6][11]$a$734 [5] 2'01 $memory$auto$proc_rom.cc:150:do_switch$505$rdmux[0][6][11]$a$734 [5] $memory$auto$proc_rom.cc:150:do_switch$505$rdmux[0][6][11]$a$734 [1] $memory$auto$proc_rom.cc:150:do_switch$505$rdmux[0][6][11]$a$734 [1] 1'0 }, B={ 1'1 $memory$auto$proc_rom.cc:150:do_switch$505$rdmux[0][6][11]$b$735 [7] $memory$auto$proc_rom.cc:150:do_switch$505$rdmux[0][6][11]$b$735 [7] $memory$auto$proc_rom.cc:150:do_switch$505$rdmux[0][6][11]$b$735 [5] $memory$auto$proc_rom.cc:150:do_switch$505$rdmux[0][6][11]$b$735 [5] 3'101 }, Y={ $memory$auto$proc_rom.cc:150:do_switch$505$rdmux[0][5][5]$b$621 [10] $memory$auto$proc_rom.cc:150:do_switch$505$rdmux[0][5][5]$b$621 [8:4] $memory$auto$proc_rom.cc:150:do_switch$505$rdmux[0][5][5]$b$621 [1:0] }
      New connections: { $memory$auto$proc_rom.cc:150:do_switch$505$rdmux[0][5][5]$b$621 [15:11] $memory$auto$proc_rom.cc:150:do_switch$505$rdmux[0][5][5]$b$621 [9] $memory$auto$proc_rom.cc:150:do_switch$505$rdmux[0][5][5]$b$621 [3:2] } = { 3'000 $memory$auto$proc_rom.cc:150:do_switch$505$rdmux[0][5][5]$b$621 [1] $memory$auto$proc_rom.cc:150:do_switch$505$rdmux[0][5][5]$b$621 [10] $memory$auto$proc_rom.cc:150:do_switch$505$rdmux[0][5][5]$b$621 [5] $memory$auto$proc_rom.cc:150:do_switch$505$rdmux[0][5][5]$b$621 [1] $memory$auto$proc_rom.cc:150:do_switch$505$rdmux[0][5][5]$b$621 [1] }
    Consolidated identical input bits for $mux cell $memory$auto$proc_rom.cc:150:do_switch$505$rdmux[0][6][10]$730:
      Old ports: A=$memory$auto$proc_rom.cc:150:do_switch$505$rdmux[0][6][10]$a$731, B=$memory$auto$proc_rom.cc:150:do_switch$505$rdmux[0][6][10]$b$732, Y=$memory$auto$proc_rom.cc:150:do_switch$505$rdmux[0][5][5]$a$620
      New ports: A={ $memory$auto$proc_rom.cc:150:do_switch$505$rdmux[0][6][10]$a$731 [0] 1'1 $memory$auto$proc_rom.cc:150:do_switch$505$rdmux[0][6][10]$a$731 [2] 1'0 $memory$auto$proc_rom.cc:150:do_switch$505$rdmux[0][6][10]$a$731 [2] $memory$auto$proc_rom.cc:150:do_switch$505$rdmux[0][6][10]$a$731 [2] $memory$auto$proc_rom.cc:150:do_switch$505$rdmux[0][6][10]$a$731 [2] 1'1 $memory$auto$proc_rom.cc:150:do_switch$505$rdmux[0][6][10]$a$731 [0] }, B={ 1'0 $memory$auto$proc_rom.cc:150:do_switch$505$rdmux[0][6][10]$b$732 [2] $memory$auto$proc_rom.cc:150:do_switch$505$rdmux[0][6][10]$b$732 [0] $memory$auto$proc_rom.cc:150:do_switch$505$rdmux[0][6][10]$b$732 [2] 2'01 $memory$auto$proc_rom.cc:150:do_switch$505$rdmux[0][6][10]$b$732 [2] $memory$auto$proc_rom.cc:150:do_switch$505$rdmux[0][6][10]$b$732 [0] $memory$auto$proc_rom.cc:150:do_switch$505$rdmux[0][6][10]$b$732 [0] }, Y={ $memory$auto$proc_rom.cc:150:do_switch$505$rdmux[0][5][5]$a$620 [10] $memory$auto$proc_rom.cc:150:do_switch$505$rdmux[0][5][5]$a$620 [8:6] $memory$auto$proc_rom.cc:150:do_switch$505$rdmux[0][5][5]$a$620 [4:0] }
      New connections: { $memory$auto$proc_rom.cc:150:do_switch$505$rdmux[0][5][5]$a$620 [15:11] $memory$auto$proc_rom.cc:150:do_switch$505$rdmux[0][5][5]$a$620 [9] $memory$auto$proc_rom.cc:150:do_switch$505$rdmux[0][5][5]$a$620 [5] } = { 5'00010 $memory$auto$proc_rom.cc:150:do_switch$505$rdmux[0][5][5]$a$620 [7] $memory$auto$proc_rom.cc:150:do_switch$505$rdmux[0][5][5]$a$620 [2] }
    Consolidated identical input bits for $mux cell $memory$auto$proc_rom.cc:150:do_switch$505$rdmux[0][6][9]$727:
      Old ports: A=$memory$auto$proc_rom.cc:150:do_switch$505$rdmux[0][6][9]$a$728, B=$memory$auto$proc_rom.cc:150:do_switch$505$rdmux[0][6][9]$b$729, Y=$memory$auto$proc_rom.cc:150:do_switch$505$rdmux[0][5][4]$b$618
      New ports: A={ 1'0 $memory$auto$proc_rom.cc:150:do_switch$505$rdmux[0][6][9]$a$728 [1] $memory$auto$proc_rom.cc:150:do_switch$505$rdmux[0][6][9]$a$728 [8] $memory$auto$proc_rom.cc:150:do_switch$505$rdmux[0][6][9]$a$728 [1] $memory$auto$proc_rom.cc:150:do_switch$505$rdmux[0][6][9]$a$728 [1] 2'10 $memory$auto$proc_rom.cc:150:do_switch$505$rdmux[0][6][9]$a$728 [1] 1'1 }, B={ 2'11 $memory$auto$proc_rom.cc:150:do_switch$505$rdmux[0][6][9]$b$729 [7] $memory$auto$proc_rom.cc:150:do_switch$505$rdmux[0][6][9]$b$729 [7] 1'0 $memory$auto$proc_rom.cc:150:do_switch$505$rdmux[0][6][9]$b$729 [1] $memory$auto$proc_rom.cc:150:do_switch$505$rdmux[0][6][9]$b$729 [1] $memory$auto$proc_rom.cc:150:do_switch$505$rdmux[0][6][9]$b$729 [1] 1'0 }, Y={ $memory$auto$proc_rom.cc:150:do_switch$505$rdmux[0][5][4]$b$618 [10:7] $memory$auto$proc_rom.cc:150:do_switch$505$rdmux[0][5][4]$b$618 [5] $memory$auto$proc_rom.cc:150:do_switch$505$rdmux[0][5][4]$b$618 [3:0] }
      New connections: { $memory$auto$proc_rom.cc:150:do_switch$505$rdmux[0][5][4]$b$618 [15:11] $memory$auto$proc_rom.cc:150:do_switch$505$rdmux[0][5][4]$b$618 [6] $memory$auto$proc_rom.cc:150:do_switch$505$rdmux[0][5][4]$b$618 [4] } = { 4'0001 $memory$auto$proc_rom.cc:150:do_switch$505$rdmux[0][5][4]$b$618 [0] 2'11 }
    Consolidated identical input bits for $mux cell $memory$auto$proc_rom.cc:150:do_switch$505$rdmux[0][6][8]$724:
      Old ports: A=$memory$auto$proc_rom.cc:150:do_switch$505$rdmux[0][6][8]$a$725, B=$memory$auto$proc_rom.cc:150:do_switch$505$rdmux[0][6][8]$b$726, Y=$memory$auto$proc_rom.cc:150:do_switch$505$rdmux[0][5][4]$a$617
      New ports: A={ $memory$auto$proc_rom.cc:150:do_switch$505$rdmux[0][6][8]$a$725 [0] $memory$auto$proc_rom.cc:150:do_switch$505$rdmux[0][6][8]$a$725 [0] 1'0 $memory$auto$proc_rom.cc:150:do_switch$505$rdmux[0][6][8]$a$725 [3] 2'10 $memory$auto$proc_rom.cc:150:do_switch$505$rdmux[0][6][8]$a$725 [0] }, B={ $memory$auto$proc_rom.cc:150:do_switch$505$rdmux[0][6][8]$b$726 [1] $memory$auto$proc_rom.cc:150:do_switch$505$rdmux[0][6][8]$b$726 [3] 1'1 $memory$auto$proc_rom.cc:150:do_switch$505$rdmux[0][6][8]$b$726 [3] 1'0 $memory$auto$proc_rom.cc:150:do_switch$505$rdmux[0][6][8]$b$726 [1] 1'1 }, Y={ $memory$auto$proc_rom.cc:150:do_switch$505$rdmux[0][5][4]$a$617 [9] $memory$auto$proc_rom.cc:150:do_switch$505$rdmux[0][5][4]$a$617 [5:0] }
      New connections: { $memory$auto$proc_rom.cc:150:do_switch$505$rdmux[0][5][4]$a$617 [15:10] $memory$auto$proc_rom.cc:150:do_switch$505$rdmux[0][5][4]$a$617 [8:6] } = { 2'00 $memory$auto$proc_rom.cc:150:do_switch$505$rdmux[0][5][4]$a$617 [2] $memory$auto$proc_rom.cc:150:do_switch$505$rdmux[0][5][4]$a$617 [4] $memory$auto$proc_rom.cc:150:do_switch$505$rdmux[0][5][4]$a$617 [4] $memory$auto$proc_rom.cc:150:do_switch$505$rdmux[0][5][4]$a$617 [4] 3'010 }
    Consolidated identical input bits for $mux cell $memory$auto$proc_rom.cc:150:do_switch$505$rdmux[0][6][7]$721:
      Old ports: A=$memory$auto$proc_rom.cc:150:do_switch$505$rdmux[0][6][7]$a$722, B=$memory$auto$proc_rom.cc:150:do_switch$505$rdmux[0][6][7]$b$723, Y=$memory$auto$proc_rom.cc:150:do_switch$505$rdmux[0][5][3]$b$615
      New ports: A={ $memory$auto$proc_rom.cc:150:do_switch$505$rdmux[0][6][7]$a$722 [2] 1'0 $memory$auto$proc_rom.cc:150:do_switch$505$rdmux[0][6][7]$a$722 [1] $memory$auto$proc_rom.cc:150:do_switch$505$rdmux[0][6][7]$a$722 [2] 1'1 $memory$auto$proc_rom.cc:150:do_switch$505$rdmux[0][6][7]$a$722 [2:1] 1'0 }, B={ 1'1 $memory$auto$proc_rom.cc:150:do_switch$505$rdmux[0][6][7]$b$723 [1:0] $memory$auto$proc_rom.cc:150:do_switch$505$rdmux[0][6][7]$b$723 [0] 2'00 $memory$auto$proc_rom.cc:150:do_switch$505$rdmux[0][6][7]$b$723 [1:0] }, Y={ $memory$auto$proc_rom.cc:150:do_switch$505$rdmux[0][5][3]$b$615 [10:9] $memory$auto$proc_rom.cc:150:do_switch$505$rdmux[0][5][3]$b$615 [7] $memory$auto$proc_rom.cc:150:do_switch$505$rdmux[0][5][3]$b$615 [5] $memory$auto$proc_rom.cc:150:do_switch$505$rdmux[0][5][3]$b$615 [3:0] }
      New connections: { $memory$auto$proc_rom.cc:150:do_switch$505$rdmux[0][5][3]$b$615 [15:11] $memory$auto$proc_rom.cc:150:do_switch$505$rdmux[0][5][3]$b$615 [8] $memory$auto$proc_rom.cc:150:do_switch$505$rdmux[0][5][3]$b$615 [6] $memory$auto$proc_rom.cc:150:do_switch$505$rdmux[0][5][3]$b$615 [4] } = { 4'0010 $memory$auto$proc_rom.cc:150:do_switch$505$rdmux[0][5][3]$b$615 [3] $memory$auto$proc_rom.cc:150:do_switch$505$rdmux[0][5][3]$b$615 [1] 1'1 $memory$auto$proc_rom.cc:150:do_switch$505$rdmux[0][5][3]$b$615 [2] }
    Consolidated identical input bits for $mux cell $memory$auto$proc_rom.cc:150:do_switch$505$rdmux[0][6][6]$718:
      Old ports: A=$memory$auto$proc_rom.cc:150:do_switch$505$rdmux[0][6][6]$a$719, B=$memory$auto$proc_rom.cc:150:do_switch$505$rdmux[0][6][6]$b$720, Y=$memory$auto$proc_rom.cc:150:do_switch$505$rdmux[0][5][3]$a$614
      New ports: A={ 1'1 $memory$auto$proc_rom.cc:150:do_switch$505$rdmux[0][6][6]$a$719 [5] 1'1 $memory$auto$proc_rom.cc:150:do_switch$505$rdmux[0][6][6]$a$719 [5] 1'0 $memory$auto$proc_rom.cc:150:do_switch$505$rdmux[0][6][6]$a$719 [5] $memory$auto$proc_rom.cc:150:do_switch$505$rdmux[0][6][6]$a$719 [1] $memory$auto$proc_rom.cc:150:do_switch$505$rdmux[0][6][6]$a$719 [1] }, B={ $memory$auto$proc_rom.cc:150:do_switch$505$rdmux[0][6][6]$b$720 [5] $memory$auto$proc_rom.cc:150:do_switch$505$rdmux[0][6][6]$b$720 [1] $memory$auto$proc_rom.cc:150:do_switch$505$rdmux[0][6][6]$b$720 [1] 2'01 $memory$auto$proc_rom.cc:150:do_switch$505$rdmux[0][6][6]$b$720 [5] 1'0 $memory$auto$proc_rom.cc:150:do_switch$505$rdmux[0][6][6]$b$720 [1] }, Y={ $memory$auto$proc_rom.cc:150:do_switch$505$rdmux[0][5][3]$a$614 [12] $memory$auto$proc_rom.cc:150:do_switch$505$rdmux[0][5][3]$a$614 [10] $memory$auto$proc_rom.cc:150:do_switch$505$rdmux[0][5][3]$a$614 [8:5] $memory$auto$proc_rom.cc:150:do_switch$505$rdmux[0][5][3]$a$614 [2:1] }
      New connections: { $memory$auto$proc_rom.cc:150:do_switch$505$rdmux[0][5][3]$a$614 [15:13] $memory$auto$proc_rom.cc:150:do_switch$505$rdmux[0][5][3]$a$614 [11] $memory$auto$proc_rom.cc:150:do_switch$505$rdmux[0][5][3]$a$614 [9] $memory$auto$proc_rom.cc:150:do_switch$505$rdmux[0][5][3]$a$614 [4:3] $memory$auto$proc_rom.cc:150:do_switch$505$rdmux[0][5][3]$a$614 [0] } = { 3'001 $memory$auto$proc_rom.cc:150:do_switch$505$rdmux[0][5][3]$a$614 [1] $memory$auto$proc_rom.cc:150:do_switch$505$rdmux[0][5][3]$a$614 [6] $memory$auto$proc_rom.cc:150:do_switch$505$rdmux[0][5][3]$a$614 [1] 2'11 }
    Consolidated identical input bits for $mux cell $memory$auto$proc_rom.cc:150:do_switch$505$rdmux[0][6][5]$715:
      Old ports: A=$memory$auto$proc_rom.cc:150:do_switch$505$rdmux[0][6][5]$a$716, B=$memory$auto$proc_rom.cc:150:do_switch$505$rdmux[0][6][5]$b$717, Y=$memory$auto$proc_rom.cc:150:do_switch$505$rdmux[0][5][2]$b$612
      New ports: A={ 2'10 $memory$auto$proc_rom.cc:150:do_switch$505$rdmux[0][6][5]$a$716 [3] $memory$auto$proc_rom.cc:150:do_switch$505$rdmux[0][6][5]$a$716 [3] 1'1 $memory$auto$proc_rom.cc:150:do_switch$505$rdmux[0][6][5]$a$716 [0] $memory$auto$proc_rom.cc:150:do_switch$505$rdmux[0][6][5]$a$716 [3] $memory$auto$proc_rom.cc:150:do_switch$505$rdmux[0][6][5]$a$716 [3] $memory$auto$proc_rom.cc:150:do_switch$505$rdmux[0][6][5]$a$716 [0] $memory$auto$proc_rom.cc:150:do_switch$505$rdmux[0][6][5]$a$716 [0] $memory$auto$proc_rom.cc:150:do_switch$505$rdmux[0][6][5]$a$716 [0] }, B={ $memory$auto$proc_rom.cc:150:do_switch$505$rdmux[0][6][5]$b$717 [4] $memory$auto$proc_rom.cc:150:do_switch$505$rdmux[0][6][5]$b$717 [2] $memory$auto$proc_rom.cc:150:do_switch$505$rdmux[0][6][5]$b$717 [2] 1'0 $memory$auto$proc_rom.cc:150:do_switch$505$rdmux[0][6][5]$b$717 [2] $memory$auto$proc_rom.cc:150:do_switch$505$rdmux[0][6][5]$b$717 [4] $memory$auto$proc_rom.cc:150:do_switch$505$rdmux[0][6][5]$b$717 [4] 1'1 $memory$auto$proc_rom.cc:150:do_switch$505$rdmux[0][6][5]$b$717 [2] 2'10 }, Y={ $memory$auto$proc_rom.cc:150:do_switch$505$rdmux[0][5][2]$b$612 [14] $memory$auto$proc_rom.cc:150:do_switch$505$rdmux[0][5][2]$b$612 [12:11] $memory$auto$proc_rom.cc:150:do_switch$505$rdmux[0][5][2]$b$612 [8] $memory$auto$proc_rom.cc:150:do_switch$505$rdmux[0][5][2]$b$612 [6:0] }
      New connections: { $memory$auto$proc_rom.cc:150:do_switch$505$rdmux[0][5][2]$b$612 [15] $memory$auto$proc_rom.cc:150:do_switch$505$rdmux[0][5][2]$b$612 [13] $memory$auto$proc_rom.cc:150:do_switch$505$rdmux[0][5][2]$b$612 [10:9] $memory$auto$proc_rom.cc:150:do_switch$505$rdmux[0][5][2]$b$612 [7] } = { 1'0 $memory$auto$proc_rom.cc:150:do_switch$505$rdmux[0][5][2]$b$612 [12] $memory$auto$proc_rom.cc:150:do_switch$505$rdmux[0][5][2]$b$612 [2] 1'0 $memory$auto$proc_rom.cc:150:do_switch$505$rdmux[0][5][2]$b$612 [1] }
    Consolidated identical input bits for $mux cell $memory$auto$proc_rom.cc:150:do_switch$505$rdmux[0][6][4]$712:
      Old ports: A=$memory$auto$proc_rom.cc:150:do_switch$505$rdmux[0][6][4]$a$713, B=$memory$auto$proc_rom.cc:150:do_switch$505$rdmux[0][6][4]$b$714, Y=$memory$auto$proc_rom.cc:150:do_switch$505$rdmux[0][5][2]$a$611
      New ports: A={ 1'1 $memory$auto$proc_rom.cc:150:do_switch$505$rdmux[0][6][4]$a$713 [0] 1'0 $memory$auto$proc_rom.cc:150:do_switch$505$rdmux[0][6][4]$a$713 [4] 1'1 $memory$auto$proc_rom.cc:150:do_switch$505$rdmux[0][6][4]$a$713 [4] 1'1 $memory$auto$proc_rom.cc:150:do_switch$505$rdmux[0][6][4]$a$713 [0] 1'0 $memory$auto$proc_rom.cc:150:do_switch$505$rdmux[0][6][4]$a$713 [0] }, B={ $memory$auto$proc_rom.cc:150:do_switch$505$rdmux[0][6][4]$b$714 [0] 1'1 $memory$auto$proc_rom.cc:150:do_switch$505$rdmux[0][6][4]$b$714 [2] 3'001 $memory$auto$proc_rom.cc:150:do_switch$505$rdmux[0][6][4]$b$714 [2] $memory$auto$proc_rom.cc:150:do_switch$505$rdmux[0][6][4]$b$714 [2] $memory$auto$proc_rom.cc:150:do_switch$505$rdmux[0][6][4]$b$714 [0] $memory$auto$proc_rom.cc:150:do_switch$505$rdmux[0][6][4]$b$714 [0] }, Y={ $memory$auto$proc_rom.cc:150:do_switch$505$rdmux[0][5][2]$a$611 [11] $memory$auto$proc_rom.cc:150:do_switch$505$rdmux[0][5][2]$a$611 [9:8] $memory$auto$proc_rom.cc:150:do_switch$505$rdmux[0][5][2]$a$611 [6:0] }
      New connections: { $memory$auto$proc_rom.cc:150:do_switch$505$rdmux[0][5][2]$a$611 [15:12] $memory$auto$proc_rom.cc:150:do_switch$505$rdmux[0][5][2]$a$611 [10] $memory$auto$proc_rom.cc:150:do_switch$505$rdmux[0][5][2]$a$611 [7] } = { 3'010 $memory$auto$proc_rom.cc:150:do_switch$505$rdmux[0][5][2]$a$611 [3] $memory$auto$proc_rom.cc:150:do_switch$505$rdmux[0][5][2]$a$611 [0] 1'0 }
    Consolidated identical input bits for $mux cell $memory$auto$proc_rom.cc:150:do_switch$505$rdmux[0][6][3]$709:
      Old ports: A=$memory$auto$proc_rom.cc:150:do_switch$505$rdmux[0][6][3]$a$710, B=$memory$auto$proc_rom.cc:150:do_switch$505$rdmux[0][6][3]$b$711, Y=$memory$auto$proc_rom.cc:150:do_switch$505$rdmux[0][5][1]$b$609
      New ports: A={ 1'0 $memory$auto$proc_rom.cc:150:do_switch$505$rdmux[0][6][3]$a$710 [4] $memory$auto$proc_rom.cc:150:do_switch$505$rdmux[0][6][3]$a$710 [2] $memory$auto$proc_rom.cc:150:do_switch$505$rdmux[0][6][3]$a$710 [4] 1'1 $memory$auto$proc_rom.cc:150:do_switch$505$rdmux[0][6][3]$a$710 [2] 2'01 }, B={ $memory$auto$proc_rom.cc:150:do_switch$505$rdmux[0][6][3]$b$711 [6] 1'0 $memory$auto$proc_rom.cc:150:do_switch$505$rdmux[0][6][3]$b$711 [6] $memory$auto$proc_rom.cc:150:do_switch$505$rdmux[0][6][3]$b$711 [0] 1'0 $memory$auto$proc_rom.cc:150:do_switch$505$rdmux[0][6][3]$b$711 [0] $memory$auto$proc_rom.cc:150:do_switch$505$rdmux[0][6][3]$b$711 [0] $memory$auto$proc_rom.cc:150:do_switch$505$rdmux[0][6][3]$b$711 [0] }, Y={ $memory$auto$proc_rom.cc:150:do_switch$505$rdmux[0][5][1]$b$609 [10] $memory$auto$proc_rom.cc:150:do_switch$505$rdmux[0][5][1]$b$609 [8] $memory$auto$proc_rom.cc:150:do_switch$505$rdmux[0][5][1]$b$609 [6] $memory$auto$proc_rom.cc:150:do_switch$505$rdmux[0][5][1]$b$609 [4:0] }
      New connections: { $memory$auto$proc_rom.cc:150:do_switch$505$rdmux[0][5][1]$b$609 [15:11] $memory$auto$proc_rom.cc:150:do_switch$505$rdmux[0][5][1]$b$609 [9] $memory$auto$proc_rom.cc:150:do_switch$505$rdmux[0][5][1]$b$609 [7] $memory$auto$proc_rom.cc:150:do_switch$505$rdmux[0][5][1]$b$609 [5] } = { 3'011 $memory$auto$proc_rom.cc:150:do_switch$505$rdmux[0][5][1]$b$609 [3:0] $memory$auto$proc_rom.cc:150:do_switch$505$rdmux[0][5][1]$b$609 [2] }
    Consolidated identical input bits for $mux cell $memory$auto$proc_rom.cc:150:do_switch$505$rdmux[0][6][2]$706:
      Old ports: A=$memory$auto$proc_rom.cc:150:do_switch$505$rdmux[0][6][2]$a$707, B=$memory$auto$proc_rom.cc:150:do_switch$505$rdmux[0][6][2]$b$708, Y=$memory$auto$proc_rom.cc:150:do_switch$505$rdmux[0][5][1]$a$608
      New ports: A={ $memory$auto$proc_rom.cc:150:do_switch$505$rdmux[0][6][2]$a$707 [9] $memory$auto$proc_rom.cc:150:do_switch$505$rdmux[0][6][2]$a$707 [9] 2'10 $memory$auto$proc_rom.cc:150:do_switch$505$rdmux[0][6][2]$a$707 [3] 3'101 }, B={ $memory$auto$proc_rom.cc:150:do_switch$505$rdmux[0][6][2]$b$708 [1] 2'00 $memory$auto$proc_rom.cc:150:do_switch$505$rdmux[0][6][2]$b$708 [0] $memory$auto$proc_rom.cc:150:do_switch$505$rdmux[0][6][2]$b$708 [0] $memory$auto$proc_rom.cc:150:do_switch$505$rdmux[0][6][2]$b$708 [1] $memory$auto$proc_rom.cc:150:do_switch$505$rdmux[0][6][2]$b$708 [1:0] }, Y={ $memory$auto$proc_rom.cc:150:do_switch$505$rdmux[0][5][1]$a$608 [11] $memory$auto$proc_rom.cc:150:do_switch$505$rdmux[0][5][1]$a$608 [9] $memory$auto$proc_rom.cc:150:do_switch$505$rdmux[0][5][1]$a$608 [6:5] $memory$auto$proc_rom.cc:150:do_switch$505$rdmux[0][5][1]$a$608 [3:0] }
      New connections: { $memory$auto$proc_rom.cc:150:do_switch$505$rdmux[0][5][1]$a$608 [15:12] $memory$auto$proc_rom.cc:150:do_switch$505$rdmux[0][5][1]$a$608 [10] $memory$auto$proc_rom.cc:150:do_switch$505$rdmux[0][5][1]$a$608 [8:7] $memory$auto$proc_rom.cc:150:do_switch$505$rdmux[0][5][1]$a$608 [4] } = { 3'100 $memory$auto$proc_rom.cc:150:do_switch$505$rdmux[0][5][1]$a$608 [6] 1'0 $memory$auto$proc_rom.cc:150:do_switch$505$rdmux[0][5][1]$a$608 [2] $memory$auto$proc_rom.cc:150:do_switch$505$rdmux[0][5][1]$a$608 [3] $memory$auto$proc_rom.cc:150:do_switch$505$rdmux[0][5][1]$a$608 [3] }
    Consolidated identical input bits for $mux cell $memory$auto$proc_rom.cc:150:do_switch$505$rdmux[0][6][1]$703:
      Old ports: A=$memory$auto$proc_rom.cc:150:do_switch$505$rdmux[0][6][1]$a$704, B=$memory$auto$proc_rom.cc:150:do_switch$505$rdmux[0][6][1]$b$705, Y=$memory$auto$proc_rom.cc:150:do_switch$505$rdmux[0][5][0]$b$606
      New ports: A={ $memory$auto$proc_rom.cc:150:do_switch$505$rdmux[0][6][1]$a$704 [11] $memory$auto$proc_rom.cc:150:do_switch$505$rdmux[0][6][1]$a$704 [11] $memory$auto$proc_rom.cc:150:do_switch$505$rdmux[0][6][1]$a$704 [11] $memory$auto$proc_rom.cc:150:do_switch$505$rdmux[0][6][1]$a$704 [0] 1'0 $memory$auto$proc_rom.cc:150:do_switch$505$rdmux[0][6][1]$a$704 [0] 1'1 $memory$auto$proc_rom.cc:150:do_switch$505$rdmux[0][6][1]$a$704 [0] 1'1 $memory$auto$proc_rom.cc:150:do_switch$505$rdmux[0][6][1]$a$704 [0] }, B={ 2'10 $memory$auto$proc_rom.cc:150:do_switch$505$rdmux[0][6][1]$b$705 [1] 1'1 $memory$auto$proc_rom.cc:150:do_switch$505$rdmux[0][6][1]$b$705 [1] $memory$auto$proc_rom.cc:150:do_switch$505$rdmux[0][6][1]$b$705 [1:0] 1'0 $memory$auto$proc_rom.cc:150:do_switch$505$rdmux[0][6][1]$b$705 [1:0] }, Y={ $memory$auto$proc_rom.cc:150:do_switch$505$rdmux[0][5][0]$b$606 [13:10] $memory$auto$proc_rom.cc:150:do_switch$505$rdmux[0][5][0]$b$606 [5:0] }
      New connections: { $memory$auto$proc_rom.cc:150:do_switch$505$rdmux[0][5][0]$b$606 [15:14] $memory$auto$proc_rom.cc:150:do_switch$505$rdmux[0][5][0]$b$606 [9:6] } = { 1'1 $memory$auto$proc_rom.cc:150:do_switch$505$rdmux[0][5][0]$b$606 [2:1] 1'1 $memory$auto$proc_rom.cc:150:do_switch$505$rdmux[0][5][0]$b$606 [5] 1'1 }
    Consolidated identical input bits for $mux cell $memory$auto$proc_rom.cc:150:do_switch$505$rdmux[0][6][0]$700:
      Old ports: A=$memory$auto$proc_rom.cc:150:do_switch$505$rdmux[0][6][0]$a$701, B=$memory$auto$proc_rom.cc:150:do_switch$505$rdmux[0][6][0]$b$702, Y=$memory$auto$proc_rom.cc:150:do_switch$505$rdmux[0][5][0]$a$605
      New ports: A={ $memory$auto$proc_rom.cc:150:do_switch$505$rdmux[0][6][0]$a$701 [0] $memory$auto$proc_rom.cc:150:do_switch$505$rdmux[0][6][0]$a$701 [0] 3'111 $memory$auto$proc_rom.cc:150:do_switch$505$rdmux[0][6][0]$a$701 [0] $memory$auto$proc_rom.cc:150:do_switch$505$rdmux[0][6][0]$a$701 [0] }, B={ $memory$auto$proc_rom.cc:150:do_switch$505$rdmux[0][6][0]$b$702 [4] $memory$auto$proc_rom.cc:150:do_switch$505$rdmux[0][6][0]$b$702 [6] $memory$auto$proc_rom.cc:150:do_switch$505$rdmux[0][6][0]$b$702 [6] $memory$auto$proc_rom.cc:150:do_switch$505$rdmux[0][6][0]$b$702 [4] 3'010 }, Y={ $memory$auto$proc_rom.cc:150:do_switch$505$rdmux[0][5][0]$a$605 [10] $memory$auto$proc_rom.cc:150:do_switch$505$rdmux[0][5][0]$a$605 [7:6] $memory$auto$proc_rom.cc:150:do_switch$505$rdmux[0][5][0]$a$605 [4] $memory$auto$proc_rom.cc:150:do_switch$505$rdmux[0][5][0]$a$605 [2:0] }
      New connections: { $memory$auto$proc_rom.cc:150:do_switch$505$rdmux[0][5][0]$a$605 [15:11] $memory$auto$proc_rom.cc:150:do_switch$505$rdmux[0][5][0]$a$605 [9:8] $memory$auto$proc_rom.cc:150:do_switch$505$rdmux[0][5][0]$a$605 [5] $memory$auto$proc_rom.cc:150:do_switch$505$rdmux[0][5][0]$a$605 [3] } = { 2'11 $memory$auto$proc_rom.cc:150:do_switch$505$rdmux[0][5][0]$a$605 [6] $memory$auto$proc_rom.cc:150:do_switch$505$rdmux[0][5][0]$a$605 [4] $memory$auto$proc_rom.cc:150:do_switch$505$rdmux[0][5][0]$a$605 [0] $memory$auto$proc_rom.cc:150:do_switch$505$rdmux[0][5][0]$a$605 [0] $memory$auto$proc_rom.cc:150:do_switch$505$rdmux[0][5][0]$a$605 [7] 2'11 }
    Consolidated identical input bits for $mux cell $memory$auto$proc_rom.cc:150:do_switch$505$rdmux[0][5][19]$661:
      Old ports: A=$memory$auto$proc_rom.cc:150:do_switch$505$rdmux[0][5][19]$a$662, B=$memory$auto$proc_rom.cc:150:do_switch$505$rdmux[0][5][19]$b$663, Y=$memory$auto$proc_rom.cc:150:do_switch$505$rdmux[0][4][9]$b$585
      New ports: A={ 2'10 $memory$auto$proc_rom.cc:150:do_switch$505$rdmux[0][5][19]$a$662 [0] }, B={ $memory$auto$proc_rom.cc:150:do_switch$505$rdmux[0][5][19]$b$663 [2] $memory$auto$proc_rom.cc:150:do_switch$505$rdmux[0][5][19]$b$663 [0] $memory$auto$proc_rom.cc:150:do_switch$505$rdmux[0][5][19]$b$663 [0] }, Y=$memory$auto$proc_rom.cc:150:do_switch$505$rdmux[0][4][9]$b$585 [2:0]
      New connections: $memory$auto$proc_rom.cc:150:do_switch$505$rdmux[0][4][9]$b$585 [15:3] = 13'0000000000000
  Optimizing cells in module \exp_lut.
    Consolidated identical input bits for $mux cell $memory$auto$proc_rom.cc:150:do_switch$505$rdmux[0][5][23]$673:
      Old ports: A=16'0000000000000001, B=$memory$auto$proc_rom.cc:150:do_switch$505$rdmux[0][5][23]$b$675, Y=$memory$auto$proc_rom.cc:150:do_switch$505$rdmux[0][4][11]$b$591
      New ports: A=1'1, B=$memory$auto$proc_rom.cc:150:do_switch$505$rdmux[0][5][23]$b$675 [0], Y=$memory$auto$proc_rom.cc:150:do_switch$505$rdmux[0][4][11]$b$591 [0]
      New connections: $memory$auto$proc_rom.cc:150:do_switch$505$rdmux[0][4][11]$b$591 [15:1] = 15'000000000000000
    Consolidated identical input bits for $mux cell $memory$auto$proc_rom.cc:150:do_switch$505$rdmux[0][5][21]$667:
      Old ports: A=$memory$auto$proc_rom.cc:150:do_switch$505$rdmux[0][5][21]$a$668, B=16'0000000000000001, Y=$memory$auto$proc_rom.cc:150:do_switch$505$rdmux[0][4][10]$b$588
      New ports: A=$memory$auto$proc_rom.cc:150:do_switch$505$rdmux[0][5][21]$a$668 [1:0], B=2'01, Y=$memory$auto$proc_rom.cc:150:do_switch$505$rdmux[0][4][10]$b$588 [1:0]
      New connections: $memory$auto$proc_rom.cc:150:do_switch$505$rdmux[0][4][10]$b$588 [15:2] = 14'00000000000000
    Consolidated identical input bits for $mux cell $memory$auto$proc_rom.cc:150:do_switch$505$rdmux[0][5][20]$664:
      Old ports: A=$memory$auto$proc_rom.cc:150:do_switch$505$rdmux[0][5][20]$a$665, B=16'0000000000000010, Y=$memory$auto$proc_rom.cc:150:do_switch$505$rdmux[0][4][10]$a$587
      New ports: A=$memory$auto$proc_rom.cc:150:do_switch$505$rdmux[0][5][20]$a$665 [0], B=1'0, Y=$memory$auto$proc_rom.cc:150:do_switch$505$rdmux[0][4][10]$a$587 [0]
      New connections: $memory$auto$proc_rom.cc:150:do_switch$505$rdmux[0][4][10]$a$587 [15:1] = 15'000000000000001
    Consolidated identical input bits for $mux cell $memory$auto$proc_rom.cc:150:do_switch$505$rdmux[0][5][18]$658:
      Old ports: A=$memory$auto$proc_rom.cc:150:do_switch$505$rdmux[0][5][18]$a$659, B=$memory$auto$proc_rom.cc:150:do_switch$505$rdmux[0][5][18]$b$660, Y=$memory$auto$proc_rom.cc:150:do_switch$505$rdmux[0][4][9]$a$584
      New ports: A={ $memory$auto$proc_rom.cc:150:do_switch$505$rdmux[0][5][18]$a$659 [3] $memory$auto$proc_rom.cc:150:do_switch$505$rdmux[0][5][18]$a$659 [0] $memory$auto$proc_rom.cc:150:do_switch$505$rdmux[0][5][18]$a$659 [0] $memory$auto$proc_rom.cc:150:do_switch$505$rdmux[0][5][18]$a$659 [0] }, B={ 2'01 $memory$auto$proc_rom.cc:150:do_switch$505$rdmux[0][5][18]$b$660 [1:0] }, Y=$memory$auto$proc_rom.cc:150:do_switch$505$rdmux[0][4][9]$a$584 [3:0]
      New connections: $memory$auto$proc_rom.cc:150:do_switch$505$rdmux[0][4][9]$a$584 [15:4] = 12'000000000000
    Consolidated identical input bits for $mux cell $memory$auto$proc_rom.cc:150:do_switch$505$rdmux[0][5][17]$655:
      Old ports: A=$memory$auto$proc_rom.cc:150:do_switch$505$rdmux[0][5][17]$a$656, B=$memory$auto$proc_rom.cc:150:do_switch$505$rdmux[0][5][17]$b$657, Y=$memory$auto$proc_rom.cc:150:do_switch$505$rdmux[0][4][8]$b$582
      New ports: A=$memory$auto$proc_rom.cc:150:do_switch$505$rdmux[0][5][17]$a$656 [2:0], B={ 1'0 $memory$auto$proc_rom.cc:150:do_switch$505$rdmux[0][5][17]$b$657 [1:0] }, Y=$memory$auto$proc_rom.cc:150:do_switch$505$rdmux[0][4][8]$b$582 [2:0]
      New connections: $memory$auto$proc_rom.cc:150:do_switch$505$rdmux[0][4][8]$b$582 [15:3] = 13'0000000000001
    Consolidated identical input bits for $mux cell $memory$auto$proc_rom.cc:150:do_switch$505$rdmux[0][5][16]$652:
      Old ports: A=$memory$auto$proc_rom.cc:150:do_switch$505$rdmux[0][5][16]$a$653, B=$memory$auto$proc_rom.cc:150:do_switch$505$rdmux[0][5][16]$b$654, Y=$memory$auto$proc_rom.cc:150:do_switch$505$rdmux[0][4][8]$a$581
      New ports: A={ 2'10 $memory$auto$proc_rom.cc:150:do_switch$505$rdmux[0][5][16]$a$653 [2:0] }, B={ $memory$auto$proc_rom.cc:150:do_switch$505$rdmux[0][5][16]$b$654 [4] $memory$auto$proc_rom.cc:150:do_switch$505$rdmux[0][5][16]$b$654 [1] $memory$auto$proc_rom.cc:150:do_switch$505$rdmux[0][5][16]$b$654 [1] $memory$auto$proc_rom.cc:150:do_switch$505$rdmux[0][5][16]$b$654 [1:0] }, Y=$memory$auto$proc_rom.cc:150:do_switch$505$rdmux[0][4][8]$a$581 [4:0]
      New connections: $memory$auto$proc_rom.cc:150:do_switch$505$rdmux[0][4][8]$a$581 [15:5] = 11'00000000000
    Consolidated identical input bits for $mux cell $memory$auto$proc_rom.cc:150:do_switch$505$rdmux[0][5][15]$649:
      Old ports: A=$memory$auto$proc_rom.cc:150:do_switch$505$rdmux[0][5][15]$a$650, B=$memory$auto$proc_rom.cc:150:do_switch$505$rdmux[0][5][15]$b$651, Y=$memory$auto$proc_rom.cc:150:do_switch$505$rdmux[0][4][7]$b$579
      New ports: A={ $memory$auto$proc_rom.cc:150:do_switch$505$rdmux[0][5][15]$a$650 [5] $memory$auto$proc_rom.cc:150:do_switch$505$rdmux[0][5][15]$a$650 [3] $memory$auto$proc_rom.cc:150:do_switch$505$rdmux[0][5][15]$a$650 [3:1] 1'0 }, B={ 2'01 $memory$auto$proc_rom.cc:150:do_switch$505$rdmux[0][5][15]$b$651 [3:0] }, Y=$memory$auto$proc_rom.cc:150:do_switch$505$rdmux[0][4][7]$b$579 [5:0]
      New connections: $memory$auto$proc_rom.cc:150:do_switch$505$rdmux[0][4][7]$b$579 [15:6] = 10'0000000000
    Consolidated identical input bits for $mux cell $memory$auto$proc_rom.cc:150:do_switch$505$rdmux[0][5][14]$646:
      Old ports: A=$memory$auto$proc_rom.cc:150:do_switch$505$rdmux[0][5][14]$a$647, B=$memory$auto$proc_rom.cc:150:do_switch$505$rdmux[0][5][14]$b$648, Y=$memory$auto$proc_rom.cc:150:do_switch$505$rdmux[0][4][7]$a$578
      New ports: A={ 1'1 $memory$auto$proc_rom.cc:150:do_switch$505$rdmux[0][5][14]$a$647 [3:0] }, B={ 1'0 $memory$auto$proc_rom.cc:150:do_switch$505$rdmux[0][5][14]$b$648 [3:0] }, Y=$memory$auto$proc_rom.cc:150:do_switch$505$rdmux[0][4][7]$a$578 [4:0]
      New connections: $memory$auto$proc_rom.cc:150:do_switch$505$rdmux[0][4][7]$a$578 [15:5] = 11'00000000001
    Consolidated identical input bits for $mux cell $memory$auto$proc_rom.cc:150:do_switch$505$rdmux[0][5][13]$643:
      Old ports: A=$memory$auto$proc_rom.cc:150:do_switch$505$rdmux[0][5][13]$a$644, B=$memory$auto$proc_rom.cc:150:do_switch$505$rdmux[0][5][13]$b$645, Y=$memory$auto$proc_rom.cc:150:do_switch$505$rdmux[0][4][6]$b$576
      New ports: A=$memory$auto$proc_rom.cc:150:do_switch$505$rdmux[0][5][13]$a$644 [5:0], B={ 2'00 $memory$auto$proc_rom.cc:150:do_switch$505$rdmux[0][5][13]$b$645 [3:2] 1'0 $memory$auto$proc_rom.cc:150:do_switch$505$rdmux[0][5][13]$b$645 [0] }, Y=$memory$auto$proc_rom.cc:150:do_switch$505$rdmux[0][4][6]$b$576 [5:0]
      New connections: $memory$auto$proc_rom.cc:150:do_switch$505$rdmux[0][4][6]$b$576 [15:6] = 10'0000000001
    Consolidated identical input bits for $mux cell $memory$auto$proc_rom.cc:150:do_switch$505$rdmux[0][5][12]$640:
      Old ports: A=$memory$auto$proc_rom.cc:150:do_switch$505$rdmux[0][5][12]$a$641, B=$memory$auto$proc_rom.cc:150:do_switch$505$rdmux[0][5][12]$b$642, Y=$memory$auto$proc_rom.cc:150:do_switch$505$rdmux[0][4][6]$a$575
      New ports: A={ 2'10 $memory$auto$proc_rom.cc:150:do_switch$505$rdmux[0][5][12]$a$641 [5:0] }, B={ 3'011 $memory$auto$proc_rom.cc:150:do_switch$505$rdmux[0][5][12]$b$642 [4:3] $memory$auto$proc_rom.cc:150:do_switch$505$rdmux[0][5][12]$b$642 [1] $memory$auto$proc_rom.cc:150:do_switch$505$rdmux[0][5][12]$b$642 [1:0] }, Y=$memory$auto$proc_rom.cc:150:do_switch$505$rdmux[0][4][6]$a$575 [7:0]
      New connections: $memory$auto$proc_rom.cc:150:do_switch$505$rdmux[0][4][6]$a$575 [15:8] = 8'00000000
    Consolidated identical input bits for $mux cell $memory$auto$proc_rom.cc:150:do_switch$505$rdmux[0][5][11]$637:
      Old ports: A=$memory$auto$proc_rom.cc:150:do_switch$505$rdmux[0][5][11]$a$638, B=$memory$auto$proc_rom.cc:150:do_switch$505$rdmux[0][5][11]$b$639, Y=$memory$auto$proc_rom.cc:150:do_switch$505$rdmux[0][4][5]$b$573
      New ports: A={ $memory$auto$proc_rom.cc:150:do_switch$505$rdmux[0][5][11]$a$638 [8] $memory$auto$proc_rom.cc:150:do_switch$505$rdmux[0][5][11]$a$638 [6] $memory$auto$proc_rom.cc:150:do_switch$505$rdmux[0][5][11]$a$638 [6:4] 2'11 $memory$auto$proc_rom.cc:150:do_switch$505$rdmux[0][5][11]$a$638 [1] 1'0 }, B={ 2'01 $memory$auto$proc_rom.cc:150:do_switch$505$rdmux[0][5][11]$b$639 [6] $memory$auto$proc_rom.cc:150:do_switch$505$rdmux[0][5][11]$b$639 [3] $memory$auto$proc_rom.cc:150:do_switch$505$rdmux[0][5][11]$b$639 [4:2] 1'0 $memory$auto$proc_rom.cc:150:do_switch$505$rdmux[0][5][11]$b$639 [0] }, Y=$memory$auto$proc_rom.cc:150:do_switch$505$rdmux[0][4][5]$b$573 [8:0]
      New connections: $memory$auto$proc_rom.cc:150:do_switch$505$rdmux[0][4][5]$b$573 [15:9] = 7'0000000
    Consolidated identical input bits for $mux cell $memory$auto$proc_rom.cc:150:do_switch$505$rdmux[0][5][10]$634:
      Old ports: A=$memory$auto$proc_rom.cc:150:do_switch$505$rdmux[0][5][10]$a$635, B=$memory$auto$proc_rom.cc:150:do_switch$505$rdmux[0][5][10]$b$636, Y=$memory$auto$proc_rom.cc:150:do_switch$505$rdmux[0][4][5]$a$572
      New ports: A={ $memory$auto$proc_rom.cc:150:do_switch$505$rdmux[0][5][10]$a$635 [7:2] 1'1 $memory$auto$proc_rom.cc:150:do_switch$505$rdmux[0][5][10]$a$635 [0] }, B={ 1'0 $memory$auto$proc_rom.cc:150:do_switch$505$rdmux[0][5][10]$b$636 [6:0] }, Y=$memory$auto$proc_rom.cc:150:do_switch$505$rdmux[0][4][5]$a$572 [7:0]
      New connections: $memory$auto$proc_rom.cc:150:do_switch$505$rdmux[0][4][5]$a$572 [15:8] = 8'00000001
    Consolidated identical input bits for $mux cell $memory$auto$proc_rom.cc:150:do_switch$505$rdmux[0][5][9]$631:
      Old ports: A=$memory$auto$proc_rom.cc:150:do_switch$505$rdmux[0][5][9]$a$632, B=$memory$auto$proc_rom.cc:150:do_switch$505$rdmux[0][5][9]$b$633, Y=$memory$auto$proc_rom.cc:150:do_switch$505$rdmux[0][4][4]$b$570
      New ports: A={ 2'10 $memory$auto$proc_rom.cc:150:do_switch$505$rdmux[0][5][9]$a$632 [7] $memory$auto$proc_rom.cc:150:do_switch$505$rdmux[0][5][9]$a$632 [4] $memory$auto$proc_rom.cc:150:do_switch$505$rdmux[0][5][9]$a$632 [5:1] 1'0 }, B={ $memory$auto$proc_rom.cc:150:do_switch$505$rdmux[0][5][9]$b$633 [0] $memory$auto$proc_rom.cc:150:do_switch$505$rdmux[0][5][9]$b$633 [6] $memory$auto$proc_rom.cc:150:do_switch$505$rdmux[0][5][9]$b$633 [6] $memory$auto$proc_rom.cc:150:do_switch$505$rdmux[0][5][9]$b$633 [6:5] 3'101 $memory$auto$proc_rom.cc:150:do_switch$505$rdmux[0][5][9]$b$633 [1:0] }, Y=$memory$auto$proc_rom.cc:150:do_switch$505$rdmux[0][4][4]$b$570 [9:0]
      New connections: $memory$auto$proc_rom.cc:150:do_switch$505$rdmux[0][4][4]$b$570 [15:10] = 6'000000
    Consolidated identical input bits for $mux cell $memory$auto$proc_rom.cc:150:do_switch$505$rdmux[0][5][8]$628:
      Old ports: A=$memory$auto$proc_rom.cc:150:do_switch$505$rdmux[0][5][8]$a$629, B=$memory$auto$proc_rom.cc:150:do_switch$505$rdmux[0][5][8]$b$630, Y=$memory$auto$proc_rom.cc:150:do_switch$505$rdmux[0][4][4]$a$569
      New ports: A={ $memory$auto$proc_rom.cc:150:do_switch$505$rdmux[0][5][8]$a$629 [10] $memory$auto$proc_rom.cc:150:do_switch$505$rdmux[0][5][8]$a$629 [8:6] 1'1 $memory$auto$proc_rom.cc:150:do_switch$505$rdmux[0][5][8]$a$629 [4:3] 1'0 $memory$auto$proc_rom.cc:150:do_switch$505$rdmux[0][5][8]$a$629 [0] $memory$auto$proc_rom.cc:150:do_switch$505$rdmux[0][5][8]$a$629 [0] }, B={ 2'01 $memory$auto$proc_rom.cc:150:do_switch$505$rdmux[0][5][8]$b$630 [7:3] $memory$auto$proc_rom.cc:150:do_switch$505$rdmux[0][5][8]$b$630 [1] $memory$auto$proc_rom.cc:150:do_switch$505$rdmux[0][5][8]$b$630 [1:0] }, Y={ $memory$auto$proc_rom.cc:150:do_switch$505$rdmux[0][4][4]$a$569 [10] $memory$auto$proc_rom.cc:150:do_switch$505$rdmux[0][4][4]$a$569 [8:0] }
      New connections: { $memory$auto$proc_rom.cc:150:do_switch$505$rdmux[0][4][4]$a$569 [15:11] $memory$auto$proc_rom.cc:150:do_switch$505$rdmux[0][4][4]$a$569 [9] } = { 5'00000 $memory$auto$proc_rom.cc:150:do_switch$505$rdmux[0][4][4]$a$569 [8] }
    Consolidated identical input bits for $mux cell $memory$auto$proc_rom.cc:150:do_switch$505$rdmux[0][5][7]$625:
      Old ports: A=$memory$auto$proc_rom.cc:150:do_switch$505$rdmux[0][5][7]$a$626, B=$memory$auto$proc_rom.cc:150:do_switch$505$rdmux[0][5][7]$b$627, Y=$memory$auto$proc_rom.cc:150:do_switch$505$rdmux[0][4][3]$b$567
      New ports: A={ 1'1 $memory$auto$proc_rom.cc:150:do_switch$505$rdmux[0][5][7]$a$626 [8] $memory$auto$proc_rom.cc:150:do_switch$505$rdmux[0][5][7]$a$626 [4] $memory$auto$proc_rom.cc:150:do_switch$505$rdmux[0][5][7]$a$626 [6] $memory$auto$proc_rom.cc:150:do_switch$505$rdmux[0][5][7]$a$626 [4:3] 1'0 $memory$auto$proc_rom.cc:150:do_switch$505$rdmux[0][5][7]$a$626 [1:0] }, B={ $memory$auto$proc_rom.cc:150:do_switch$505$rdmux[0][5][7]$b$627 [0] $memory$auto$proc_rom.cc:150:do_switch$505$rdmux[0][5][7]$b$627 [8] $memory$auto$proc_rom.cc:150:do_switch$505$rdmux[0][5][7]$b$627 [3] $memory$auto$proc_rom.cc:150:do_switch$505$rdmux[0][5][7]$b$627 [4] $memory$auto$proc_rom.cc:150:do_switch$505$rdmux[0][5][7]$b$627 [4:0] }, Y={ $memory$auto$proc_rom.cc:150:do_switch$505$rdmux[0][4][3]$b$567 [9:6] $memory$auto$proc_rom.cc:150:do_switch$505$rdmux[0][4][3]$b$567 [4:0] }
      New connections: { $memory$auto$proc_rom.cc:150:do_switch$505$rdmux[0][4][3]$b$567 [15:10] $memory$auto$proc_rom.cc:150:do_switch$505$rdmux[0][4][3]$b$567 [5] } = { 6'000001 $memory$auto$proc_rom.cc:150:do_switch$505$rdmux[0][4][3]$b$567 [3] }
    Consolidated identical input bits for $mux cell $memory$auto$proc_rom.cc:150:do_switch$505$rdmux[0][5][6]$622:
      Old ports: A=$memory$auto$proc_rom.cc:150:do_switch$505$rdmux[0][5][6]$a$623, B=$memory$auto$proc_rom.cc:150:do_switch$505$rdmux[0][5][6]$b$624, Y=$memory$auto$proc_rom.cc:150:do_switch$505$rdmux[0][4][3]$a$566
      New ports: A={ $memory$auto$proc_rom.cc:150:do_switch$505$rdmux[0][5][6]$a$623 [10:6] 1'1 $memory$auto$proc_rom.cc:150:do_switch$505$rdmux[0][5][6]$a$623 [3] $memory$auto$proc_rom.cc:150:do_switch$505$rdmux[0][5][6]$a$623 [1] $memory$auto$proc_rom.cc:150:do_switch$505$rdmux[0][5][6]$a$623 [1] 1'1 }, B={ 2'00 $memory$auto$proc_rom.cc:150:do_switch$505$rdmux[0][5][6]$b$624 [8:6] $memory$auto$proc_rom.cc:150:do_switch$505$rdmux[0][5][6]$b$624 [4:0] }, Y={ $memory$auto$proc_rom.cc:150:do_switch$505$rdmux[0][4][3]$a$566 [10:6] $memory$auto$proc_rom.cc:150:do_switch$505$rdmux[0][4][3]$a$566 [4:0] }
      New connections: { $memory$auto$proc_rom.cc:150:do_switch$505$rdmux[0][4][3]$a$566 [15:11] $memory$auto$proc_rom.cc:150:do_switch$505$rdmux[0][4][3]$a$566 [5] } = { 5'00001 $memory$auto$proc_rom.cc:150:do_switch$505$rdmux[0][4][3]$a$566 [3] }
    Consolidated identical input bits for $mux cell $memory$auto$proc_rom.cc:150:do_switch$505$rdmux[0][5][5]$619:
      Old ports: A=$memory$auto$proc_rom.cc:150:do_switch$505$rdmux[0][5][5]$a$620, B=$memory$auto$proc_rom.cc:150:do_switch$505$rdmux[0][5][5]$b$621, Y=$memory$auto$proc_rom.cc:150:do_switch$505$rdmux[0][4][2]$b$564
      New ports: A={ 2'10 $memory$auto$proc_rom.cc:150:do_switch$505$rdmux[0][5][5]$a$620 [10] $memory$auto$proc_rom.cc:150:do_switch$505$rdmux[0][5][5]$a$620 [7] $memory$auto$proc_rom.cc:150:do_switch$505$rdmux[0][5][5]$a$620 [8:6] $memory$auto$proc_rom.cc:150:do_switch$505$rdmux[0][5][5]$a$620 [2] $memory$auto$proc_rom.cc:150:do_switch$505$rdmux[0][5][5]$a$620 [4:0] }, B={ $memory$auto$proc_rom.cc:150:do_switch$505$rdmux[0][5][5]$b$621 [1] $memory$auto$proc_rom.cc:150:do_switch$505$rdmux[0][5][5]$b$621 [10] $memory$auto$proc_rom.cc:150:do_switch$505$rdmux[0][5][5]$b$621 [10] $memory$auto$proc_rom.cc:150:do_switch$505$rdmux[0][5][5]$b$621 [5] $memory$auto$proc_rom.cc:150:do_switch$505$rdmux[0][5][5]$b$621 [8:4] $memory$auto$proc_rom.cc:150:do_switch$505$rdmux[0][5][5]$b$621 [1] $memory$auto$proc_rom.cc:150:do_switch$505$rdmux[0][5][5]$b$621 [1] $memory$auto$proc_rom.cc:150:do_switch$505$rdmux[0][5][5]$b$621 [1:0] }, Y=$memory$auto$proc_rom.cc:150:do_switch$505$rdmux[0][4][2]$b$564 [12:0]
      New connections: $memory$auto$proc_rom.cc:150:do_switch$505$rdmux[0][4][2]$b$564 [15:13] = 3'000
    Consolidated identical input bits for $mux cell $memory$auto$proc_rom.cc:150:do_switch$505$rdmux[0][5][4]$616:
      Old ports: A=$memory$auto$proc_rom.cc:150:do_switch$505$rdmux[0][5][4]$a$617, B=$memory$auto$proc_rom.cc:150:do_switch$505$rdmux[0][5][4]$b$618, Y=$memory$auto$proc_rom.cc:150:do_switch$505$rdmux[0][4][2]$a$563
      New ports: A={ $memory$auto$proc_rom.cc:150:do_switch$505$rdmux[0][5][4]$a$617 [2] $memory$auto$proc_rom.cc:150:do_switch$505$rdmux[0][5][4]$a$617 [4] $memory$auto$proc_rom.cc:150:do_switch$505$rdmux[0][5][4]$a$617 [4] $memory$auto$proc_rom.cc:150:do_switch$505$rdmux[0][5][4]$a$617 [9] 3'010 $memory$auto$proc_rom.cc:150:do_switch$505$rdmux[0][5][4]$a$617 [5:0] }, B={ 1'0 $memory$auto$proc_rom.cc:150:do_switch$505$rdmux[0][5][4]$b$618 [0] $memory$auto$proc_rom.cc:150:do_switch$505$rdmux[0][5][4]$b$618 [10:7] 1'1 $memory$auto$proc_rom.cc:150:do_switch$505$rdmux[0][5][4]$b$618 [5] 1'1 $memory$auto$proc_rom.cc:150:do_switch$505$rdmux[0][5][4]$b$618 [3:0] }, Y={ $memory$auto$proc_rom.cc:150:do_switch$505$rdmux[0][4][2]$a$563 [13] $memory$auto$proc_rom.cc:150:do_switch$505$rdmux[0][4][2]$a$563 [11:0] }
      New connections: { $memory$auto$proc_rom.cc:150:do_switch$505$rdmux[0][4][2]$a$563 [15:14] $memory$auto$proc_rom.cc:150:do_switch$505$rdmux[0][4][2]$a$563 [12] } = { 2'00 $memory$auto$proc_rom.cc:150:do_switch$505$rdmux[0][4][2]$a$563 [4] }
    Consolidated identical input bits for $mux cell $memory$auto$proc_rom.cc:150:do_switch$505$rdmux[0][5][3]$613:
      Old ports: A=$memory$auto$proc_rom.cc:150:do_switch$505$rdmux[0][5][3]$a$614, B=$memory$auto$proc_rom.cc:150:do_switch$505$rdmux[0][5][3]$b$615, Y=$memory$auto$proc_rom.cc:150:do_switch$505$rdmux[0][4][1]$b$561
      New ports: A={ $memory$auto$proc_rom.cc:150:do_switch$505$rdmux[0][5][3]$a$614 [12] $memory$auto$proc_rom.cc:150:do_switch$505$rdmux[0][5][3]$a$614 [1] $memory$auto$proc_rom.cc:150:do_switch$505$rdmux[0][5][3]$a$614 [10] $memory$auto$proc_rom.cc:150:do_switch$505$rdmux[0][5][3]$a$614 [6] $memory$auto$proc_rom.cc:150:do_switch$505$rdmux[0][5][3]$a$614 [8:5] $memory$auto$proc_rom.cc:150:do_switch$505$rdmux[0][5][3]$a$614 [1] 1'1 $memory$auto$proc_rom.cc:150:do_switch$505$rdmux[0][5][3]$a$614 [2:1] 1'1 }, B={ 1'0 $memory$auto$proc_rom.cc:150:do_switch$505$rdmux[0][5][3]$b$615 [3] $memory$auto$proc_rom.cc:150:do_switch$505$rdmux[0][5][3]$b$615 [10:9] $memory$auto$proc_rom.cc:150:do_switch$505$rdmux[0][5][3]$b$615 [1] $memory$auto$proc_rom.cc:150:do_switch$505$rdmux[0][5][3]$b$615 [7] 1'1 $memory$auto$proc_rom.cc:150:do_switch$505$rdmux[0][5][3]$b$615 [5] $memory$auto$proc_rom.cc:150:do_switch$505$rdmux[0][5][3]$b$615 [2] $memory$auto$proc_rom.cc:150:do_switch$505$rdmux[0][5][3]$b$615 [3:0] }, Y=$memory$auto$proc_rom.cc:150:do_switch$505$rdmux[0][4][1]$b$561 [12:0]
      New connections: $memory$auto$proc_rom.cc:150:do_switch$505$rdmux[0][4][1]$b$561 [15:13] = 3'001
    Consolidated identical input bits for $mux cell $memory$auto$proc_rom.cc:150:do_switch$505$rdmux[0][5][2]$610:
      Old ports: A=$memory$auto$proc_rom.cc:150:do_switch$505$rdmux[0][5][2]$a$611, B=$memory$auto$proc_rom.cc:150:do_switch$505$rdmux[0][5][2]$b$612, Y=$memory$auto$proc_rom.cc:150:do_switch$505$rdmux[0][4][1]$a$560
      New ports: A={ 2'10 $memory$auto$proc_rom.cc:150:do_switch$505$rdmux[0][5][2]$a$611 [3] $memory$auto$proc_rom.cc:150:do_switch$505$rdmux[0][5][2]$a$611 [11] $memory$auto$proc_rom.cc:150:do_switch$505$rdmux[0][5][2]$a$611 [0] $memory$auto$proc_rom.cc:150:do_switch$505$rdmux[0][5][2]$a$611 [9:8] 1'0 $memory$auto$proc_rom.cc:150:do_switch$505$rdmux[0][5][2]$a$611 [6:0] }, B={ $memory$auto$proc_rom.cc:150:do_switch$505$rdmux[0][5][2]$b$612 [14] $memory$auto$proc_rom.cc:150:do_switch$505$rdmux[0][5][2]$b$612 [12] $memory$auto$proc_rom.cc:150:do_switch$505$rdmux[0][5][2]$b$612 [12:11] $memory$auto$proc_rom.cc:150:do_switch$505$rdmux[0][5][2]$b$612 [2] 1'0 $memory$auto$proc_rom.cc:150:do_switch$505$rdmux[0][5][2]$b$612 [8] $memory$auto$proc_rom.cc:150:do_switch$505$rdmux[0][5][2]$b$612 [1] $memory$auto$proc_rom.cc:150:do_switch$505$rdmux[0][5][2]$b$612 [6:0] }, Y=$memory$auto$proc_rom.cc:150:do_switch$505$rdmux[0][4][1]$a$560 [14:0]
      New connections: $memory$auto$proc_rom.cc:150:do_switch$505$rdmux[0][4][1]$a$560 [15] = 1'0
    Consolidated identical input bits for $mux cell $memory$auto$proc_rom.cc:150:do_switch$505$rdmux[0][5][1]$607:
      Old ports: A=$memory$auto$proc_rom.cc:150:do_switch$505$rdmux[0][5][1]$a$608, B=$memory$auto$proc_rom.cc:150:do_switch$505$rdmux[0][5][1]$b$609, Y=$memory$auto$proc_rom.cc:150:do_switch$505$rdmux[0][4][0]$b$558
      New ports: A={ 2'10 $memory$auto$proc_rom.cc:150:do_switch$505$rdmux[0][5][1]$a$608 [6] $memory$auto$proc_rom.cc:150:do_switch$505$rdmux[0][5][1]$a$608 [11] 1'0 $memory$auto$proc_rom.cc:150:do_switch$505$rdmux[0][5][1]$a$608 [9] $memory$auto$proc_rom.cc:150:do_switch$505$rdmux[0][5][1]$a$608 [2] $memory$auto$proc_rom.cc:150:do_switch$505$rdmux[0][5][1]$a$608 [3] $memory$auto$proc_rom.cc:150:do_switch$505$rdmux[0][5][1]$a$608 [6:5] $memory$auto$proc_rom.cc:150:do_switch$505$rdmux[0][5][1]$a$608 [3] $memory$auto$proc_rom.cc:150:do_switch$505$rdmux[0][5][1]$a$608 [3:0] }, B={ 2'01 $memory$auto$proc_rom.cc:150:do_switch$505$rdmux[0][5][1]$b$609 [3:2] $memory$auto$proc_rom.cc:150:do_switch$505$rdmux[0][5][1]$b$609 [10] $memory$auto$proc_rom.cc:150:do_switch$505$rdmux[0][5][1]$b$609 [1] $memory$auto$proc_rom.cc:150:do_switch$505$rdmux[0][5][1]$b$609 [8] $memory$auto$proc_rom.cc:150:do_switch$505$rdmux[0][5][1]$b$609 [0] $memory$auto$proc_rom.cc:150:do_switch$505$rdmux[0][5][1]$b$609 [6] $memory$auto$proc_rom.cc:150:do_switch$505$rdmux[0][5][1]$b$609 [2] $memory$auto$proc_rom.cc:150:do_switch$505$rdmux[0][5][1]$b$609 [4:0] }, Y={ $memory$auto$proc_rom.cc:150:do_switch$505$rdmux[0][4][0]$b$558 [15] $memory$auto$proc_rom.cc:150:do_switch$505$rdmux[0][4][0]$b$558 [13:0] }
      New connections: $memory$auto$proc_rom.cc:150:do_switch$505$rdmux[0][4][0]$b$558 [14] = $memory$auto$proc_rom.cc:150:do_switch$505$rdmux[0][4][0]$b$558 [13]
    Consolidated identical input bits for $mux cell $memory$auto$proc_rom.cc:150:do_switch$505$rdmux[0][5][0]$604:
      Old ports: A=$memory$auto$proc_rom.cc:150:do_switch$505$rdmux[0][5][0]$a$605, B=$memory$auto$proc_rom.cc:150:do_switch$505$rdmux[0][5][0]$b$606, Y=$memory$auto$proc_rom.cc:150:do_switch$505$rdmux[0][4][0]$a$557
      New ports: A={ 1'1 $memory$auto$proc_rom.cc:150:do_switch$505$rdmux[0][5][0]$a$605 [6] $memory$auto$proc_rom.cc:150:do_switch$505$rdmux[0][5][0]$a$605 [4] $memory$auto$proc_rom.cc:150:do_switch$505$rdmux[0][5][0]$a$605 [0] $memory$auto$proc_rom.cc:150:do_switch$505$rdmux[0][5][0]$a$605 [10] $memory$auto$proc_rom.cc:150:do_switch$505$rdmux[0][5][0]$a$605 [0] $memory$auto$proc_rom.cc:150:do_switch$505$rdmux[0][5][0]$a$605 [7] $memory$auto$proc_rom.cc:150:do_switch$505$rdmux[0][5][0]$a$605 [7:6] 1'1 $memory$auto$proc_rom.cc:150:do_switch$505$rdmux[0][5][0]$a$605 [4] 1'1 $memory$auto$proc_rom.cc:150:do_switch$505$rdmux[0][5][0]$a$605 [2:0] }, B={ $memory$auto$proc_rom.cc:150:do_switch$505$rdmux[0][5][0]$b$606 [2] $memory$auto$proc_rom.cc:150:do_switch$505$rdmux[0][5][0]$b$606 [13:10] $memory$auto$proc_rom.cc:150:do_switch$505$rdmux[0][5][0]$b$606 [1] 1'1 $memory$auto$proc_rom.cc:150:do_switch$505$rdmux[0][5][0]$b$606 [5] 1'1 $memory$auto$proc_rom.cc:150:do_switch$505$rdmux[0][5][0]$b$606 [5:0] }, Y=$memory$auto$proc_rom.cc:150:do_switch$505$rdmux[0][4][0]$a$557 [14:0]
      New connections: $memory$auto$proc_rom.cc:150:do_switch$505$rdmux[0][4][0]$a$557 [15] = 1'1
  Optimizing cells in module \exp_lut.
    Consolidated identical input bits for $mux cell $memory$auto$proc_rom.cc:150:do_switch$505$rdmux[0][4][11]$589:
      Old ports: A=16'0000000000000001, B=$memory$auto$proc_rom.cc:150:do_switch$505$rdmux[0][4][11]$b$591, Y=$memory$auto$proc_rom.cc:150:do_switch$505$rdmux[0][3][5]$b$549
      New ports: A=1'1, B=$memory$auto$proc_rom.cc:150:do_switch$505$rdmux[0][4][11]$b$591 [0], Y=$memory$auto$proc_rom.cc:150:do_switch$505$rdmux[0][3][5]$b$549 [0]
      New connections: $memory$auto$proc_rom.cc:150:do_switch$505$rdmux[0][3][5]$b$549 [15:1] = 15'000000000000000
    Consolidated identical input bits for $mux cell $memory$auto$proc_rom.cc:150:do_switch$505$rdmux[0][4][10]$586:
      Old ports: A=$memory$auto$proc_rom.cc:150:do_switch$505$rdmux[0][4][10]$a$587, B=$memory$auto$proc_rom.cc:150:do_switch$505$rdmux[0][4][10]$b$588, Y=$memory$auto$proc_rom.cc:150:do_switch$505$rdmux[0][3][5]$a$548
      New ports: A={ 1'1 $memory$auto$proc_rom.cc:150:do_switch$505$rdmux[0][4][10]$a$587 [0] }, B=$memory$auto$proc_rom.cc:150:do_switch$505$rdmux[0][4][10]$b$588 [1:0], Y=$memory$auto$proc_rom.cc:150:do_switch$505$rdmux[0][3][5]$a$548 [1:0]
      New connections: $memory$auto$proc_rom.cc:150:do_switch$505$rdmux[0][3][5]$a$548 [15:2] = 14'00000000000000
    Consolidated identical input bits for $mux cell $memory$auto$proc_rom.cc:150:do_switch$505$rdmux[0][4][9]$583:
      Old ports: A=$memory$auto$proc_rom.cc:150:do_switch$505$rdmux[0][4][9]$a$584, B=$memory$auto$proc_rom.cc:150:do_switch$505$rdmux[0][4][9]$b$585, Y=$memory$auto$proc_rom.cc:150:do_switch$505$rdmux[0][3][4]$b$546
      New ports: A=$memory$auto$proc_rom.cc:150:do_switch$505$rdmux[0][4][9]$a$584 [3:0], B={ 1'0 $memory$auto$proc_rom.cc:150:do_switch$505$rdmux[0][4][9]$b$585 [2:0] }, Y=$memory$auto$proc_rom.cc:150:do_switch$505$rdmux[0][3][4]$b$546 [3:0]
      New connections: $memory$auto$proc_rom.cc:150:do_switch$505$rdmux[0][3][4]$b$546 [15:4] = 12'000000000000
    Consolidated identical input bits for $mux cell $memory$auto$proc_rom.cc:150:do_switch$505$rdmux[0][4][8]$580:
      Old ports: A=$memory$auto$proc_rom.cc:150:do_switch$505$rdmux[0][4][8]$a$581, B=$memory$auto$proc_rom.cc:150:do_switch$505$rdmux[0][4][8]$b$582, Y=$memory$auto$proc_rom.cc:150:do_switch$505$rdmux[0][3][4]$a$545
      New ports: A=$memory$auto$proc_rom.cc:150:do_switch$505$rdmux[0][4][8]$a$581 [4:0], B={ 2'01 $memory$auto$proc_rom.cc:150:do_switch$505$rdmux[0][4][8]$b$582 [2:0] }, Y=$memory$auto$proc_rom.cc:150:do_switch$505$rdmux[0][3][4]$a$545 [4:0]
      New connections: $memory$auto$proc_rom.cc:150:do_switch$505$rdmux[0][3][4]$a$545 [15:5] = 11'00000000000
    Consolidated identical input bits for $mux cell $memory$auto$proc_rom.cc:150:do_switch$505$rdmux[0][4][7]$577:
      Old ports: A=$memory$auto$proc_rom.cc:150:do_switch$505$rdmux[0][4][7]$a$578, B=$memory$auto$proc_rom.cc:150:do_switch$505$rdmux[0][4][7]$b$579, Y=$memory$auto$proc_rom.cc:150:do_switch$505$rdmux[0][3][3]$b$543
      New ports: A={ 1'1 $memory$auto$proc_rom.cc:150:do_switch$505$rdmux[0][4][7]$a$578 [4:0] }, B=$memory$auto$proc_rom.cc:150:do_switch$505$rdmux[0][4][7]$b$579 [5:0], Y=$memory$auto$proc_rom.cc:150:do_switch$505$rdmux[0][3][3]$b$543 [5:0]
      New connections: $memory$auto$proc_rom.cc:150:do_switch$505$rdmux[0][3][3]$b$543 [15:6] = 10'0000000000
    Consolidated identical input bits for $mux cell $memory$auto$proc_rom.cc:150:do_switch$505$rdmux[0][4][6]$574:
      Old ports: A=$memory$auto$proc_rom.cc:150:do_switch$505$rdmux[0][4][6]$a$575, B=$memory$auto$proc_rom.cc:150:do_switch$505$rdmux[0][4][6]$b$576, Y=$memory$auto$proc_rom.cc:150:do_switch$505$rdmux[0][3][3]$a$542
      New ports: A=$memory$auto$proc_rom.cc:150:do_switch$505$rdmux[0][4][6]$a$575 [7:0], B={ 2'01 $memory$auto$proc_rom.cc:150:do_switch$505$rdmux[0][4][6]$b$576 [5:0] }, Y=$memory$auto$proc_rom.cc:150:do_switch$505$rdmux[0][3][3]$a$542 [7:0]
      New connections: $memory$auto$proc_rom.cc:150:do_switch$505$rdmux[0][3][3]$a$542 [15:8] = 8'00000000
    Consolidated identical input bits for $mux cell $memory$auto$proc_rom.cc:150:do_switch$505$rdmux[0][4][5]$571:
      Old ports: A=$memory$auto$proc_rom.cc:150:do_switch$505$rdmux[0][4][5]$a$572, B=$memory$auto$proc_rom.cc:150:do_switch$505$rdmux[0][4][5]$b$573, Y=$memory$auto$proc_rom.cc:150:do_switch$505$rdmux[0][3][2]$b$540
      New ports: A={ 1'1 $memory$auto$proc_rom.cc:150:do_switch$505$rdmux[0][4][5]$a$572 [7:0] }, B=$memory$auto$proc_rom.cc:150:do_switch$505$rdmux[0][4][5]$b$573 [8:0], Y=$memory$auto$proc_rom.cc:150:do_switch$505$rdmux[0][3][2]$b$540 [8:0]
      New connections: $memory$auto$proc_rom.cc:150:do_switch$505$rdmux[0][3][2]$b$540 [15:9] = 7'0000000
    Consolidated identical input bits for $mux cell $memory$auto$proc_rom.cc:150:do_switch$505$rdmux[0][4][4]$568:
      Old ports: A=$memory$auto$proc_rom.cc:150:do_switch$505$rdmux[0][4][4]$a$569, B=$memory$auto$proc_rom.cc:150:do_switch$505$rdmux[0][4][4]$b$570, Y=$memory$auto$proc_rom.cc:150:do_switch$505$rdmux[0][3][2]$a$539
      New ports: A={ $memory$auto$proc_rom.cc:150:do_switch$505$rdmux[0][4][4]$a$569 [10] $memory$auto$proc_rom.cc:150:do_switch$505$rdmux[0][4][4]$a$569 [8] $memory$auto$proc_rom.cc:150:do_switch$505$rdmux[0][4][4]$a$569 [8:0] }, B={ 1'0 $memory$auto$proc_rom.cc:150:do_switch$505$rdmux[0][4][4]$b$570 [9:0] }, Y=$memory$auto$proc_rom.cc:150:do_switch$505$rdmux[0][3][2]$a$539 [10:0]
      New connections: $memory$auto$proc_rom.cc:150:do_switch$505$rdmux[0][3][2]$a$539 [15:11] = 5'00000
    Consolidated identical input bits for $mux cell $memory$auto$proc_rom.cc:150:do_switch$505$rdmux[0][4][3]$565:
      Old ports: A=$memory$auto$proc_rom.cc:150:do_switch$505$rdmux[0][4][3]$a$566, B=$memory$auto$proc_rom.cc:150:do_switch$505$rdmux[0][4][3]$b$567, Y=$memory$auto$proc_rom.cc:150:do_switch$505$rdmux[0][3][1]$b$537
      New ports: A={ 1'1 $memory$auto$proc_rom.cc:150:do_switch$505$rdmux[0][4][3]$a$566 [10:6] $memory$auto$proc_rom.cc:150:do_switch$505$rdmux[0][4][3]$a$566 [4:0] }, B={ 2'01 $memory$auto$proc_rom.cc:150:do_switch$505$rdmux[0][4][3]$b$567 [9:6] $memory$auto$proc_rom.cc:150:do_switch$505$rdmux[0][4][3]$b$567 [4:0] }, Y={ $memory$auto$proc_rom.cc:150:do_switch$505$rdmux[0][3][1]$b$537 [11:6] $memory$auto$proc_rom.cc:150:do_switch$505$rdmux[0][3][1]$b$537 [4:0] }
      New connections: { $memory$auto$proc_rom.cc:150:do_switch$505$rdmux[0][3][1]$b$537 [15:12] $memory$auto$proc_rom.cc:150:do_switch$505$rdmux[0][3][1]$b$537 [5] } = { 4'0000 $memory$auto$proc_rom.cc:150:do_switch$505$rdmux[0][3][1]$b$537 [3] }
    Consolidated identical input bits for $mux cell $memory$auto$proc_rom.cc:150:do_switch$505$rdmux[0][4][2]$562:
      Old ports: A=$memory$auto$proc_rom.cc:150:do_switch$505$rdmux[0][4][2]$a$563, B=$memory$auto$proc_rom.cc:150:do_switch$505$rdmux[0][4][2]$b$564, Y=$memory$auto$proc_rom.cc:150:do_switch$505$rdmux[0][3][1]$a$536
      New ports: A={ $memory$auto$proc_rom.cc:150:do_switch$505$rdmux[0][4][2]$a$563 [13] $memory$auto$proc_rom.cc:150:do_switch$505$rdmux[0][4][2]$a$563 [4] $memory$auto$proc_rom.cc:150:do_switch$505$rdmux[0][4][2]$a$563 [11:0] }, B={ 1'0 $memory$auto$proc_rom.cc:150:do_switch$505$rdmux[0][4][2]$b$564 [12:0] }, Y=$memory$auto$proc_rom.cc:150:do_switch$505$rdmux[0][3][1]$a$536 [13:0]
      New connections: $memory$auto$proc_rom.cc:150:do_switch$505$rdmux[0][3][1]$a$536 [15:14] = 2'00
    Consolidated identical input bits for $mux cell $memory$auto$proc_rom.cc:150:do_switch$505$rdmux[0][4][1]$559:
      Old ports: A=$memory$auto$proc_rom.cc:150:do_switch$505$rdmux[0][4][1]$a$560, B=$memory$auto$proc_rom.cc:150:do_switch$505$rdmux[0][4][1]$b$561, Y=$memory$auto$proc_rom.cc:150:do_switch$505$rdmux[0][3][0]$b$534
      New ports: A=$memory$auto$proc_rom.cc:150:do_switch$505$rdmux[0][4][1]$a$560 [14:0], B={ 2'01 $memory$auto$proc_rom.cc:150:do_switch$505$rdmux[0][4][1]$b$561 [12:0] }, Y=$memory$auto$proc_rom.cc:150:do_switch$505$rdmux[0][3][0]$b$534 [14:0]
      New connections: $memory$auto$proc_rom.cc:150:do_switch$505$rdmux[0][3][0]$b$534 [15] = 1'0
  Optimizing cells in module \exp_lut.
    Consolidated identical input bits for $mux cell $memory$auto$proc_rom.cc:150:do_switch$505$rdmux[0][3][5]$547:
      Old ports: A=$memory$auto$proc_rom.cc:150:do_switch$505$rdmux[0][3][5]$a$548, B=$memory$auto$proc_rom.cc:150:do_switch$505$rdmux[0][3][5]$b$549, Y=$memory$auto$proc_rom.cc:150:do_switch$505$rdmux[0][2][2]$b$528
      New ports: A=$memory$auto$proc_rom.cc:150:do_switch$505$rdmux[0][3][5]$a$548 [1:0], B={ 1'0 $memory$auto$proc_rom.cc:150:do_switch$505$rdmux[0][3][5]$b$549 [0] }, Y=$memory$auto$proc_rom.cc:150:do_switch$505$rdmux[0][2][2]$b$528 [1:0]
      New connections: $memory$auto$proc_rom.cc:150:do_switch$505$rdmux[0][2][2]$b$528 [15:2] = 14'00000000000000
    Consolidated identical input bits for $mux cell $memory$auto$proc_rom.cc:150:do_switch$505$rdmux[0][3][4]$544:
      Old ports: A=$memory$auto$proc_rom.cc:150:do_switch$505$rdmux[0][3][4]$a$545, B=$memory$auto$proc_rom.cc:150:do_switch$505$rdmux[0][3][4]$b$546, Y=$memory$auto$proc_rom.cc:150:do_switch$505$rdmux[0][2][2]$a$527
      New ports: A=$memory$auto$proc_rom.cc:150:do_switch$505$rdmux[0][3][4]$a$545 [4:0], B={ 1'0 $memory$auto$proc_rom.cc:150:do_switch$505$rdmux[0][3][4]$b$546 [3:0] }, Y=$memory$auto$proc_rom.cc:150:do_switch$505$rdmux[0][2][2]$a$527 [4:0]
      New connections: $memory$auto$proc_rom.cc:150:do_switch$505$rdmux[0][2][2]$a$527 [15:5] = 11'00000000000
    Consolidated identical input bits for $mux cell $memory$auto$proc_rom.cc:150:do_switch$505$rdmux[0][3][3]$541:
      Old ports: A=$memory$auto$proc_rom.cc:150:do_switch$505$rdmux[0][3][3]$a$542, B=$memory$auto$proc_rom.cc:150:do_switch$505$rdmux[0][3][3]$b$543, Y=$memory$auto$proc_rom.cc:150:do_switch$505$rdmux[0][2][1]$b$525
      New ports: A=$memory$auto$proc_rom.cc:150:do_switch$505$rdmux[0][3][3]$a$542 [7:0], B={ 2'00 $memory$auto$proc_rom.cc:150:do_switch$505$rdmux[0][3][3]$b$543 [5:0] }, Y=$memory$auto$proc_rom.cc:150:do_switch$505$rdmux[0][2][1]$b$525 [7:0]
      New connections: $memory$auto$proc_rom.cc:150:do_switch$505$rdmux[0][2][1]$b$525 [15:8] = 8'00000000
    Consolidated identical input bits for $mux cell $memory$auto$proc_rom.cc:150:do_switch$505$rdmux[0][3][2]$538:
      Old ports: A=$memory$auto$proc_rom.cc:150:do_switch$505$rdmux[0][3][2]$a$539, B=$memory$auto$proc_rom.cc:150:do_switch$505$rdmux[0][3][2]$b$540, Y=$memory$auto$proc_rom.cc:150:do_switch$505$rdmux[0][2][1]$a$524
      New ports: A=$memory$auto$proc_rom.cc:150:do_switch$505$rdmux[0][3][2]$a$539 [10:0], B={ 2'00 $memory$auto$proc_rom.cc:150:do_switch$505$rdmux[0][3][2]$b$540 [8:0] }, Y=$memory$auto$proc_rom.cc:150:do_switch$505$rdmux[0][2][1]$a$524 [10:0]
      New connections: $memory$auto$proc_rom.cc:150:do_switch$505$rdmux[0][2][1]$a$524 [15:11] = 5'00000
    Consolidated identical input bits for $mux cell $memory$auto$proc_rom.cc:150:do_switch$505$rdmux[0][3][1]$535:
      Old ports: A=$memory$auto$proc_rom.cc:150:do_switch$505$rdmux[0][3][1]$a$536, B=$memory$auto$proc_rom.cc:150:do_switch$505$rdmux[0][3][1]$b$537, Y=$memory$auto$proc_rom.cc:150:do_switch$505$rdmux[0][2][0]$b$522
      New ports: A=$memory$auto$proc_rom.cc:150:do_switch$505$rdmux[0][3][1]$a$536 [13:0], B={ 2'00 $memory$auto$proc_rom.cc:150:do_switch$505$rdmux[0][3][1]$b$537 [11:6] $memory$auto$proc_rom.cc:150:do_switch$505$rdmux[0][3][1]$b$537 [3] $memory$auto$proc_rom.cc:150:do_switch$505$rdmux[0][3][1]$b$537 [4:0] }, Y=$memory$auto$proc_rom.cc:150:do_switch$505$rdmux[0][2][0]$b$522 [13:0]
      New connections: $memory$auto$proc_rom.cc:150:do_switch$505$rdmux[0][2][0]$b$522 [15:14] = 2'00
  Optimizing cells in module \exp_lut.
    Consolidated identical input bits for $mux cell $memory$auto$proc_rom.cc:150:do_switch$505$rdmux[0][2][2]$526:
      Old ports: A=$memory$auto$proc_rom.cc:150:do_switch$505$rdmux[0][2][2]$a$527, B=$memory$auto$proc_rom.cc:150:do_switch$505$rdmux[0][2][2]$b$528, Y=$memory$auto$proc_rom.cc:150:do_switch$505$rdmux[0][1][1]$a$518
      New ports: A=$memory$auto$proc_rom.cc:150:do_switch$505$rdmux[0][2][2]$a$527 [4:0], B={ 3'000 $memory$auto$proc_rom.cc:150:do_switch$505$rdmux[0][2][2]$b$528 [1:0] }, Y=$memory$auto$proc_rom.cc:150:do_switch$505$rdmux[0][1][1]$a$518 [4:0]
      New connections: $memory$auto$proc_rom.cc:150:do_switch$505$rdmux[0][1][1]$a$518 [15:5] = 11'00000000000
    Consolidated identical input bits for $mux cell $memory$auto$proc_rom.cc:150:do_switch$505$rdmux[0][2][1]$523:
      Old ports: A=$memory$auto$proc_rom.cc:150:do_switch$505$rdmux[0][2][1]$a$524, B=$memory$auto$proc_rom.cc:150:do_switch$505$rdmux[0][2][1]$b$525, Y=$memory$auto$proc_rom.cc:150:do_switch$505$rdmux[0][1][0]$b$516
      New ports: A=$memory$auto$proc_rom.cc:150:do_switch$505$rdmux[0][2][1]$a$524 [10:0], B={ 3'000 $memory$auto$proc_rom.cc:150:do_switch$505$rdmux[0][2][1]$b$525 [7:0] }, Y=$memory$auto$proc_rom.cc:150:do_switch$505$rdmux[0][1][0]$b$516 [10:0]
      New connections: $memory$auto$proc_rom.cc:150:do_switch$505$rdmux[0][1][0]$b$516 [15:11] = 5'00000
  Optimizing cells in module \exp_lut.
    Consolidated identical input bits for $mux cell $memory$auto$proc_rom.cc:150:do_switch$505$rdmux[0][1][1]$517:
      Old ports: A=$memory$auto$proc_rom.cc:150:do_switch$505$rdmux[0][1][1]$a$518, B=16'0000000000000000, Y=$memory$auto$proc_rom.cc:150:do_switch$505$rdmux[0][0][0]$b$513
      New ports: A=$memory$auto$proc_rom.cc:150:do_switch$505$rdmux[0][1][1]$a$518 [4:0], B=5'00000, Y=$memory$auto$proc_rom.cc:150:do_switch$505$rdmux[0][0][0]$b$513 [4:0]
      New connections: $memory$auto$proc_rom.cc:150:do_switch$505$rdmux[0][0][0]$b$513 [15:5] = 11'00000000000
  Optimizing cells in module \exp_lut.
Performed a total of 158 changes.

13.20.5. Executing OPT_MERGE pass (detect identical cells).
Finding identical cells in module `\exp_lut'.
<suppressed ~219 debug messages>
Removed a total of 73 cells.

13.20.6. Executing OPT_SHARE pass.

13.20.7. Executing OPT_DFF pass (perform DFF optimizations).

13.20.8. Executing OPT_CLEAN pass (remove unused cells and wires).
Finding unused cells or wires in module \exp_lut..
Removed 0 unused cells and 421 unused wires.
<suppressed ~1 debug messages>

13.20.9. Executing OPT_EXPR pass (perform const folding).
Optimizing module exp_lut.
<suppressed ~2 debug messages>

13.20.10. Rerunning OPT passes. (Maybe there is more to do..)

13.20.11. Executing OPT_MUXTREE pass (detect dead branches in mux trees).
Running muxtree optimizer on module \exp_lut..
  Creating internal representation of mux trees.
  Evaluating internal representation of mux trees.
  Analyzing evaluation results.
Removed 0 multiplexer ports.
<suppressed ~5 debug messages>

13.20.12. Executing OPT_REDUCE pass (consolidate $*mux and $reduce_* inputs).
  Optimizing cells in module \exp_lut.
    Consolidated identical input bits for $mux cell $memory$auto$proc_rom.cc:150:do_switch$505$rdmux[0][6][10]$730:
      Old ports: A={ $memory$auto$proc_rom.cc:150:do_switch$505$rdmux[0][6][10]$a$731 [10] 1'1 $memory$auto$proc_rom.cc:150:do_switch$505$rdmux[0][6][10]$a$731 [9] 1'0 $memory$auto$proc_rom.cc:150:do_switch$505$rdmux[0][6][10]$a$731 [9] $memory$auto$proc_rom.cc:150:do_switch$505$rdmux[0][6][10]$a$731 [9] $memory$auto$proc_rom.cc:150:do_switch$505$rdmux[0][6][10]$a$731 [9] 1'1 $memory$auto$proc_rom.cc:150:do_switch$505$rdmux[0][6][10]$a$731 [10] }, B={ 1'0 $memory$auto$proc_rom.cc:150:do_switch$505$rdmux[0][6][10]$a$731 [9] $memory$auto$proc_rom.cc:150:do_switch$505$rdmux[0][6][10]$a$731 [10:9] 2'01 $memory$auto$proc_rom.cc:150:do_switch$505$rdmux[0][6][10]$a$731 [9] $memory$auto$proc_rom.cc:150:do_switch$505$rdmux[0][6][10]$a$731 [10] $memory$auto$proc_rom.cc:150:do_switch$505$rdmux[0][6][10]$a$731 [10] }, Y={ $memory$auto$proc_rom.cc:150:do_switch$505$rdmux[0][5][5]$a$620 [10] $memory$auto$proc_rom.cc:150:do_switch$505$rdmux[0][5][5]$a$620 [8] $memory$auto$proc_rom.cc:150:do_switch$505$rdmux[0][5][5]$a$620 [9] $memory$auto$proc_rom.cc:150:do_switch$505$rdmux[0][5][5]$a$620 [6] $memory$auto$proc_rom.cc:150:do_switch$505$rdmux[0][5][5]$a$620 [4:3] $memory$auto$proc_rom.cc:150:do_switch$505$rdmux[0][5][5]$a$620 [5] $memory$auto$proc_rom.cc:150:do_switch$505$rdmux[0][5][5]$a$620 [1:0] }
      New ports: A={ $memory$auto$proc_rom.cc:150:do_switch$505$rdmux[0][6][10]$a$731 [10] 1'1 $memory$auto$proc_rom.cc:150:do_switch$505$rdmux[0][6][10]$a$731 [9] 1'0 $memory$auto$proc_rom.cc:150:do_switch$505$rdmux[0][6][10]$a$731 [9] $memory$auto$proc_rom.cc:150:do_switch$505$rdmux[0][6][10]$a$731 [9] 1'1 }, B={ 1'0 $memory$auto$proc_rom.cc:150:do_switch$505$rdmux[0][6][10]$a$731 [9] $memory$auto$proc_rom.cc:150:do_switch$505$rdmux[0][6][10]$a$731 [10:9] 2'01 $memory$auto$proc_rom.cc:150:do_switch$505$rdmux[0][6][10]$a$731 [10] }, Y={ $memory$auto$proc_rom.cc:150:do_switch$505$rdmux[0][5][5]$a$620 [10] $memory$auto$proc_rom.cc:150:do_switch$505$rdmux[0][5][5]$a$620 [8] $memory$auto$proc_rom.cc:150:do_switch$505$rdmux[0][5][5]$a$620 [9] $memory$auto$proc_rom.cc:150:do_switch$505$rdmux[0][5][5]$a$620 [6] $memory$auto$proc_rom.cc:150:do_switch$505$rdmux[0][5][5]$a$620 [4:3] $memory$auto$proc_rom.cc:150:do_switch$505$rdmux[0][5][5]$a$620 [1] }
      New connections: { $memory$auto$proc_rom.cc:150:do_switch$505$rdmux[0][5][5]$a$620 [5] $memory$auto$proc_rom.cc:150:do_switch$505$rdmux[0][5][5]$a$620 [0] } = { $memory$auto$proc_rom.cc:150:do_switch$505$rdmux[0][6][10]$a$731 [9] $memory$auto$proc_rom.cc:150:do_switch$505$rdmux[0][6][10]$a$731 [10] }
    Consolidated identical input bits for $mux cell $memory$auto$proc_rom.cc:150:do_switch$505$rdmux[0][6][11]$733:
      Old ports: A={ $memory$auto$proc_rom.cc:150:do_switch$505$rdmux[0][6][10]$a$731 [9] $memory$auto$proc_rom.cc:150:do_switch$505$rdmux[0][6][10]$a$731 [9] 2'01 $memory$auto$proc_rom.cc:150:do_switch$505$rdmux[0][6][10]$a$731 [9] $memory$auto$proc_rom.cc:150:do_switch$505$rdmux[0][6][10]$a$731 [10] $memory$auto$proc_rom.cc:150:do_switch$505$rdmux[0][6][10]$a$731 [10] 1'0 }, B={ 1'1 $memory$auto$proc_rom.cc:150:do_switch$505$rdmux[0][6][10]$a$731 [9] $memory$auto$proc_rom.cc:150:do_switch$505$rdmux[0][6][10]$a$731 [9] $memory$auto$proc_rom.cc:150:do_switch$505$rdmux[0][6][10]$a$731 [10] $memory$auto$proc_rom.cc:150:do_switch$505$rdmux[0][6][10]$a$731 [10] 3'101 }, Y={ $memory$auto$proc_rom.cc:150:do_switch$505$rdmux[0][5][5]$b$621 [11] $memory$auto$proc_rom.cc:150:do_switch$505$rdmux[0][5][5]$b$621 [8:6] $memory$auto$proc_rom.cc:150:do_switch$505$rdmux[0][5][5]$b$621 [9] $memory$auto$proc_rom.cc:150:do_switch$505$rdmux[0][5][5]$b$621 [4] $memory$auto$proc_rom.cc:150:do_switch$505$rdmux[0][5][5]$b$621 [12] $memory$auto$proc_rom.cc:150:do_switch$505$rdmux[0][5][5]$b$621 [0] }
      New ports: A={ $memory$auto$proc_rom.cc:150:do_switch$505$rdmux[0][6][10]$a$731 [9] 2'01 $memory$auto$proc_rom.cc:150:do_switch$505$rdmux[0][6][10]$a$731 [9] $memory$auto$proc_rom.cc:150:do_switch$505$rdmux[0][6][10]$a$731 [10] $memory$auto$proc_rom.cc:150:do_switch$505$rdmux[0][6][10]$a$731 [10] 1'0 }, B={ 1'1 $memory$auto$proc_rom.cc:150:do_switch$505$rdmux[0][6][10]$a$731 [9] $memory$auto$proc_rom.cc:150:do_switch$505$rdmux[0][6][10]$a$731 [10] $memory$auto$proc_rom.cc:150:do_switch$505$rdmux[0][6][10]$a$731 [10] 3'101 }, Y={ $memory$auto$proc_rom.cc:150:do_switch$505$rdmux[0][5][5]$b$621 [11] $memory$auto$proc_rom.cc:150:do_switch$505$rdmux[0][5][5]$b$621 [7:6] $memory$auto$proc_rom.cc:150:do_switch$505$rdmux[0][5][5]$b$621 [9] $memory$auto$proc_rom.cc:150:do_switch$505$rdmux[0][5][5]$b$621 [4] $memory$auto$proc_rom.cc:150:do_switch$505$rdmux[0][5][5]$b$621 [12] $memory$auto$proc_rom.cc:150:do_switch$505$rdmux[0][5][5]$b$621 [0] }
      New connections: $memory$auto$proc_rom.cc:150:do_switch$505$rdmux[0][5][5]$b$621 [8] = $memory$auto$proc_rom.cc:150:do_switch$505$rdmux[0][6][10]$a$731 [9]
    Consolidated identical input bits for $mux cell $memory$auto$proc_rom.cc:150:do_switch$505$rdmux[0][6][12]$736:
      Old ports: A={ $memory$auto$proc_rom.cc:150:do_switch$505$rdmux[0][6][10]$a$731 [10:9] $memory$auto$proc_rom.cc:150:do_switch$505$rdmux[0][6][10]$a$731 [9] 1'1 $memory$auto$proc_rom.cc:150:do_switch$505$rdmux[0][6][10]$a$731 [9] 1'1 $memory$auto$proc_rom.cc:150:do_switch$505$rdmux[0][6][10]$a$731 [10] }, B={ 2'01 $memory$auto$proc_rom.cc:150:do_switch$505$rdmux[0][6][10]$a$731 [10:9] 1'0 $memory$auto$proc_rom.cc:150:do_switch$505$rdmux[0][6][10]$a$731 [10] $memory$auto$proc_rom.cc:150:do_switch$505$rdmux[0][6][10]$a$731 [10] }, Y={ $memory$auto$proc_rom.cc:150:do_switch$505$rdmux[0][5][6]$a$623 [10:5] $memory$auto$proc_rom.cc:150:do_switch$505$rdmux[0][5][6]$a$623 [2] }
      New ports: A={ $memory$auto$proc_rom.cc:150:do_switch$505$rdmux[0][6][10]$a$731 [10:9] $memory$auto$proc_rom.cc:150:do_switch$505$rdmux[0][6][10]$a$731 [9] 1'1 $memory$auto$proc_rom.cc:150:do_switch$505$rdmux[0][6][10]$a$731 [9] 1'1 }, B={ 2'01 $memory$auto$proc_rom.cc:150:do_switch$505$rdmux[0][6][10]$a$731 [10:9] 1'0 $memory$auto$proc_rom.cc:150:do_switch$505$rdmux[0][6][10]$a$731 [10] }, Y=$memory$auto$proc_rom.cc:150:do_switch$505$rdmux[0][5][6]$a$623 [10:5]
      New connections: $memory$auto$proc_rom.cc:150:do_switch$505$rdmux[0][5][6]$a$623 [2] = $memory$auto$proc_rom.cc:150:do_switch$505$rdmux[0][6][10]$a$731 [10]
    Consolidated identical input bits for $mux cell $memory$auto$proc_rom.cc:150:do_switch$505$rdmux[0][6][13]$739:
      Old ports: A={ 1'1 $memory$auto$proc_rom.cc:150:do_switch$505$rdmux[0][6][0]$b$702 [13] 1'1 $memory$auto$proc_rom.cc:150:do_switch$505$rdmux[0][6][0]$b$702 [12] $memory$auto$proc_rom.cc:150:do_switch$505$rdmux[0][6][0]$b$702 [13] $memory$auto$proc_rom.cc:150:do_switch$505$rdmux[0][6][0]$b$702 [13:12] 1'1 }, B={ 1'0 $memory$auto$proc_rom.cc:150:do_switch$505$rdmux[0][6][0]$b$702 [13] $memory$auto$proc_rom.cc:150:do_switch$505$rdmux[0][6][0]$b$702 [13:12] $memory$auto$proc_rom.cc:150:do_switch$505$rdmux[0][6][0]$b$702 [12] 2'01 $memory$auto$proc_rom.cc:150:do_switch$505$rdmux[0][6][0]$b$702 [12] }, Y={ $memory$auto$proc_rom.cc:150:do_switch$505$rdmux[0][5][6]$b$624 [8:6] $memory$auto$proc_rom.cc:150:do_switch$505$rdmux[0][5][6]$b$624 [4] $memory$auto$proc_rom.cc:150:do_switch$505$rdmux[0][5][6]$b$624 [5] $memory$auto$proc_rom.cc:150:do_switch$505$rdmux[0][5][6]$b$624 [2:0] }
      New ports: A={ 2'11 $memory$auto$proc_rom.cc:150:do_switch$505$rdmux[0][6][0]$b$702 [13] $memory$auto$proc_rom.cc:150:do_switch$505$rdmux[0][6][0]$b$702 [13:12] 1'1 }, B={ 1'0 $memory$auto$proc_rom.cc:150:do_switch$505$rdmux[0][6][0]$b$702 [13:12] 2'01 $memory$auto$proc_rom.cc:150:do_switch$505$rdmux[0][6][0]$b$702 [12] }, Y={ $memory$auto$proc_rom.cc:150:do_switch$505$rdmux[0][5][6]$b$624 [8] $memory$auto$proc_rom.cc:150:do_switch$505$rdmux[0][5][6]$b$624 [6:5] $memory$auto$proc_rom.cc:150:do_switch$505$rdmux[0][5][6]$b$624 [2:0] }
      New connections: { $memory$auto$proc_rom.cc:150:do_switch$505$rdmux[0][5][6]$b$624 [7] $memory$auto$proc_rom.cc:150:do_switch$505$rdmux[0][5][6]$b$624 [4] } = $memory$auto$proc_rom.cc:150:do_switch$505$rdmux[0][6][0]$b$702 [13:12]
    Consolidated identical input bits for $mux cell $memory$auto$proc_rom.cc:150:do_switch$505$rdmux[0][6][16]$748:
      Old ports: A={ 2'10 $memory$auto$proc_rom.cc:150:do_switch$505$rdmux[0][6][0]$b$702 [13:12] $memory$auto$proc_rom.cc:150:do_switch$505$rdmux[0][6][0]$b$702 [13:12] 1'0 }, B={ $memory$auto$proc_rom.cc:150:do_switch$505$rdmux[0][6][0]$b$702 [13:12] $memory$auto$proc_rom.cc:150:do_switch$505$rdmux[0][6][0]$b$702 [12] $memory$auto$proc_rom.cc:150:do_switch$505$rdmux[0][6][0]$b$702 [12] 3'001 }, Y={ $memory$auto$proc_rom.cc:150:do_switch$505$rdmux[0][5][8]$a$629 [10:9] $memory$auto$proc_rom.cc:150:do_switch$505$rdmux[0][5][8]$a$629 [7:6] $memory$auto$proc_rom.cc:150:do_switch$505$rdmux[0][5][8]$a$629 [4:3] $memory$auto$proc_rom.cc:150:do_switch$505$rdmux[0][5][8]$a$629 [1] }
      New ports: A={ 2'10 $memory$auto$proc_rom.cc:150:do_switch$505$rdmux[0][6][0]$b$702 [13] $memory$auto$proc_rom.cc:150:do_switch$505$rdmux[0][6][0]$b$702 [13:12] 1'0 }, B={ $memory$auto$proc_rom.cc:150:do_switch$505$rdmux[0][6][0]$b$702 [13:12] $memory$auto$proc_rom.cc:150:do_switch$505$rdmux[0][6][0]$b$702 [12] 3'001 }, Y={ $memory$auto$proc_rom.cc:150:do_switch$505$rdmux[0][5][8]$a$629 [10:9] $memory$auto$proc_rom.cc:150:do_switch$505$rdmux[0][5][8]$a$629 [7] $memory$auto$proc_rom.cc:150:do_switch$505$rdmux[0][5][8]$a$629 [4:3] $memory$auto$proc_rom.cc:150:do_switch$505$rdmux[0][5][8]$a$629 [1] }
      New connections: $memory$auto$proc_rom.cc:150:do_switch$505$rdmux[0][5][8]$a$629 [6] = $memory$auto$proc_rom.cc:150:do_switch$505$rdmux[0][6][0]$b$702 [12]
    Consolidated identical input bits for $mux cell $memory$auto$proc_rom.cc:150:do_switch$505$rdmux[0][6][22]$766:
      Old ports: A={ $memory$auto$proc_rom.cc:150:do_switch$505$rdmux[0][6][0]$b$702 [13:12] $memory$auto$proc_rom.cc:150:do_switch$505$rdmux[0][6][0]$b$702 [12] $memory$auto$proc_rom.cc:150:do_switch$505$rdmux[0][6][0]$b$702 [12] 1'0 }, B={ 2'01 $memory$auto$proc_rom.cc:150:do_switch$505$rdmux[0][6][0]$b$702 [13:12] $memory$auto$proc_rom.cc:150:do_switch$505$rdmux[0][6][0]$b$702 [12] }, Y={ $memory$auto$proc_rom.cc:150:do_switch$505$rdmux[0][5][11]$a$638 [8:7] $memory$auto$proc_rom.cc:150:do_switch$505$rdmux[0][5][11]$a$638 [5:4] $memory$auto$proc_rom.cc:150:do_switch$505$rdmux[0][5][11]$a$638 [1] }
      New ports: A={ $memory$auto$proc_rom.cc:150:do_switch$505$rdmux[0][6][0]$b$702 [13:12] $memory$auto$proc_rom.cc:150:do_switch$505$rdmux[0][6][0]$b$702 [12] 1'0 }, B={ 2'01 $memory$auto$proc_rom.cc:150:do_switch$505$rdmux[0][6][0]$b$702 [13:12] }, Y={ $memory$auto$proc_rom.cc:150:do_switch$505$rdmux[0][5][11]$a$638 [8:7] $memory$auto$proc_rom.cc:150:do_switch$505$rdmux[0][5][11]$a$638 [5] $memory$auto$proc_rom.cc:150:do_switch$505$rdmux[0][5][11]$a$638 [1] }
      New connections: $memory$auto$proc_rom.cc:150:do_switch$505$rdmux[0][5][11]$a$638 [4] = $memory$auto$proc_rom.cc:150:do_switch$505$rdmux[0][6][0]$b$702 [12]
    Consolidated identical input bits for $mux cell $memory$auto$proc_rom.cc:150:do_switch$505$rdmux[0][6][27]$781:
      Old ports: A={ 1'1 $memory$auto$proc_rom.cc:150:do_switch$505$rdmux[0][6][0]$a$701 [11] $memory$auto$proc_rom.cc:150:do_switch$505$rdmux[0][6][0]$a$701 [11] }, B={ 1'0 $memory$auto$proc_rom.cc:150:do_switch$505$rdmux[0][6][0]$a$701 [11] 1'0 }, Y={ $memory$auto$proc_rom.cc:150:do_switch$505$rdmux[0][5][13]$b$645 [3:2] $memory$auto$proc_rom.cc:150:do_switch$505$rdmux[0][5][13]$b$645 [0] }
      New ports: A={ 1'1 $memory$auto$proc_rom.cc:150:do_switch$505$rdmux[0][6][0]$a$701 [11] }, B=2'00, Y={ $memory$auto$proc_rom.cc:150:do_switch$505$rdmux[0][5][13]$b$645 [3] $memory$auto$proc_rom.cc:150:do_switch$505$rdmux[0][5][13]$b$645 [0] }
      New connections: $memory$auto$proc_rom.cc:150:do_switch$505$rdmux[0][5][13]$b$645 [2] = $memory$auto$proc_rom.cc:150:do_switch$505$rdmux[0][6][0]$a$701 [11]
    Consolidated identical input bits for $mux cell $memory$auto$proc_rom.cc:150:do_switch$505$rdmux[0][6][2]$706:
      Old ports: A={ $memory$auto$proc_rom.cc:150:do_switch$505$rdmux[0][6][0]$b$702 [13] $memory$auto$proc_rom.cc:150:do_switch$505$rdmux[0][6][0]$b$702 [13] 2'10 $memory$auto$proc_rom.cc:150:do_switch$505$rdmux[0][6][0]$b$702 [12] 3'101 }, B={ $memory$auto$proc_rom.cc:150:do_switch$505$rdmux[0][6][0]$b$702 [13] 2'00 $memory$auto$proc_rom.cc:150:do_switch$505$rdmux[0][6][0]$b$702 [12] $memory$auto$proc_rom.cc:150:do_switch$505$rdmux[0][6][0]$b$702 [12] $memory$auto$proc_rom.cc:150:do_switch$505$rdmux[0][6][0]$b$702 [13] $memory$auto$proc_rom.cc:150:do_switch$505$rdmux[0][6][0]$b$702 [13:12] }, Y={ $memory$auto$proc_rom.cc:150:do_switch$505$rdmux[0][5][1]$a$608 [11] $memory$auto$proc_rom.cc:150:do_switch$505$rdmux[0][5][1]$a$608 [9] $memory$auto$proc_rom.cc:150:do_switch$505$rdmux[0][5][1]$a$608 [12] $memory$auto$proc_rom.cc:150:do_switch$505$rdmux[0][5][1]$a$608 [5] $memory$auto$proc_rom.cc:150:do_switch$505$rdmux[0][5][1]$a$608 [7] $memory$auto$proc_rom.cc:150:do_switch$505$rdmux[0][5][1]$a$608 [8] $memory$auto$proc_rom.cc:150:do_switch$505$rdmux[0][5][1]$a$608 [1:0] }
      New ports: A={ $memory$auto$proc_rom.cc:150:do_switch$505$rdmux[0][6][0]$b$702 [13] 5'10101 }, B={ 2'00 $memory$auto$proc_rom.cc:150:do_switch$505$rdmux[0][6][0]$b$702 [12] $memory$auto$proc_rom.cc:150:do_switch$505$rdmux[0][6][0]$b$702 [13] $memory$auto$proc_rom.cc:150:do_switch$505$rdmux[0][6][0]$b$702 [13:12] }, Y={ $memory$auto$proc_rom.cc:150:do_switch$505$rdmux[0][5][1]$a$608 [9] $memory$auto$proc_rom.cc:150:do_switch$505$rdmux[0][5][1]$a$608 [12] $memory$auto$proc_rom.cc:150:do_switch$505$rdmux[0][5][1]$a$608 [5] $memory$auto$proc_rom.cc:150:do_switch$505$rdmux[0][5][1]$a$608 [8] $memory$auto$proc_rom.cc:150:do_switch$505$rdmux[0][5][1]$a$608 [1:0] }
      New connections: { $memory$auto$proc_rom.cc:150:do_switch$505$rdmux[0][5][1]$a$608 [11] $memory$auto$proc_rom.cc:150:do_switch$505$rdmux[0][5][1]$a$608 [7] } = $memory$auto$proc_rom.cc:150:do_switch$505$rdmux[0][6][0]$b$702 [13:12]
    Consolidated identical input bits for $mux cell $memory$auto$proc_rom.cc:150:do_switch$505$rdmux[0][6][30]$790:
      Old ports: A={ 2'10 $memory$auto$proc_rom.cc:150:do_switch$505$rdmux[0][6][0]$b$702 [13:12] }, B={ $memory$auto$proc_rom.cc:150:do_switch$505$rdmux[0][6][0]$b$702 [13:12] $memory$auto$proc_rom.cc:150:do_switch$505$rdmux[0][6][0]$b$702 [12] $memory$auto$proc_rom.cc:150:do_switch$505$rdmux[0][6][0]$b$702 [12] }, Y={ $memory$auto$proc_rom.cc:150:do_switch$505$rdmux[0][5][15]$a$650 [5:4] $memory$auto$proc_rom.cc:150:do_switch$505$rdmux[0][5][15]$a$650 [2:1] }
      New ports: A={ 2'10 $memory$auto$proc_rom.cc:150:do_switch$505$rdmux[0][6][0]$b$702 [13] }, B={ $memory$auto$proc_rom.cc:150:do_switch$505$rdmux[0][6][0]$b$702 [13:12] $memory$auto$proc_rom.cc:150:do_switch$505$rdmux[0][6][0]$b$702 [12] }, Y={ $memory$auto$proc_rom.cc:150:do_switch$505$rdmux[0][5][15]$a$650 [5:4] $memory$auto$proc_rom.cc:150:do_switch$505$rdmux[0][5][15]$a$650 [2] }
      New connections: $memory$auto$proc_rom.cc:150:do_switch$505$rdmux[0][5][15]$a$650 [1] = $memory$auto$proc_rom.cc:150:do_switch$505$rdmux[0][6][0]$b$702 [12]
    Consolidated identical input bits for $mux cell $memory$auto$proc_rom.cc:150:do_switch$505$rdmux[0][6][31]$793:
      Old ports: A={ 1'1 $memory$auto$proc_rom.cc:150:do_switch$505$rdmux[0][6][0]$b$702 [13:12] $memory$auto$proc_rom.cc:150:do_switch$505$rdmux[0][6][0]$b$702 [12] }, B={ $memory$auto$proc_rom.cc:150:do_switch$505$rdmux[0][6][0]$b$702 [13:12] $memory$auto$proc_rom.cc:150:do_switch$505$rdmux[0][6][0]$b$702 [12] 1'1 }, Y=$memory$auto$proc_rom.cc:150:do_switch$505$rdmux[0][5][15]$b$651 [3:0]
      New ports: A={ 1'1 $memory$auto$proc_rom.cc:150:do_switch$505$rdmux[0][6][0]$b$702 [13:12] }, B={ $memory$auto$proc_rom.cc:150:do_switch$505$rdmux[0][6][0]$b$702 [13:12] 1'1 }, Y={ $memory$auto$proc_rom.cc:150:do_switch$505$rdmux[0][5][15]$b$651 [3:2] $memory$auto$proc_rom.cc:150:do_switch$505$rdmux[0][5][15]$b$651 [0] }
      New connections: $memory$auto$proc_rom.cc:150:do_switch$505$rdmux[0][5][15]$b$651 [1] = $memory$auto$proc_rom.cc:150:do_switch$505$rdmux[0][6][0]$b$702 [12]
    Consolidated identical input bits for $mux cell $memory$auto$proc_rom.cc:150:do_switch$505$rdmux[0][6][33]$799:
      Old ports: A={ 2'10 $memory$auto$proc_rom.cc:150:do_switch$505$rdmux[0][6][0]$a$701 [11] }, B={ 2'01 $memory$auto$proc_rom.cc:150:do_switch$505$rdmux[0][6][0]$a$701 [11] }, Y={ $memory$auto$proc_rom.cc:150:do_switch$505$rdmux[0][5][16]$b$654 [4:3] $memory$auto$proc_rom.cc:150:do_switch$505$rdmux[0][5][16]$b$654 [0] }
      New ports: A=2'10, B=2'01, Y=$memory$auto$proc_rom.cc:150:do_switch$505$rdmux[0][5][16]$b$654 [4:3]
      New connections: $memory$auto$proc_rom.cc:150:do_switch$505$rdmux[0][5][16]$b$654 [0] = $memory$auto$proc_rom.cc:150:do_switch$505$rdmux[0][6][0]$a$701 [11]
    Consolidated identical input bits for $mux cell $memory$auto$proc_rom.cc:150:do_switch$505$rdmux[0][6][3]$709:
      Old ports: A={ 1'0 $memory$auto$proc_rom.cc:150:do_switch$505$rdmux[0][6][10]$a$731 [9] $memory$auto$proc_rom.cc:150:do_switch$505$rdmux[0][6][10]$a$731 [10:9] 1'1 $memory$auto$proc_rom.cc:150:do_switch$505$rdmux[0][6][10]$a$731 [10] 2'01 }, B={ $memory$auto$proc_rom.cc:150:do_switch$505$rdmux[0][6][10]$a$731 [9] 1'0 $memory$auto$proc_rom.cc:150:do_switch$505$rdmux[0][6][10]$a$731 [9] $memory$auto$proc_rom.cc:150:do_switch$505$rdmux[0][6][10]$a$731 [10] 1'0 $memory$auto$proc_rom.cc:150:do_switch$505$rdmux[0][6][10]$a$731 [10] $memory$auto$proc_rom.cc:150:do_switch$505$rdmux[0][6][10]$a$731 [10] $memory$auto$proc_rom.cc:150:do_switch$505$rdmux[0][6][10]$a$731 [10] }, Y={ $memory$auto$proc_rom.cc:150:do_switch$505$rdmux[0][5][1]$b$609 [10] $memory$auto$proc_rom.cc:150:do_switch$505$rdmux[0][5][1]$b$609 [8] $memory$auto$proc_rom.cc:150:do_switch$505$rdmux[0][5][1]$b$609 [6] $memory$auto$proc_rom.cc:150:do_switch$505$rdmux[0][5][1]$b$609 [4] $memory$auto$proc_rom.cc:150:do_switch$505$rdmux[0][5][1]$b$609 [12:11] $memory$auto$proc_rom.cc:150:do_switch$505$rdmux[0][5][1]$b$609 [9] $memory$auto$proc_rom.cc:150:do_switch$505$rdmux[0][5][1]$b$609 [7] }
      New ports: A={ 1'0 $memory$auto$proc_rom.cc:150:do_switch$505$rdmux[0][6][10]$a$731 [9] $memory$auto$proc_rom.cc:150:do_switch$505$rdmux[0][6][10]$a$731 [10:9] 3'101 }, B={ $memory$auto$proc_rom.cc:150:do_switch$505$rdmux[0][6][10]$a$731 [9] 1'0 $memory$auto$proc_rom.cc:150:do_switch$505$rdmux[0][6][10]$a$731 [9] $memory$auto$proc_rom.cc:150:do_switch$505$rdmux[0][6][10]$a$731 [10] 1'0 $memory$auto$proc_rom.cc:150:do_switch$505$rdmux[0][6][10]$a$731 [10] $memory$auto$proc_rom.cc:150:do_switch$505$rdmux[0][6][10]$a$731 [10] }, Y={ $memory$auto$proc_rom.cc:150:do_switch$505$rdmux[0][5][1]$b$609 [10] $memory$auto$proc_rom.cc:150:do_switch$505$rdmux[0][5][1]$b$609 [8] $memory$auto$proc_rom.cc:150:do_switch$505$rdmux[0][5][1]$b$609 [6] $memory$auto$proc_rom.cc:150:do_switch$505$rdmux[0][5][1]$b$609 [4] $memory$auto$proc_rom.cc:150:do_switch$505$rdmux[0][5][1]$b$609 [12] $memory$auto$proc_rom.cc:150:do_switch$505$rdmux[0][5][1]$b$609 [9] $memory$auto$proc_rom.cc:150:do_switch$505$rdmux[0][5][1]$b$609 [7] }
      New connections: $memory$auto$proc_rom.cc:150:do_switch$505$rdmux[0][5][1]$b$609 [11] = $memory$auto$proc_rom.cc:150:do_switch$505$rdmux[0][6][10]$a$731 [10]
    Consolidated identical input bits for $mux cell $memory$auto$proc_rom.cc:150:do_switch$505$rdmux[0][6][5]$715:
      Old ports: A={ 2'10 $memory$auto$proc_rom.cc:150:do_switch$505$rdmux[0][6][0]$b$702 [13] $memory$auto$proc_rom.cc:150:do_switch$505$rdmux[0][6][0]$b$702 [13] 1'1 $memory$auto$proc_rom.cc:150:do_switch$505$rdmux[0][6][0]$b$702 [12] $memory$auto$proc_rom.cc:150:do_switch$505$rdmux[0][6][0]$b$702 [13] $memory$auto$proc_rom.cc:150:do_switch$505$rdmux[0][6][0]$b$702 [13:12] $memory$auto$proc_rom.cc:150:do_switch$505$rdmux[0][6][0]$b$702 [12] $memory$auto$proc_rom.cc:150:do_switch$505$rdmux[0][6][0]$b$702 [12] }, B={ $memory$auto$proc_rom.cc:150:do_switch$505$rdmux[0][6][0]$b$702 [13:12] $memory$auto$proc_rom.cc:150:do_switch$505$rdmux[0][6][0]$b$702 [12] 1'0 $memory$auto$proc_rom.cc:150:do_switch$505$rdmux[0][6][0]$b$702 [12] $memory$auto$proc_rom.cc:150:do_switch$505$rdmux[0][6][0]$b$702 [13] $memory$auto$proc_rom.cc:150:do_switch$505$rdmux[0][6][0]$b$702 [13] 1'1 $memory$auto$proc_rom.cc:150:do_switch$505$rdmux[0][6][0]$b$702 [12] 2'10 }, Y={ $memory$auto$proc_rom.cc:150:do_switch$505$rdmux[0][5][2]$b$612 [14:13] $memory$auto$proc_rom.cc:150:do_switch$505$rdmux[0][5][2]$b$612 [11] $memory$auto$proc_rom.cc:150:do_switch$505$rdmux[0][5][2]$b$612 [8] $memory$auto$proc_rom.cc:150:do_switch$505$rdmux[0][5][2]$b$612 [6:3] $memory$auto$proc_rom.cc:150:do_switch$505$rdmux[0][5][2]$b$612 [10] $memory$auto$proc_rom.cc:150:do_switch$505$rdmux[0][5][2]$b$612 [7] $memory$auto$proc_rom.cc:150:do_switch$505$rdmux[0][5][2]$b$612 [0] }
      New ports: A={ 2'10 $memory$auto$proc_rom.cc:150:do_switch$505$rdmux[0][6][0]$b$702 [13] $memory$auto$proc_rom.cc:150:do_switch$505$rdmux[0][6][0]$b$702 [13] 1'1 $memory$auto$proc_rom.cc:150:do_switch$505$rdmux[0][6][0]$b$702 [12] $memory$auto$proc_rom.cc:150:do_switch$505$rdmux[0][6][0]$b$702 [13:12] $memory$auto$proc_rom.cc:150:do_switch$505$rdmux[0][6][0]$b$702 [12] }, B={ $memory$auto$proc_rom.cc:150:do_switch$505$rdmux[0][6][0]$b$702 [13:12] $memory$auto$proc_rom.cc:150:do_switch$505$rdmux[0][6][0]$b$702 [12] 1'0 $memory$auto$proc_rom.cc:150:do_switch$505$rdmux[0][6][0]$b$702 [12] $memory$auto$proc_rom.cc:150:do_switch$505$rdmux[0][6][0]$b$702 [13] 3'110 }, Y={ $memory$auto$proc_rom.cc:150:do_switch$505$rdmux[0][5][2]$b$612 [14:13] $memory$auto$proc_rom.cc:150:do_switch$505$rdmux[0][5][2]$b$612 [11] $memory$auto$proc_rom.cc:150:do_switch$505$rdmux[0][5][2]$b$612 [8] $memory$auto$proc_rom.cc:150:do_switch$505$rdmux[0][5][2]$b$612 [6:5] $memory$auto$proc_rom.cc:150:do_switch$505$rdmux[0][5][2]$b$612 [3] $memory$auto$proc_rom.cc:150:do_switch$505$rdmux[0][5][2]$b$612 [7] $memory$auto$proc_rom.cc:150:do_switch$505$rdmux[0][5][2]$b$612 [0] }
      New connections: { $memory$auto$proc_rom.cc:150:do_switch$505$rdmux[0][5][2]$b$612 [4] $memory$auto$proc_rom.cc:150:do_switch$505$rdmux[0][5][2]$b$612 [10] } = $memory$auto$proc_rom.cc:150:do_switch$505$rdmux[0][6][0]$b$702 [13:12]
    Consolidated identical input bits for $mux cell $memory$auto$proc_rom.cc:150:do_switch$505$rdmux[0][6][7]$721:
      Old ports: A={ $memory$auto$proc_rom.cc:150:do_switch$505$rdmux[0][6][0]$b$702 [13] 1'0 $memory$auto$proc_rom.cc:150:do_switch$505$rdmux[0][6][0]$b$702 [12] $memory$auto$proc_rom.cc:150:do_switch$505$rdmux[0][6][0]$b$702 [13] 1'1 $memory$auto$proc_rom.cc:150:do_switch$505$rdmux[0][6][0]$b$702 [13:12] 1'0 }, B={ 1'1 $memory$auto$proc_rom.cc:150:do_switch$505$rdmux[0][6][0]$b$702 [13:12] $memory$auto$proc_rom.cc:150:do_switch$505$rdmux[0][6][0]$b$702 [12] 2'00 $memory$auto$proc_rom.cc:150:do_switch$505$rdmux[0][6][0]$b$702 [13:12] }, Y={ $memory$auto$proc_rom.cc:150:do_switch$505$rdmux[0][5][3]$b$615 [10:9] $memory$auto$proc_rom.cc:150:do_switch$505$rdmux[0][5][3]$b$615 [7] $memory$auto$proc_rom.cc:150:do_switch$505$rdmux[0][5][3]$b$615 [5] $memory$auto$proc_rom.cc:150:do_switch$505$rdmux[0][5][3]$b$615 [11] $memory$auto$proc_rom.cc:150:do_switch$505$rdmux[0][5][3]$b$615 [4] $memory$auto$proc_rom.cc:150:do_switch$505$rdmux[0][5][3]$b$615 [8] $memory$auto$proc_rom.cc:150:do_switch$505$rdmux[0][5][3]$b$615 [0] }
      New ports: A={ $memory$auto$proc_rom.cc:150:do_switch$505$rdmux[0][6][0]$b$702 [13] 1'0 $memory$auto$proc_rom.cc:150:do_switch$505$rdmux[0][6][0]$b$702 [13] 1'1 $memory$auto$proc_rom.cc:150:do_switch$505$rdmux[0][6][0]$b$702 [13:12] 1'0 }, B={ 1'1 $memory$auto$proc_rom.cc:150:do_switch$505$rdmux[0][6][0]$b$702 [13:12] 2'00 $memory$auto$proc_rom.cc:150:do_switch$505$rdmux[0][6][0]$b$702 [13:12] }, Y={ $memory$auto$proc_rom.cc:150:do_switch$505$rdmux[0][5][3]$b$615 [10:9] $memory$auto$proc_rom.cc:150:do_switch$505$rdmux[0][5][3]$b$615 [5] $memory$auto$proc_rom.cc:150:do_switch$505$rdmux[0][5][3]$b$615 [11] $memory$auto$proc_rom.cc:150:do_switch$505$rdmux[0][5][3]$b$615 [4] $memory$auto$proc_rom.cc:150:do_switch$505$rdmux[0][5][3]$b$615 [8] $memory$auto$proc_rom.cc:150:do_switch$505$rdmux[0][5][3]$b$615 [0] }
      New connections: $memory$auto$proc_rom.cc:150:do_switch$505$rdmux[0][5][3]$b$615 [7] = $memory$auto$proc_rom.cc:150:do_switch$505$rdmux[0][6][0]$b$702 [12]
    Consolidated identical input bits for $mux cell $memory$auto$proc_rom.cc:150:do_switch$505$rdmux[0][6][8]$724:
      Old ports: A={ $memory$auto$proc_rom.cc:150:do_switch$505$rdmux[0][6][10]$a$731 [10] $memory$auto$proc_rom.cc:150:do_switch$505$rdmux[0][6][10]$a$731 [10] 1'0 $memory$auto$proc_rom.cc:150:do_switch$505$rdmux[0][6][10]$a$731 [9] 2'10 $memory$auto$proc_rom.cc:150:do_switch$505$rdmux[0][6][10]$a$731 [10] }, B={ $memory$auto$proc_rom.cc:150:do_switch$505$rdmux[0][6][10]$a$731 [10:9] 1'1 $memory$auto$proc_rom.cc:150:do_switch$505$rdmux[0][6][10]$a$731 [9] 1'0 $memory$auto$proc_rom.cc:150:do_switch$505$rdmux[0][6][10]$a$731 [10] 1'1 }, Y={ $memory$auto$proc_rom.cc:150:do_switch$505$rdmux[0][5][4]$a$617 [9] $memory$auto$proc_rom.cc:150:do_switch$505$rdmux[0][5][4]$a$617 [5] $memory$auto$proc_rom.cc:150:do_switch$505$rdmux[0][5][4]$a$617 [12] $memory$auto$proc_rom.cc:150:do_switch$505$rdmux[0][5][4]$a$617 [3] $memory$auto$proc_rom.cc:150:do_switch$505$rdmux[0][5][4]$a$617 [13] $memory$auto$proc_rom.cc:150:do_switch$505$rdmux[0][5][4]$a$617 [1:0] }
      New ports: A={ $memory$auto$proc_rom.cc:150:do_switch$505$rdmux[0][6][10]$a$731 [10] 3'010 $memory$auto$proc_rom.cc:150:do_switch$505$rdmux[0][6][10]$a$731 [10] }, B={ $memory$auto$proc_rom.cc:150:do_switch$505$rdmux[0][6][10]$a$731 [9] 2'10 $memory$auto$proc_rom.cc:150:do_switch$505$rdmux[0][6][10]$a$731 [10] 1'1 }, Y={ $memory$auto$proc_rom.cc:150:do_switch$505$rdmux[0][5][4]$a$617 [5] $memory$auto$proc_rom.cc:150:do_switch$505$rdmux[0][5][4]$a$617 [12] $memory$auto$proc_rom.cc:150:do_switch$505$rdmux[0][5][4]$a$617 [13] $memory$auto$proc_rom.cc:150:do_switch$505$rdmux[0][5][4]$a$617 [1:0] }
      New connections: { $memory$auto$proc_rom.cc:150:do_switch$505$rdmux[0][5][4]$a$617 [9] $memory$auto$proc_rom.cc:150:do_switch$505$rdmux[0][5][4]$a$617 [3] } = $memory$auto$proc_rom.cc:150:do_switch$505$rdmux[0][6][10]$a$731 [10:9]
  Optimizing cells in module \exp_lut.
    Consolidated identical input bits for $mux cell $memory$auto$proc_rom.cc:150:do_switch$505$rdmux[0][5][15]$649:
      Old ports: A={ $memory$auto$proc_rom.cc:150:do_switch$505$rdmux[0][5][15]$a$650 [5:4] $memory$auto$proc_rom.cc:150:do_switch$505$rdmux[0][5][15]$a$650 [4] $memory$auto$proc_rom.cc:150:do_switch$505$rdmux[0][5][15]$a$650 [2:1] 1'0 }, B={ 2'01 $memory$auto$proc_rom.cc:150:do_switch$505$rdmux[0][5][15]$b$651 [3:0] }, Y=$memory$auto$proc_rom.cc:150:do_switch$505$rdmux[0][4][7]$b$579 [5:0]
      New ports: A={ $memory$auto$proc_rom.cc:150:do_switch$505$rdmux[0][5][15]$a$650 [5:4] $memory$auto$proc_rom.cc:150:do_switch$505$rdmux[0][5][15]$a$650 [4] $memory$auto$proc_rom.cc:150:do_switch$505$rdmux[0][5][15]$a$650 [2] 1'0 }, B={ 2'01 $memory$auto$proc_rom.cc:150:do_switch$505$rdmux[0][5][15]$b$651 [3:2] $memory$auto$proc_rom.cc:150:do_switch$505$rdmux[0][5][15]$b$651 [0] }, Y={ $memory$auto$proc_rom.cc:150:do_switch$505$rdmux[0][4][7]$b$579 [5:2] $memory$auto$proc_rom.cc:150:do_switch$505$rdmux[0][4][7]$b$579 [0] }
      New connections: $memory$auto$proc_rom.cc:150:do_switch$505$rdmux[0][4][7]$b$579 [1] = $memory$auto$proc_rom.cc:150:do_switch$505$rdmux[0][6][0]$b$702 [12]
  Optimizing cells in module \exp_lut.
Performed a total of 16 changes.

13.20.13. Executing OPT_MERGE pass (detect identical cells).
Finding identical cells in module `\exp_lut'.
<suppressed ~3 debug messages>
Removed a total of 1 cells.

13.20.14. Executing OPT_SHARE pass.

13.20.15. Executing OPT_DFF pass (perform DFF optimizations).

13.20.16. Executing OPT_CLEAN pass (remove unused cells and wires).
Finding unused cells or wires in module \exp_lut..
Removed 0 unused cells and 4 unused wires.
<suppressed ~1 debug messages>

13.20.17. Executing OPT_EXPR pass (perform const folding).
Optimizing module exp_lut.

13.20.18. Rerunning OPT passes. (Maybe there is more to do..)

13.20.19. Executing OPT_MUXTREE pass (detect dead branches in mux trees).
Running muxtree optimizer on module \exp_lut..
  Creating internal representation of mux trees.
  Evaluating internal representation of mux trees.
  Analyzing evaluation results.
Removed 0 multiplexer ports.
<suppressed ~5 debug messages>

13.20.20. Executing OPT_REDUCE pass (consolidate $*mux and $reduce_* inputs).
  Optimizing cells in module \exp_lut.
Performed a total of 0 changes.

13.20.21. Executing OPT_MERGE pass (detect identical cells).
Finding identical cells in module `\exp_lut'.
Removed a total of 0 cells.

13.20.22. Executing OPT_SHARE pass.

13.20.23. Executing OPT_DFF pass (perform DFF optimizations).

13.20.24. Executing OPT_CLEAN pass (remove unused cells and wires).
Finding unused cells or wires in module \exp_lut..

13.20.25. Executing OPT_EXPR pass (perform const folding).
Optimizing module exp_lut.

13.20.26. Finished OPT passes. (There is nothing left to do.)

13.21. Executing TECHMAP pass (map to technology primitives).

13.21.1. Executing Verilog-2005 frontend: /usr/bin/../share/yosys/techmap.v
Parsing Verilog input from `/usr/bin/../share/yosys/techmap.v' to AST representation.
Generating RTLIL representation for module `\_90_simplemap_bool_ops'.
Generating RTLIL representation for module `\_90_simplemap_reduce_ops'.
Generating RTLIL representation for module `\_90_simplemap_logic_ops'.
Generating RTLIL representation for module `\_90_simplemap_compare_ops'.
Generating RTLIL representation for module `\_90_simplemap_various'.
Generating RTLIL representation for module `\_90_simplemap_registers'.
Generating RTLIL representation for module `\_90_shift_ops_shr_shl_sshl_sshr'.
Generating RTLIL representation for module `\_90_shift_shiftx'.
Generating RTLIL representation for module `\_90_fa'.
Generating RTLIL representation for module `\_90_lcu'.
Generating RTLIL representation for module `\_90_alu'.
Generating RTLIL representation for module `\_90_macc'.
Generating RTLIL representation for module `\_90_alumacc'.
Generating RTLIL representation for module `\$__div_mod_u'.
Generating RTLIL representation for module `\$__div_mod_trunc'.
Generating RTLIL representation for module `\_90_div'.
Generating RTLIL representation for module `\_90_mod'.
Generating RTLIL representation for module `\$__div_mod_floor'.
Generating RTLIL representation for module `\_90_divfloor'.
Generating RTLIL representation for module `\_90_modfloor'.
Generating RTLIL representation for module `\_90_pow'.
Generating RTLIL representation for module `\_90_pmux'.
Generating RTLIL representation for module `\_90_demux'.
Generating RTLIL representation for module `\_90_lut'.
Successfully finished Verilog frontend.

13.21.2. Continuing TECHMAP pass.
Using extmapper simplemap for cells of type $mux.
Using extmapper simplemap for cells of type $not.
No more expansions possible.
<suppressed ~162 debug messages>

13.22. Executing OPT pass (performing simple optimizations).

13.22.1. Executing OPT_EXPR pass (perform const folding).
Optimizing module exp_lut.
<suppressed ~21 debug messages>

13.22.2. Executing OPT_MERGE pass (detect identical cells).
Finding identical cells in module `\exp_lut'.
<suppressed ~708 debug messages>
Removed a total of 236 cells.

13.22.3. Executing OPT_DFF pass (perform DFF optimizations).

13.22.4. Executing OPT_CLEAN pass (remove unused cells and wires).
Finding unused cells or wires in module \exp_lut..
Removed 0 unused cells and 37 unused wires.
<suppressed ~1 debug messages>

13.22.5. Finished fast OPT passes.

13.23. Executing ABC pass (technology mapping using ABC).

13.23.1. Extracting gate netlist of module `\exp_lut' to `<abc-temp-dir>/input.blif'..
Extracted 365 gates and 375 wires to a netlist network with 8 inputs and 16 outputs.

13.23.1.1. Executing ABC.
Running ABC command: "<yosys-exe-dir>/yosys-abc" -s -f <abc-temp-dir>/abc.script 2>&1
ABC: ABC command line: "source <abc-temp-dir>/abc.script".
ABC: 
ABC: + read_blif <abc-temp-dir>/input.blif 
ABC: + read_library <abc-temp-dir>/stdcells.genlib 
ABC: Entered genlib library with 13 gates from file "<abc-temp-dir>/stdcells.genlib".
ABC: + strash 
ABC: + dretime 
ABC: + map 
ABC: + write_blif <abc-temp-dir>/output.blif 

13.23.1.2. Re-integrating ABC results.
ABC RESULTS:               XOR cells:        1
ABC RESULTS:              XNOR cells:        2
ABC RESULTS:             ORNOT cells:        8
ABC RESULTS:               NOT cells:       10
ABC RESULTS:              NAND cells:       11
ABC RESULTS:               NOR cells:        6
ABC RESULTS:               MUX cells:      255
ABC RESULTS:               AND cells:        4
ABC RESULTS:                OR cells:       51
ABC RESULTS:            ANDNOT cells:       60
ABC RESULTS:        internal signals:      351
ABC RESULTS:           input signals:        8
ABC RESULTS:          output signals:       16
Removing temp directory.

13.24. Executing OPT pass (performing simple optimizations).

13.24.1. Executing OPT_EXPR pass (perform const folding).
Optimizing module exp_lut.
<suppressed ~179 debug messages>

13.24.2. Executing OPT_MERGE pass (detect identical cells).
Finding identical cells in module `\exp_lut'.
<suppressed ~63 debug messages>
Removed a total of 21 cells.

13.24.3. Executing OPT_DFF pass (perform DFF optimizations).

13.24.4. Executing OPT_CLEAN pass (remove unused cells and wires).
Finding unused cells or wires in module \exp_lut..
Removed 2 unused cells and 95 unused wires.
<suppressed ~3 debug messages>

13.24.5. Finished fast OPT passes.

13.25. Executing HIERARCHY pass (managing design hierarchy).

13.25.1. Analyzing design hierarchy..
Top module:  \exp_lut

13.25.2. Analyzing design hierarchy..
Top module:  \exp_lut
Removed 0 unused modules.

13.26. Printing statistics.

=== exp_lut ===

   Number of wires:                371
   Number of wire bits:            393
   Number of public wires:           2
   Number of public wire bits:      24
   Number of memories:               0
   Number of memory bits:            0
   Number of processes:              0
   Number of cells:                385
     $_ANDNOT_                      56
     $_AND_                          3
     $_MUX_                        247
     $_NAND_                         9
     $_NOR_                          4
     $_NOT_                          8
     $_ORNOT_                        6
     $_OR_                          49
     $_XNOR_                         2
     $_XOR_                          1

13.27. Executing CHECK pass (checking for obvious problems).
Checking module exp_lut...
Found and reported 0 problems.

14. Executing DFFLEGALIZE pass (convert FFs to types supported by the target).

15. Executing DFFLIBMAP pass (mapping DFF cells to sequential cells from liberty file).
  cell DFF (noninv, pins=3, area=5.00) is a direct match for cell type $_DFF_P_.
  final dff cell mappings:
    unmapped dff cell: $_DFF_N_
    \DFF _DFF_P_ (.CK( C), .D( D), .Q( Q));
    unmapped dff cell: $_DFF_NN0_
    unmapped dff cell: $_DFF_NN1_
    unmapped dff cell: $_DFF_NP0_
    unmapped dff cell: $_DFF_NP1_
    unmapped dff cell: $_DFF_PN0_
    unmapped dff cell: $_DFF_PN1_
    unmapped dff cell: $_DFF_PP0_
    unmapped dff cell: $_DFF_PP1_
    unmapped dff cell: $_DFFSR_NNN_
    unmapped dff cell: $_DFFSR_NNP_
    unmapped dff cell: $_DFFSR_NPN_
    unmapped dff cell: $_DFFSR_NPP_
    unmapped dff cell: $_DFFSR_PNN_
    unmapped dff cell: $_DFFSR_PNP_
    unmapped dff cell: $_DFFSR_PPN_
    unmapped dff cell: $_DFFSR_PPP_

15.1. Executing DFFLEGALIZE pass (convert FFs to types supported by the target).
Mapping DFF cells in module `\exp_lut':

16. Executing ABC pass (technology mapping using ABC).

16.1. Extracting gate netlist of module `\exp_lut' to `<abc-temp-dir>/input.blif'..
Extracted 385 gates and 393 wires to a netlist network with 8 inputs and 16 outputs.

16.1.1. Executing ABC.
Running ABC command: "<yosys-exe-dir>/yosys-abc" -s -f <abc-temp-dir>/abc.script 2>&1
ABC: ABC command line: "source <abc-temp-dir>/abc.script".
ABC: 
ABC: + read_blif <abc-temp-dir>/input.blif 
ABC: + read_lib -w /home/user/unix_os_from_scratch/silicon_compiler_from_scratch/lib/toy.lib 
ABC: Parsing finished successfully.  Parsing time =     0.00 sec
ABC: Warning: Templates are not defined.
ABC: Scl_LibertyReadGenlib() skipped sequential cell "DFF".
ABC: Library "toy" from "/home/user/unix_os_from_scratch/silicon_compiler_from_scratch/lib/toy.lib" has 13 cells (1 skipped: 1 seq; 0 tri-state; 0 no func; 0 dont_use).  Time =     0.00 sec
ABC: Memory =    0.05 MB. Time =     0.00 sec
ABC: + strash 
ABC: + &get -n 
ABC: + &fraig -x 
ABC: + &put 
ABC: + scorr 
ABC: Warning: The network is combinational (run "fraig" or "fraig_sweep").
ABC: + dc2 
ABC: + dretime 
ABC: + strash 
ABC: + &get -n 
ABC: + &dch -f 
ABC: + &nf 
ABC: + &put 
ABC: + write_blif <abc-temp-dir>/output.blif 

16.1.2. Re-integrating ABC results.
ABC RESULTS:             XNOR2 cells:        1
ABC RESULTS:              XOR2 cells:        2
ABC RESULTS:               INV cells:        9
ABC RESULTS:             NAND3 cells:       27
ABC RESULTS:              AND2 cells:       14
ABC RESULTS:             NAND2 cells:       75
ABC RESULTS:              MUX2 cells:       23
ABC RESULTS:              NOR2 cells:       61
ABC RESULTS:             AOI21 cells:       49
ABC RESULTS:               OR2 cells:       16
ABC RESULTS:             OAI21 cells:       58
ABC RESULTS:              NOR3 cells:       41
ABC RESULTS:        internal signals:      369
ABC RESULTS:           input signals:        8
ABC RESULTS:          output signals:       16
Removing temp directory.

17. Executing OPT_CLEAN pass (remove unused cells and wires).
Finding unused cells or wires in module \exp_lut..
Removed 0 unused cells and 393 unused wires.
<suppressed ~1 debug messages>

18. Printing statistics.

=== exp_lut ===

   Number of wires:                362
   Number of wire bits:            384
   Number of public wires:           2
   Number of public wire bits:      24
   Number of memories:               0
   Number of memory bits:            0
   Number of processes:              0
   Number of cells:                376
     AND2                           14
     AOI21                          49
     INV                             9
     MUX2                           23
     NAND2                          75
     NAND3                          27
     NOR2                           61
     NOR3                           41
     OAI21                          58
     OR2                            16
     XNOR2                           1
     XOR2                            2

   Chip area for module '\exp_lut': 522.210000

19. Executing Verilog backend.

19.1. Executing BMUXMAP pass.

19.2. Executing DEMUXMAP pass.
Dumping module `\exp_lut'.

20. Executing JSON backend.

Warnings: 2 unique messages, 2 total
End of script. Logfile hash: b6d9f1b013, CPU: user 0.32s system 0.02s, MEM: 16.11 MB peak
Yosys 0.33 (git sha1 2584903a060)
Time spent: 37% 2x abc (0 sec), 16% 14x read_verilog (0 sec), ...
