
 /----------------------------------------------------------------------------\
 |                                                                            |
 |  yosys -- Yosys Open SYnthesis Suite                                       |
 |                                                                            |
 |  Copyright (C) 2012 - 2020  Claire Xenia Wolf <claire@yosyshq.com>         |
 |                                                                            |
 |  Permission to use, copy, modify, and/or distribute this software for any  |
 |  purpose with or without fee is hereby granted, provided that the above    |
 |  copyright notice and this permission notice appear in all copies.         |
 |                                                                            |
 |  THE SOFTWARE IS PROVIDED "AS IS" AND THE AUTHOR DISCLAIMS ALL WARRANTIES  |
 |  WITH REGARD TO THIS SOFTWARE INCLUDING ALL IMPLIED WARRANTIES OF          |
 |  MERCHANTABILITY AND FITNESS. IN NO EVENT SHALL THE AUTHOR BE LIABLE FOR   |
 |  ANY SPECIAL, DIRECT, INDIRECT, OR CONSEQUENTIAL DAMAGES OR ANY DAMAGES    |
 |  WHATSOEVER RESULTING FROM LOSS OF USE, DATA OR PROFITS, WHETHER IN AN     |
 |  ACTION OF CONTRACT, NEGLIGENCE OR OTHER TORTIOUS ACTION, ARISING OUT OF   |
 |  OR IN CONNECTION WITH THE USE OR PERFORMANCE OF THIS SOFTWARE.            |
 |                                                                            |
 \----------------------------------------------------------------------------/

 Yosys 0.33 (git sha1 2584903a060)


-- Running command `read_verilog -sv -lib rtl/sram.v rtl/rowmem.v; read_verilog -sv rtl/dma.v rtl/systolic.v rtl/requant.v rtl/exp_lut.v rtl/divu.v rtl/ga2_vec.v rtl/ga2_sm.v rtl/ga2_mm.v rtl/ga2.v; hierarchy -top ga2_sm; synth -flatten -top ga2_sm; dfflegalize -cell $_DFF_P_ x; dfflibmap -liberty lib/toy.lib; abc -liberty lib/toy.lib; opt_clean -purge; tee -o out/ga2_sm_stat.txt stat -liberty lib/toy.lib; write_verilog -noattr out/ga2_sm_net.v; write_json out/ga2_sm_net.json' --

1. Executing Verilog-2005 frontend: rtl/sram.v
Parsing SystemVerilog input from `rtl/sram.v' to AST representation.
Generating RTLIL representation for module `\sram'.
Successfully finished Verilog frontend.

2. Executing Verilog-2005 frontend: rtl/rowmem.v
Parsing SystemVerilog input from `rtl/rowmem.v' to AST representation.
Generating RTLIL representation for module `\rowmem'.
Successfully finished Verilog frontend.

3. Executing Verilog-2005 frontend: rtl/dma.v
Parsing SystemVerilog input from `rtl/dma.v' to AST representation.
Generating RTLIL representation for module `\dma'.
Successfully finished Verilog frontend.

4. Executing Verilog-2005 frontend: rtl/systolic.v
Parsing SystemVerilog input from `rtl/systolic.v' to AST representation.
Generating RTLIL representation for module `\pe'.
Generating RTLIL representation for module `\systolic'.
Successfully finished Verilog frontend.

5. Executing Verilog-2005 frontend: rtl/requant.v
Parsing SystemVerilog input from `rtl/requant.v' to AST representation.
Generating RTLIL representation for module `\requant'.
Successfully finished Verilog frontend.

6. Executing Verilog-2005 frontend: rtl/exp_lut.v
Parsing SystemVerilog input from `rtl/exp_lut.v' to AST representation.
Generating RTLIL representation for module `\exp_lut'.
Successfully finished Verilog frontend.

7. Executing Verilog-2005 frontend: rtl/divu.v
Parsing SystemVerilog input from `rtl/divu.v' to AST representation.
Generating RTLIL representation for module `\divu'.
Successfully finished Verilog frontend.

8. Executing Verilog-2005 frontend: rtl/ga2_vec.v
Parsing SystemVerilog input from `rtl/ga2_vec.v' to AST representation.
Generating RTLIL representation for module `\ga2_st'.
Generating RTLIL representation for module `\ga2_rq'.
Generating RTLIL representation for module `\ga2_vadd'.
Generating RTLIL representation for module `\ga2_amax'.
Successfully finished Verilog frontend.

9. Executing Verilog-2005 frontend: rtl/ga2_sm.v
Parsing SystemVerilog input from `rtl/ga2_sm.v' to AST representation.
Generating RTLIL representation for module `\ga2_sm'.
Successfully finished Verilog frontend.

10. Executing Verilog-2005 frontend: rtl/ga2_mm.v
Parsing SystemVerilog input from `rtl/ga2_mm.v' to AST representation.
Generating RTLIL representation for module `\ga2_mm'.
Warning: Replacing memory \b_ra with list of registers. See rtl/ga2_mm.v:26
Warning: Replacing memory \a_ra with list of registers. See rtl/ga2_mm.v:26
Successfully finished Verilog frontend.

11. Executing Verilog-2005 frontend: rtl/ga2.v
Parsing SystemVerilog input from `rtl/ga2.v' to AST representation.
Generating RTLIL representation for module `\ga2'.
Successfully finished Verilog frontend.

12. Executing HIERARCHY pass (managing design hierarchy).

12.1. Analyzing design hierarchy..
Top module:  \ga2_sm
Used module:     \divu
Used module:     \exp_lut
Parameter \W = 40

12.2. Executing AST frontend in derive mode using pre-parsed AST for module `\divu'.
Parameter \W = 40
Generating RTLIL representation for module `$paramod\divu\W=s32'00000000000000000000000000101000'.

12.3. Analyzing design hierarchy..
Top module:  \ga2_sm
Used module:     $paramod\divu\W=s32'00000000000000000000000000101000
Used module:     \exp_lut

12.4. Analyzing design hierarchy..
Top module:  \ga2_sm
Used module:     $paramod\divu\W=s32'00000000000000000000000000101000
Used module:     \exp_lut
Removing unused module `\ga2'.
Removing unused module `\ga2_mm'.
Removing unused module `\ga2_amax'.
Removing unused module `\ga2_vadd'.
Removing unused module `\ga2_rq'.
Removing unused module `\ga2_st'.
Removing unused module `\divu'.
Removing unused module `\requant'.
Removing unused module `\systolic'.
Removing unused module `\pe'.
Removing unused module `\dma'.
Removed 11 unused modules.

13. Executing SYNTH pass.

13.1. Executing HIERARCHY pass (managing design hierarchy).

13.1.1. Analyzing design hierarchy..
Top module:  \ga2_sm
Used module:     $paramod\divu\W=s32'00000000000000000000000000101000
Used module:     \exp_lut

13.1.2. Analyzing design hierarchy..
Top module:  \ga2_sm
Used module:     $paramod\divu\W=s32'00000000000000000000000000101000
Used module:     \exp_lut
Removed 0 unused modules.

13.2. Executing PROC pass (convert processes to netlists).

13.2.1. Executing PROC_CLEAN pass (remove empty switches from decision trees).
Cleaned up 0 empty switches.

13.2.2. Executing PROC_RMDEAD pass (remove dead branches from decision trees).
Marked 2 switch rules as full_case in process $proc$rtl/divu.v:11$478 in module $paramod\divu\W=s32'00000000000000000000000000101000.
Removed 1 dead cases from process $proc$rtl/exp_lut.v:4$99 in module exp_lut.
Marked 1 switch rules as full_case in process $proc$rtl/exp_lut.v:4$99 in module exp_lut.
Marked 4 switch rules as full_case in process $proc$rtl/ga2_sm.v:16$182 in module ga2_sm.
Removed a total of 1 dead cases.

13.2.3. Executing PROC_PRUNE pass (remove redundant assignments in processes).
Removed 0 redundant assignments.
Promoted 1 assignment to connection.

13.2.4. Executing PROC_INIT pass (extract init attributes).

13.2.5. Executing PROC_ARST pass (detect async resets in processes).

13.2.6. Executing PROC_ROM pass (convert switches to ROMs).
Converted 1 switch.
<suppressed ~16 debug messages>

13.2.7. Executing PROC_MUX pass (convert decision trees to multiplexers).
Creating decoders for process `$paramod\divu\W=s32'00000000000000000000000000101000.$proc$rtl/divu.v:11$478'.
     1/9: $0\done[0:0]
     2/9: $0\cnt[7:0]
     3/9: $0\r[40:0]
     4/9: $0\d_r[39:0]
     5/9: $0\n_r[39:0]
     6/9: $0\rem[39:0]
     7/9: $0\quot[39:0]
     8/9: $0\q[39:0]
     9/9: $0\busy[0:0]
Creating decoders for process `\exp_lut.$proc$rtl/exp_lut.v:4$99'.
     1/1: $1\e[15:0]
Creating decoders for process `\ga2_sm.$proc$rtl/ga2_sm.v:16$182'.
     1/13: $0\d_start[0:0]
     2/13: $0\done[0:0]
     3/13: $0\st[2:0]
     4/13: $0\v[0:0]
     5/13: $0\j[11:0]
     6/13: $0\i[11:0]
     7/13: $0\r[39:0]
     8/13: $0\sum[31:0]
     9/13: $0\m[7:0]
    10/13: $0\busy[0:0]
    11/13: $0\len[11:0]
    12/13: $0\dst[11:0]
    13/13: $0\src[11:0]

13.2.8. Executing PROC_DLATCH pass (convert process syncs to latches).
No latch inferred for signal `\exp_lut.\e' from process `\exp_lut.$proc$rtl/exp_lut.v:4$99'.

13.2.9. Executing PROC_DFF pass (convert process syncs to FFs).
Creating register for signal `$paramod\divu\W=s32'00000000000000000000000000101000.\busy' using process `$paramod\divu\W=s32'00000000000000000000000000101000.$proc$rtl/divu.v:11$478'.
  created $dff cell `$procdff$758' with positive edge clock.
Creating register for signal `$paramod\divu\W=s32'00000000000000000000000000101000.\done' using process `$paramod\divu\W=s32'00000000000000000000000000101000.$proc$rtl/divu.v:11$478'.
  created $dff cell `$procdff$759' with positive edge clock.
Creating register for signal `$paramod\divu\W=s32'00000000000000000000000000101000.\q' using process `$paramod\divu\W=s32'00000000000000000000000000101000.$proc$rtl/divu.v:11$478'.
  created $dff cell `$procdff$760' with positive edge clock.
Creating register for signal `$paramod\divu\W=s32'00000000000000000000000000101000.\quot' using process `$paramod\divu\W=s32'00000000000000000000000000101000.$proc$rtl/divu.v:11$478'.
  created $dff cell `$procdff$761' with positive edge clock.
Creating register for signal `$paramod\divu\W=s32'00000000000000000000000000101000.\rem' using process `$paramod\divu\W=s32'00000000000000000000000000101000.$proc$rtl/divu.v:11$478'.
  created $dff cell `$procdff$762' with positive edge clock.
Creating register for signal `$paramod\divu\W=s32'00000000000000000000000000101000.\n_r' using process `$paramod\divu\W=s32'00000000000000000000000000101000.$proc$rtl/divu.v:11$478'.
  created $dff cell `$procdff$763' with positive edge clock.
Creating register for signal `$paramod\divu\W=s32'00000000000000000000000000101000.\d_r' using process `$paramod\divu\W=s32'00000000000000000000000000101000.$proc$rtl/divu.v:11$478'.
  created $dff cell `$procdff$764' with positive edge clock.
Creating register for signal `$paramod\divu\W=s32'00000000000000000000000000101000.\r' using process `$paramod\divu\W=s32'00000000000000000000000000101000.$proc$rtl/divu.v:11$478'.
  created $dff cell `$procdff$765' with positive edge clock.
Creating register for signal `$paramod\divu\W=s32'00000000000000000000000000101000.\cnt' using process `$paramod\divu\W=s32'00000000000000000000000000101000.$proc$rtl/divu.v:11$478'.
  created $dff cell `$procdff$766' with positive edge clock.
Creating register for signal `\ga2_sm.\src' using process `\ga2_sm.$proc$rtl/ga2_sm.v:16$182'.
  created $dff cell `$procdff$767' with positive edge clock.
Creating register for signal `\ga2_sm.\dst' using process `\ga2_sm.$proc$rtl/ga2_sm.v:16$182'.
  created $dff cell `$procdff$768' with positive edge clock.
Creating register for signal `\ga2_sm.\len' using process `\ga2_sm.$proc$rtl/ga2_sm.v:16$182'.
  created $dff cell `$procdff$769' with positive edge clock.
Creating register for signal `\ga2_sm.\busy' using process `\ga2_sm.$proc$rtl/ga2_sm.v:16$182'.
  created $dff cell `$procdff$770' with positive edge clock.
Creating register for signal `\ga2_sm.\done' using process `\ga2_sm.$proc$rtl/ga2_sm.v:16$182'.
  created $dff cell `$procdff$771' with positive edge clock.
Creating register for signal `\ga2_sm.\m' using process `\ga2_sm.$proc$rtl/ga2_sm.v:16$182'.
  created $dff cell `$procdff$772' with positive edge clock.
Creating register for signal `\ga2_sm.\sum' using process `\ga2_sm.$proc$rtl/ga2_sm.v:16$182'.
  created $dff cell `$procdff$773' with positive edge clock.
Creating register for signal `\ga2_sm.\r' using process `\ga2_sm.$proc$rtl/ga2_sm.v:16$182'.
  created $dff cell `$procdff$774' with positive edge clock.
Creating register for signal `\ga2_sm.\i' using process `\ga2_sm.$proc$rtl/ga2_sm.v:16$182'.
  created $dff cell `$procdff$775' with positive edge clock.
Creating register for signal `\ga2_sm.\j' using process `\ga2_sm.$proc$rtl/ga2_sm.v:16$182'.
  created $dff cell `$procdff$776' with positive edge clock.
Creating register for signal `\ga2_sm.\v' using process `\ga2_sm.$proc$rtl/ga2_sm.v:16$182'.
  created $dff cell `$procdff$777' with positive edge clock.
Creating register for signal `\ga2_sm.\st' using process `\ga2_sm.$proc$rtl/ga2_sm.v:16$182'.
  created $dff cell `$procdff$778' with positive edge clock.
Creating register for signal `\ga2_sm.\d_start' using process `\ga2_sm.$proc$rtl/ga2_sm.v:16$182'.
  created $dff cell `$procdff$779' with positive edge clock.

13.2.10. Executing PROC_MEMWR pass (convert process memory writes to cells).

13.2.11. Executing PROC_CLEAN pass (remove empty switches from decision trees).
Found and cleaned up 4 empty switches in `$paramod\divu\W=s32'00000000000000000000000000101000.$proc$rtl/divu.v:11$478'.
Removing empty process `$paramod\divu\W=s32'00000000000000000000000000101000.$proc$rtl/divu.v:11$478'.
Found and cleaned up 1 empty switch in `\exp_lut.$proc$rtl/exp_lut.v:4$99'.
Removing empty process `exp_lut.$proc$rtl/exp_lut.v:4$99'.
Found and cleaned up 12 empty switches in `\ga2_sm.$proc$rtl/ga2_sm.v:16$182'.
Removing empty process `ga2_sm.$proc$rtl/ga2_sm.v:16$182'.
Cleaned up 17 empty switches.

13.2.12. Executing OPT_EXPR pass (perform const folding).
Optimizing module $paramod\divu\W=s32'00000000000000000000000000101000.
<suppressed ~1 debug messages>
Optimizing module exp_lut.
Optimizing module ga2_sm.
<suppressed ~10 debug messages>

13.3. Executing FLATTEN pass (flatten design).
Deleting now unused module $paramod\divu\W=s32'00000000000000000000000000101000.
Deleting now unused module exp_lut.
<suppressed ~2 debug messages>

13.4. Executing OPT_EXPR pass (perform const folding).
Optimizing module ga2_sm.

13.5. Executing OPT_CLEAN pass (remove unused cells and wires).
Finding unused cells or wires in module \ga2_sm..
Removed 5 unused cells and 133 unused wires.
<suppressed ~8 debug messages>

13.6. Executing CHECK pass (checking for obvious problems).
Checking module ga2_sm...
Found and reported 0 problems.

13.7. Executing OPT pass (performing simple optimizations).

13.7.1. Executing OPT_EXPR pass (perform const folding).
Optimizing module ga2_sm.

13.7.2. Executing OPT_MERGE pass (detect identical cells).
Finding identical cells in module `\ga2_sm'.
<suppressed ~117 debug messages>
Removed a total of 39 cells.

13.7.3. Executing OPT_MUXTREE pass (detect dead branches in mux trees).
Running muxtree optimizer on module \ga2_sm..
  Creating internal representation of mux trees.
  Evaluating internal representation of mux trees.
      Replacing known input bits on port A of cell $flatten\div.$procmux$558: \div.busy -> 1'0
      Replacing known input bits on port A of cell $flatten\div.$procmux$556: \div.busy -> 1'1
      Replacing known input bits on port A of cell $procmux$732: \busy -> 1'0
      Replacing known input bits on port A of cell $procmux$730: \busy -> 1'1
      Replacing known input bits on port A of cell $procmux$728: \busy -> 1'1
      Replacing known input bits on port A of cell $procmux$726: \busy -> 1'1
      Replacing known input bits on port B of cell $procmux$724: \busy -> 1'1
      Replacing known input bits on port B of cell $procmux$721: \busy -> 1'1
  Analyzing evaluation results.
Removed 0 multiplexer ports.
<suppressed ~24 debug messages>

13.7.4. Executing OPT_REDUCE pass (consolidate $*mux and $reduce_* inputs).
  Optimizing cells in module \ga2_sm.
Performed a total of 0 changes.

13.7.5. Executing OPT_MERGE pass (detect identical cells).
Finding identical cells in module `\ga2_sm'.
Removed a total of 0 cells.

13.7.6. Executing OPT_DFF pass (perform DFF optimizations).

13.7.7. Executing OPT_CLEAN pass (remove unused cells and wires).
Finding unused cells or wires in module \ga2_sm..
Removed 0 unused cells and 23 unused wires.
<suppressed ~1 debug messages>

13.7.8. Executing OPT_EXPR pass (perform const folding).
Optimizing module ga2_sm.

13.7.9. Rerunning OPT passes. (Maybe there is more to do..)

13.7.10. Executing OPT_MUXTREE pass (detect dead branches in mux trees).
Running muxtree optimizer on module \ga2_sm..
  Creating internal representation of mux trees.
  Evaluating internal representation of mux trees.
  Analyzing evaluation results.
Removed 0 multiplexer ports.
<suppressed ~24 debug messages>

13.7.11. Executing OPT_REDUCE pass (consolidate $*mux and $reduce_* inputs).
  Optimizing cells in module \ga2_sm.
Performed a total of 0 changes.

13.7.12. Executing OPT_MERGE pass (detect identical cells).
Finding identical cells in module `\ga2_sm'.
Removed a total of 0 cells.

13.7.13. Executing OPT_DFF pass (perform DFF optimizations).

13.7.14. Executing OPT_CLEAN pass (remove unused cells and wires).
Finding unused cells or wires in module \ga2_sm..

13.7.15. Executing OPT_EXPR pass (perform const folding).
Optimizing module ga2_sm.

13.7.16. Finished OPT passes. (There is nothing left to do.)

13.8. Executing FSM pass (extract and optimize FSM).

13.8.1. Executing FSM_DETECT pass (finding FSMs in design).
Found FSM state register ga2_sm.st.

13.8.2. Executing FSM_EXTRACT pass (extracting FSM from design).
Extracting FSM `\st' from module `\ga2_sm'.
  found $dff cell for state register: $procdff$778
  root of input selection tree: $0\st[2:0]
  found ctrl input: \rst
  found ctrl input: $logic_and$rtl/ga2_sm.v:19$184_Y
  found ctrl input: \busy
  found ctrl input: $procmux$603_CMP
  found ctrl input: $procmux$569_CMP
  found ctrl input: $procmux$591_CTRL
  found ctrl input: \div.done
  found state code: 3'100
  found state code: 3'011
  found ctrl input: \v
  found ctrl input: \last
  found ctrl input: $eq$rtl/ga2_sm.v:25$188_Y
  found ctrl input: $eq$rtl/ga2_sm.v:14$173_Y
  found state code: 3'010
  found state code: 3'001
  found state code: 3'000
  found ctrl output: $procmux$603_CMP
  found ctrl output: $procmux$569_CMP
  found ctrl output: $eq$rtl/ga2_sm.v:13$169_Y
  found ctrl output: $eq$rtl/ga2_sm.v:14$173_Y
  found ctrl output: $eq$rtl/ga2_sm.v:25$188_Y
  ctrl inputs: { \div.done $logic_and$rtl/ga2_sm.v:19$184_Y \last \v $procmux$591_CTRL \busy \rst }
  ctrl outputs: { $eq$rtl/ga2_sm.v:25$188_Y $0\st[2:0] $eq$rtl/ga2_sm.v:14$173_Y $eq$rtl/ga2_sm.v:13$169_Y $procmux$569_CMP $procmux$603_CMP }
  transition:      3'000 7'-0---00 ->      3'000 8'10000000
  transition:      3'000 7'-0-0-10 ->      3'000 8'10000000
  transition:      3'000 7'-001-10 ->      3'000 8'10000000
  transition:      3'000 7'-011-10 ->      3'001 8'10010000
  transition:      3'000 7'-1----0 ->      3'000 8'10000000
  transition:      3'000 7'------1 ->      3'000 8'10000000
  transition:      3'100 7'-0---00 ->      3'100 8'01000100
  transition:      3'100 7'-0-0-10 ->      3'100 8'01000100
  transition:      3'100 7'-001-10 ->      3'100 8'01000100
  transition:      3'100 7'-011-10 ->      3'100 8'01000100
  transition:      3'100 7'-1----0 ->      3'000 8'00000100
  transition:      3'100 7'------1 ->      3'100 8'01000100
  transition:      3'010 7'-0---00 ->      3'010 8'00100010
  transition:      3'010 7'-0---10 ->      3'011 8'00110010
  transition:      3'010 7'-1----0 ->      3'000 8'00000010
  transition:      3'010 7'------1 ->      3'010 8'00100010
  transition:      3'001 7'-0---00 ->      3'001 8'00011000
  transition:      3'001 7'-0-0-10 ->      3'001 8'00011000
  transition:      3'001 7'-001-10 ->      3'001 8'00011000
  transition:      3'001 7'-011-10 ->      3'010 8'00101000
  transition:      3'001 7'-1----0 ->      3'000 8'00001000
  transition:      3'001 7'------1 ->      3'001 8'00011000
  transition:      3'011 7'-0---00 ->      3'011 8'00110001
  transition:      3'011 7'00---10 ->      3'011 8'00110001
  transition:      3'011 7'10---10 ->      3'100 8'01000001
  transition:      3'011 7'-1----0 ->      3'000 8'00000001
  transition:      3'011 7'------1 ->      3'011 8'00110001

13.8.3. Executing FSM_OPT pass (simple optimizations of FSMs).
Optimizing FSM `$fsm$\st$780' from module `\ga2_sm'.
  Merging pattern 7'-001-10 and 7'-011-10 from group (1 1 8'01000100).
  Merging pattern 7'-011-10 and 7'-001-10 from group (1 1 8'01000100).
  Merging pattern 7'-0-0-10 and 7'-0-1-10 from group (1 1 8'01000100).
  Merging pattern 7'-0-1-10 and 7'-0-0-10 from group (1 1 8'01000100).
  Merging pattern 7'-0---00 and 7'-0---10 from group (1 1 8'01000100).
  Merging pattern 7'-0---10 and 7'-0---00 from group (1 1 8'01000100).
  Removing unused input signal $procmux$591_CTRL.

13.8.4. Executing OPT_CLEAN pass (remove unused cells and wires).
Finding unused cells or wires in module \ga2_sm..
Removed 15 unused cells and 15 unused wires.
<suppressed ~16 debug messages>

13.8.5. Executing FSM_OPT pass (simple optimizations of FSMs).
Optimizing FSM `$fsm$\st$780' from module `\ga2_sm'.
  Removing unused output signal $0\st[2:0] [0].
  Removing unused output signal $0\st[2:0] [1].
  Removing unused output signal $0\st[2:0] [2].

13.8.6. Executing FSM_RECODE pass (re-assigning FSM state encoding).
Recoding FSM `$fsm$\st$780' from module `\ga2_sm' using `auto' encoding:
  mapping auto encoding to `one-hot` for this FSM.
  000 -> ----1
  100 -> ---1-
  010 -> --1--
  001 -> -1---
  011 -> 1----

13.8.7. Executing FSM_INFO pass (dumping all available information on FSM cells).

FSM `$fsm$\st$780' from module `ga2_sm':
-------------------------------------

  Information on FSM $fsm$\st$780 (\st):

  Number of input signals:    6
  Number of output signals:   5
  Number of state bits:       5

  Input signals:
    0: \rst
    1: \busy
    2: \v
    3: \last
    4: $logic_and$rtl/ga2_sm.v:19$184_Y
    5: \div.done

  Output signals:
    0: $procmux$603_CMP
    1: $procmux$569_CMP
    2: $eq$rtl/ga2_sm.v:13$169_Y
    3: $eq$rtl/ga2_sm.v:14$173_Y
    4: $eq$rtl/ga2_sm.v:25$188_Y

  State encoding:
    0:    5'----1
    1:    5'---1-
    2:    5'--1--
    3:    5'-1---
    4:    5'1----

  Transition Table (state_in, ctrl_in, state_out, ctrl_out):
      0:     0 6'-0--00   ->     0 5'10000
      1:     0 6'-0-010   ->     0 5'10000
      2:     0 6'-00110   ->     0 5'10000
      3:     0 6'-1---0   ->     0 5'10000
      4:     0 6'-----1   ->     0 5'10000
      5:     0 6'-01110   ->     3 5'10000
      6:     1 6'-1---0   ->     0 5'00100
      7:     1 6'-0---0   ->     1 5'00100
      8:     1 6'-----1   ->     1 5'00100
      9:     2 6'-1---0   ->     0 5'00010
     10:     2 6'-0--00   ->     2 5'00010
     11:     2 6'-----1   ->     2 5'00010
     12:     2 6'-0--10   ->     4 5'00010
     13:     3 6'-1---0   ->     0 5'01000
     14:     3 6'-01110   ->     2 5'01000
     15:     3 6'-0--00   ->     3 5'01000
     16:     3 6'-0-010   ->     3 5'01000
     17:     3 6'-00110   ->     3 5'01000
     18:     3 6'-----1   ->     3 5'01000
     19:     4 6'-1---0   ->     0 5'00001
     20:     4 6'10--10   ->     1 5'00001
     21:     4 6'-0--00   ->     4 5'00001
     22:     4 6'00--10   ->     4 5'00001
     23:     4 6'-----1   ->     4 5'00001

-------------------------------------

13.8.8. Executing FSM_MAP pass (mapping FSMs to basic logic).
Mapping FSM `$fsm$\st$780' from module `\ga2_sm'.

13.9. Executing OPT pass (performing simple optimizations).

13.9.1. Executing OPT_EXPR pass (perform const folding).
Optimizing module ga2_sm.
<suppressed ~10 debug messages>

13.9.2. Executing OPT_MERGE pass (detect identical cells).
Finding identical cells in module `\ga2_sm'.
<suppressed ~18 debug messages>
Removed a total of 6 cells.

13.9.3. Executing OPT_MUXTREE pass (detect dead branches in mux trees).
Running muxtree optimizer on module \ga2_sm..
  Creating internal representation of mux trees.
  Evaluating internal representation of mux trees.
  Analyzing evaluation results.
Removed 0 multiplexer ports.
<suppressed ~23 debug messages>

13.9.4. Executing OPT_REDUCE pass (consolidate $*mux and $reduce_* inputs).
  Optimizing cells in module \ga2_sm.
Performed a total of 0 changes.

13.9.5. Executing OPT_MERGE pass (detect identical cells).
Finding identical cells in module `\ga2_sm'.
Removed a total of 0 cells.

13.9.6. Executing OPT_DFF pass (perform DFF optimizations).
Adding SRST signal on $procdff$779 ($dff) from module ga2_sm (D = $procmux$568_Y, Q = \d_start, rval = 1'0).
Adding SRST signal on $procdff$777 ($dff) from module ga2_sm (D = $procmux$632_Y, Q = \v, rval = 1'0).
Adding EN signal on $auto$ff.cc:266:slice$879 ($sdff) from module ga2_sm (D = $procmux$628_Y, Q = \v).
Adding EN signal on $procdff$776 ($dff) from module ga2_sm (D = $procmux$651_Y, Q = \j).
Adding SRST signal on $auto$ff.cc:266:slice$885 ($dffe) from module ga2_sm (D = $procmux$648_Y, Q = \j, rval = 12'000000000000).
Adding EN signal on $procdff$775 ($dff) from module ga2_sm (D = $procmux$669_Y, Q = \i).
Adding SRST signal on $auto$ff.cc:266:slice$897 ($dffe) from module ga2_sm (D = $procmux$666_Y, Q = \i, rval = 12'000000000000).
Adding EN signal on $procdff$774 ($dff) from module ga2_sm (D = \div.quot, Q = \r).
Adding EN signal on $procdff$773 ($dff) from module ga2_sm (D = $procmux$697_Y, Q = \sum).
Adding SRST signal on $auto$ff.cc:266:slice$914 ($dffe) from module ga2_sm (D = $procmux$694_Y, Q = \sum, rval = 0).
Adding EN signal on $procdff$772 ($dff) from module ga2_sm (D = $procmux$713_Y, Q = \m).
Adding SRST signal on $auto$ff.cc:266:slice$928 ($dffe) from module ga2_sm (D = $procmux$710_Y, Q = \m, rval = 8'10000000).
Adding SRST signal on $procdff$771 ($dff) from module ga2_sm (D = $procmux$581_Y, Q = \done, rval = 1'0).
Adding SRST signal on $procdff$770 ($dff) from module ga2_sm (D = $procmux$735_Y, Q = \busy, rval = 1'0).
Adding EN signal on $procdff$769 ($dff) from module ga2_sm (D = \ins [87:76], Q = \len).
Adding EN signal on $procdff$768 ($dff) from module ga2_sm (D = \ins [119:108], Q = \dst).
Adding EN signal on $procdff$767 ($dff) from module ga2_sm (D = \ins [103:92], Q = \src).
Adding EN signal on $flatten\div.$procdff$766 ($dff) from module ga2_sm (D = $flatten\div.$procmux$501_Y, Q = \div.cnt).
Adding SRST signal on $auto$ff.cc:266:slice$969 ($dffe) from module ga2_sm (D = $flatten\div.$procmux$498_Y, Q = \div.cnt, rval = 8'00101000).
Adding EN signal on $flatten\div.$procdff$765 ($dff) from module ga2_sm (D = $flatten\div.$procmux$509_Y, Q = \div.r).
Adding SRST signal on $auto$ff.cc:266:slice$977 ($dffe) from module ga2_sm (D = $flatten\div.$procmux$506_Y, Q = \div.r, rval = 41'00000000000000000000000000000000000000000).
Adding EN signal on $flatten\div.$procdff$764 ($dff) from module ga2_sm (D = { 8'00000000 \sum }, Q = \div.d_r).
Adding EN signal on $flatten\div.$procdff$763 ($dff) from module ga2_sm (D = $flatten\div.$procmux$523_Y, Q = \div.n_r).
Adding SRST signal on $auto$ff.cc:266:slice$990 ($dffe) from module ga2_sm (D = 1'x, Q = \div.n_r [0], rval = 1'0).
Adding SRST signal on $auto$ff.cc:266:slice$990 ($dffe) from module ga2_sm (D = $flatten\div.$procmux$520_Y [39:1], Q = \div.n_r [39:1], rval = 39'010000000000000000000000000000000000000).
Adding EN signal on $flatten\div.$procdff$761 ($dff) from module ga2_sm (D = { \div.q [38:0] \div.fits }, Q = \div.quot).
Adding EN signal on $flatten\div.$procdff$760 ($dff) from module ga2_sm (D = $flatten\div.$procmux$551_Y, Q = \div.q).
Adding SRST signal on $auto$ff.cc:266:slice$1008 ($dffe) from module ga2_sm (D = $flatten\div.$procmux$548_Y, Q = \div.q, rval = 40'0000000000000000000000000000000000000000).
Adding SRST signal on $flatten\div.$procdff$759 ($dff) from module ga2_sm (D = $flatten\div.$procmux$488_Y, Q = \div.done, rval = 1'0).
Adding SRST signal on $flatten\div.$procdff$758 ($dff) from module ga2_sm (D = $flatten\div.$procmux$561_Y, Q = \div.busy, rval = 1'0).
Setting constant 0-bit at position 0 on $auto$ff.cc:266:slice$997 ($sdffce) from module ga2_sm.
Setting constant 0-bit at position 32 on $auto$ff.cc:266:slice$985 ($dffe) from module ga2_sm.
Setting constant 0-bit at position 33 on $auto$ff.cc:266:slice$985 ($dffe) from module ga2_sm.
Setting constant 0-bit at position 34 on $auto$ff.cc:266:slice$985 ($dffe) from module ga2_sm.
Setting constant 0-bit at position 35 on $auto$ff.cc:266:slice$985 ($dffe) from module ga2_sm.
Setting constant 0-bit at position 36 on $auto$ff.cc:266:slice$985 ($dffe) from module ga2_sm.
Setting constant 0-bit at position 37 on $auto$ff.cc:266:slice$985 ($dffe) from module ga2_sm.
Setting constant 0-bit at position 38 on $auto$ff.cc:266:slice$985 ($dffe) from module ga2_sm.
Setting constant 0-bit at position 39 on $auto$ff.cc:266:slice$985 ($dffe) from module ga2_sm.

13.9.7. Executing OPT_CLEAN pass (remove unused cells and wires).
Finding unused cells or wires in module \ga2_sm..
Removed 53 unused cells and 72 unused wires.
<suppressed ~54 debug messages>

13.9.8. Executing OPT_EXPR pass (perform const folding).
Optimizing module ga2_sm.
<suppressed ~8 debug messages>

13.9.9. Rerunning OPT passes. (Maybe there is more to do..)

13.9.10. Executing OPT_MUXTREE pass (detect dead branches in mux trees).
Running muxtree optimizer on module \ga2_sm..
  Creating internal representation of mux trees.
  Evaluating internal representation of mux trees.
  Analyzing evaluation results.
Removed 0 multiplexer ports.
<suppressed ~17 debug messages>

13.9.11. Executing OPT_REDUCE pass (consolidate $*mux and $reduce_* inputs).
  Optimizing cells in module \ga2_sm.
Performed a total of 0 changes.

13.9.12. Executing OPT_MERGE pass (detect identical cells).
Finding identical cells in module `\ga2_sm'.
<suppressed ~90 debug messages>
Removed a total of 30 cells.

13.9.13. Executing OPT_DFF pass (perform DFF optimizations).
Adding SRST signal on $auto$ff.cc:266:slice$1000 ($sdffce) from module ga2_sm (D = 1'x, Q = \div.n_r [1], rval = 1'0).
Setting constant 0-bit at position 0 on $auto$ff.cc:266:slice$1023 ($sdffce) from module ga2_sm.

13.9.14. Executing OPT_CLEAN pass (remove unused cells and wires).
Finding unused cells or wires in module \ga2_sm..
Removed 1 unused cells and 31 unused wires.
<suppressed ~2 debug messages>

13.9.15. Executing OPT_EXPR pass (perform const folding).
Optimizing module ga2_sm.

13.9.16. Rerunning OPT passes. (Maybe there is more to do..)

13.9.17. Executing OPT_MUXTREE pass (detect dead branches in mux trees).
Running muxtree optimizer on module \ga2_sm..
  Creating internal representation of mux trees.
  Evaluating internal representation of mux trees.
  Analyzing evaluation results.
Removed 0 multiplexer ports.
<suppressed ~17 debug messages>

13.9.18. Executing OPT_REDUCE pass (consolidate $*mux and $reduce_* inputs).
  Optimizing cells in module \ga2_sm.
Performed a total of 0 changes.

13.9.19. Executing OPT_MERGE pass (detect identical cells).
Finding identical cells in module `\ga2_sm'.
Removed a total of 0 cells.

13.9.20. Executing OPT_DFF pass (perform DFF optimizations).
Adding SRST signal on $auto$ff.cc:266:slice$1026 ($sdffce) from module ga2_sm (D = 1'x, Q = \div.n_r [2], rval = 1'0).
Setting constant 0-bit at position 0 on $auto$ff.cc:266:slice$1027 ($sdffce) from module ga2_sm.

13.9.21. Executing OPT_CLEAN pass (remove unused cells and wires).
Finding unused cells or wires in module \ga2_sm..
Removed 1 unused cells and 1 unused wires.
<suppressed ~2 debug messages>

13.9.22. Executing OPT_EXPR pass (perform const folding).
Optimizing module ga2_sm.

13.9.23. Rerunning OPT passes. (Maybe there is more to do..)

13.9.24. Executing OPT_MUXTREE pass (detect dead branches in mux trees).
Running muxtree optimizer on module \ga2_sm..
  Creating internal representation of mux trees.
  Evaluating internal representation of mux trees.
  Analyzing evaluation results.
Removed 0 multiplexer ports.
<suppressed ~17 debug messages>

13.9.25. Executing OPT_REDUCE pass (consolidate $*mux and $reduce_* inputs).
  Optimizing cells in module \ga2_sm.
Performed a total of 0 changes.

13.9.26. Executing OPT_MERGE pass (detect identical cells).
Finding identical cells in module `\ga2_sm'.
Removed a total of 0 cells.

13.9.27. Executing OPT_DFF pass (perform DFF optimizations).
Adding SRST signal on $auto$ff.cc:266:slice$1030 ($sdffce) from module ga2_sm (D = 1'x, Q = \div.n_r [3], rval = 1'0).
Setting constant 0-bit at position 0 on $auto$ff.cc:266:slice$1031 ($sdffce) from module ga2_sm.

13.9.28. Executing OPT_CLEAN pass (remove unused cells and wires).
Finding unused cells or wires in module \ga2_sm..
Removed 1 unused cells and 1 unused wires.
<suppressed ~2 debug messages>

13.9.29. Executing OPT_EXPR pass (perform const folding).
Optimizing module ga2_sm.

13.9.30. Rerunning OPT passes. (Maybe there is more to do..)

13.9.31. Executing OPT_MUXTREE pass (detect dead branches in mux trees).
Running muxtree optimizer on module \ga2_sm..
  Creating internal representation of mux trees.
  Evaluating internal representation of mux trees.
  Analyzing evaluation results.
Removed 0 multiplexer ports.
<suppressed ~17 debug messages>

13.9.32. Executing OPT_REDUCE pass (consolidate $*mux and $reduce_* inputs).
  Optimizing cells in module \ga2_sm.
Performed a total of 0 changes.

13.9.33. Executing OPT_MERGE pass (detect identical cells).
Finding identical cells in module `\ga2_sm'.
Removed a total of 0 cells.

13.9.34. Executing OPT_DFF pass (perform DFF optimizations).
Adding SRST signal on $auto$ff.cc:266:slice$1034 ($sdffce) from module ga2_sm (D = 1'x, Q = \div.n_r [4], rval = 1'0).
Setting constant 0-bit at position 0 on $auto$ff.cc:266:slice$1035 ($sdffce) from module ga2_sm.

13.9.35. Executing OPT_CLEAN pass (remove unused cells and wires).
Finding unused cells or wires in module \ga2_sm..
Removed 1 unused cells and 1 unused wires.
<suppressed ~2 debug messages>

13.9.36. Executing OPT_EXPR pass (perform const folding).
Optimizing module ga2_sm.

13.9.37. Rerunning OPT passes. (Maybe there is more to do..)

13.9.38. Executing OPT_MUXTREE pass (detect dead branches in mux trees).
Running muxtree optimizer on module \ga2_sm..
  Creating internal representation of mux trees.
  Evaluating internal representation of mux trees.
  Analyzing evaluation results.
Removed 0 multiplexer ports.
<suppressed ~17 debug messages>

13.9.39. Executing OPT_REDUCE pass (consolidate $*mux and $reduce_* inputs).
  Optimizing cells in module \ga2_sm.
Performed a total of 0 changes.

13.9.40. Executing OPT_MERGE pass (detect identical cells).
Finding identical cells in module `\ga2_sm'.
Removed a total of 0 cells.

13.9.41. Executing OPT_DFF pass (perform DFF optimizations).
Adding SRST signal on $auto$ff.cc:266:slice$1038 ($sdffce) from module ga2_sm (D = 1'x, Q = \div.n_r [5], rval = 1'0).
Setting constant 0-bit at position 0 on $auto$ff.cc:266:slice$1039 ($sdffce) from module ga2_sm.

13.9.42. Executing OPT_CLEAN pass (remove unused cells and wires).
Finding unused cells or wires in module \ga2_sm..
Removed 1 unused cells and 1 unused wires.
<suppressed ~2 debug messages>

13.9.43. Executing OPT_EXPR pass (perform const folding).
Optimizing module ga2_sm.

13.9.44. Rerunning OPT passes. (Maybe there is more to do..)

13.9.45. Executing OPT_MUXTREE pass (detect dead branches in mux trees).
Running muxtree optimizer on module \ga2_sm..
  Creating internal representation of mux trees.
  Evaluating internal representation of mux trees.
  Analyzing evaluation results.
Removed 0 multiplexer ports.
<suppressed ~17 debug messages>

13.9.46. Executing OPT_REDUCE pass (consolidate $*mux and $reduce_* inputs).
  Optimizing cells in module \ga2_sm.
Performed a total of 0 changes.

13.9.47. Executing OPT_MERGE pass (detect identical cells).
Finding identical cells in module `\ga2_sm'.
Removed a total of 0 cells.

13.9.48. Executing OPT_DFF pass (perform DFF optimizations).
Adding SRST signal on $auto$ff.cc:266:slice$1042 ($sdffce) from module ga2_sm (D = 1'x, Q = \div.n_r [6], rval = 1'0).
Setting constant 0-bit at position 0 on $auto$ff.cc:266:slice$1043 ($sdffce) from module ga2_sm.

13.9.49. Executing OPT_CLEAN pass (remove unused cells and wires).
Finding unused cells or wires in module \ga2_sm..
Removed 1 unused cells and 1 unused wires.
<suppressed ~2 debug messages>

13.9.50. Executing OPT_EXPR pass (perform const folding).
Optimizing module ga2_sm.

13.9.51. Rerunning OPT passes. (Maybe there is more to do..)

13.9.52. Executing OPT_MUXTREE pass (detect dead branches in mux trees).
Running muxtree optimizer on module \ga2_sm..
  Creating internal representation of mux trees.
  Evaluating internal representation of mux trees.
  Analyzing evaluation results.
Removed 0 multiplexer ports.
<suppressed ~17 debug messages>

13.9.53. Executing OPT_REDUCE pass (consolidate $*mux and $reduce_* inputs).
  Optimizing cells in module \ga2_sm.
Performed a total of 0 changes.

13.9.54. Executing OPT_MERGE pass (detect identical cells).
Finding identical cells in module `\ga2_sm'.
Removed a total of 0 cells.

13.9.55. Executing OPT_DFF pass (perform DFF optimizations).
Adding SRST signal on $auto$ff.cc:266:slice$1046 ($sdffce) from module ga2_sm (D = 1'x, Q = \div.n_r [7], rval = 1'0).
Setting constant 0-bit at position 0 on $auto$ff.cc:266:slice$1047 ($sdffce) from module ga2_sm.

13.9.56. Executing OPT_CLEAN pass (remove unused cells and wires).
Finding unused cells or wires in module \ga2_sm..
Removed 1 unused cells and 1 unused wires.
<suppressed ~2 debug messages>

13.9.57. Executing OPT_EXPR pass (perform const folding).
Optimizing module ga2_sm.

13.9.58. Rerunning OPT passes. (Maybe there is more to do..)

13.9.59. Executing OPT_MUXTREE pass (detect dead branches in mux trees).
Running muxtree optimizer on module \ga2_sm..
  Creating internal representation of mux trees.
  Evaluating internal representation of mux trees.
  Analyzing evaluation results.
Removed 0 multiplexer ports.
<suppressed ~17 debug messages>

13.9.60. Executing OPT_REDUCE pass (consolidate $*mux and $reduce_* inputs).
  Optimizing cells in module \ga2_sm.
Performed a total of 0 changes.

13.9.61. Executing OPT_MERGE pass (detect identical cells).
Finding identical cells in module `\ga2_sm'.
Removed a total of 0 cells.

13.9.62. Executing OPT_DFF pass (perform DFF optimizations).
Adding SRST signal on $auto$ff.cc:266:slice$1050 ($sdffce) from module ga2_sm (D = 1'x, Q = \div.n_r [8], rval = 1'0).
Setting constant 0-bit at position 0 on $auto$ff.cc:266:slice$1051 ($sdffce) from module ga2_sm.

13.9.63. Executing OPT_CLEAN pass (remove unused cells and wires).
Finding unused cells or wires in module \ga2_sm..
Removed 1 unused cells and 1 unused wires.
<suppressed ~2 debug messages>

13.9.64. Executing OPT_EXPR pass (perform const folding).
Optimizing module ga2_sm.

13.9.65. Rerunning OPT passes. (Maybe there is more to do..)

13.9.66. Executing OPT_MUXTREE pass (detect dead branches in mux trees).
Running muxtree optimizer on module \ga2_sm..
  Creating internal representation of mux trees.
  Evaluating internal representation of mux trees.
  Analyzing evaluation results.
Removed 0 multiplexer ports.
<suppressed ~17 debug messages>

13.9.67. Executing OPT_REDUCE pass (consolidate $*mux and $reduce_* inputs).
  Optimizing cells in module \ga2_sm.
Performed a total of 0 changes.

13.9.68. Executing OPT_MERGE pass (detect identical cells).
Finding identical cells in module `\ga2_sm'.
Removed a total of 0 cells.

13.9.69. Executing OPT_DFF pass (perform DFF optimizations).
Adding SRST signal on $auto$ff.cc:266:slice$1054 ($sdffce) from module ga2_sm (D = 1'x, Q = \div.n_r [9], rval = 1'0).
Setting constant 0-bit at position 0 on $auto$ff.cc:266:slice$1055 ($sdffce) from module ga2_sm.

13.9.70. Executing OPT_CLEAN pass (remove unused cells and wires).
Finding unused cells or wires in module \ga2_sm..
Removed 1 unused cells and 1 unused wires.
<suppressed ~2 debug messages>

13.9.71. Executing OPT_EXPR pass (perform const folding).
Optimizing module ga2_sm.

13.9.72. Rerunning OPT passes. (Maybe there is more to do..)

13.9.73. Executing OPT_MUXTREE pass (detect dead branches in mux trees).
Running muxtree optimizer on module \ga2_sm..
  Creating internal representation of mux trees.
  Evaluating internal representation of mux trees.
  Analyzing evaluation results.
Removed 0 multiplexer ports.
<suppressed ~17 debug messages>

13.9.74. Executing OPT_REDUCE pass (consolidate $*mux and $reduce_* inputs).
  Optimizing cells in module \ga2_sm.
Performed a total of 0 changes.

13.9.75. Executing OPT_MERGE pass (detect identical cells).
Finding identical cells in module `\ga2_sm'.
Removed a total of 0 cells.

13.9.76. Executing OPT_DFF pass (perform DFF optimizations).
Adding SRST signal on $auto$ff.cc:266:slice$1058 ($sdffce) from module ga2_sm (D = 1'x, Q = \div.n_r [10], rval = 1'0).
Setting constant 0-bit at position 0 on $auto$ff.cc:266:slice$1059 ($sdffce) from module ga2_sm.

13.9.77. Executing OPT_CLEAN pass (remove unused cells and wires).
Finding unused cells or wires in module \ga2_sm..
Removed 1 unused cells and 1 unused wires.
<suppressed ~2 debug messages>

13.9.78. Executing OPT_EXPR pass (perform const folding).
Optimizing module ga2_sm.

13.9.79. Rerunning OPT passes. (Maybe there is more to do..)

13.9.80. Executing OPT_MUXTREE pass (detect dead branches in mux trees).
Running muxtree optimizer on module \ga2_sm..
  Creating internal representation of mux trees.
  Evaluating internal representation of mux trees.
  Analyzing evaluation results.
Removed 0 multiplexer ports.
<suppressed ~17 debug messages>

13.9.81. Executing OPT_REDUCE pass (consolidate $*mux and $reduce_* inputs).
  Optimizing cells in module \ga2_sm.
Performed a total of 0 changes.

13.9.82. Executing OPT_MERGE pass (detect identical cells).
Finding identical cells in module `\ga2_sm'.
Removed a total of 0 cells.

13.9.83. Executing OPT_DFF pass (perform DFF optimizations).
Adding SRST signal on $auto$ff.cc:266:slice$1062 ($sdffce) from module ga2_sm (D = 1'x, Q = \div.n_r [11], rval = 1'0).
Setting constant 0-bit at position 0 on $auto$ff.cc:266:slice$1063 ($sdffce) from module ga2_sm.

13.9.84. Executing OPT_CLEAN pass (remove unused cells and wires).
Finding unused cells or wires in module \ga2_sm..
Removed 1 unused cells and 1 unused wires.
<suppressed ~2 debug messages>

13.9.85. Executing OPT_EXPR pass (perform const folding).
Optimizing module ga2_sm.

13.9.86. Rerunning OPT passes. (Maybe there is more to do..)

13.9.87. Executing OPT_MUXTREE pass (detect dead branches in mux trees).
Running muxtree optimizer on module \ga2_sm..
  Creating internal representation of mux trees.
  Evaluating internal representation of mux trees.
  Analyzing evaluation results.
Removed 0 multiplexer ports.
<suppressed ~17 debug messages>

13.9.88. Executing OPT_REDUCE pass (consolidate $*mux and $reduce_* inputs).
  Optimizing cells in module \ga2_sm.
Performed a total of 0 changes.

13.9.89. Executing OPT_MERGE pass (detect identical cells).
Finding identical cells in module `\ga2_sm'.
Removed a total of 0 cells.

13.9.90. Executing OPT_DFF pass (perform DFF optimizations).
Adding SRST signal on $auto$ff.cc:266:slice$1066 ($sdffce) from module ga2_sm (D = 1'x, Q = \div.n_r [12], rval = 1'0).
Setting constant 0-bit at position 0 on $auto$ff.cc:266:slice$1067 ($sdffce) from module ga2_sm.

13.9.91. Executing OPT_CLEAN pass (remove unused cells and wires).
Finding unused cells or wires in module \ga2_sm..
Removed 1 unused cells and 1 unused wires.
<suppressed ~2 debug messages>

13.9.92. Executing OPT_EXPR pass (perform const folding).
Optimizing module ga2_sm.

13.9.93. Rerunning OPT passes. (Maybe there is more to do..)

13.9.94. Executing OPT_MUXTREE pass (detect dead branches in mux trees).
Running muxtree optimizer on module \ga2_sm..
  Creating internal representation of mux trees.
  Evaluating internal representation of mux trees.
  Analyzing evaluation results.
Removed 0 multiplexer ports.
<suppressed ~17 debug messages>

13.9.95. Executing OPT_REDUCE pass (consolidate $*mux and $reduce_* inputs).
  Optimizing cells in module \ga2_sm.
Performed a total of 0 changes.

13.9.96. Executing OPT_MERGE pass (detect identical cells).
Finding identical cells in module `\ga2_sm'.
Removed a total of 0 cells.

13.9.97. Executing OPT_DFF pass (perform DFF optimizations).
Adding SRST signal on $auto$ff.cc:266:slice$1070 ($sdffce) from module ga2_sm (D = 1'x, Q = \div.n_r [13], rval = 1'0).
Setting constant 0-bit at position 0 on $auto$ff.cc:266:slice$1071 ($sdffce) from module ga2_sm.

13.9.98. Executing OPT_CLEAN pass (remove unused cells and wires).
Finding unused cells or wires in module \ga2_sm..
Removed 1 unused cells and 1 unused wires.
<suppressed ~2 debug messages>

13.9.99. Executing OPT_EXPR pass (perform const folding).
Optimizing module ga2_sm.

13.9.100. Rerunning OPT passes. (Maybe there is more to do..)

13.9.101. Executing OPT_MUXTREE pass (detect dead branches in mux trees).
Running muxtree optimizer on module \ga2_sm..
  Creating internal representation of mux trees.
  Evaluating internal representation of mux trees.
  Analyzing evaluation results.
Removed 0 multiplexer ports.
<suppressed ~17 debug messages>

13.9.102. Executing OPT_REDUCE pass (consolidate $*mux and $reduce_* inputs).
  Optimizing cells in module \ga2_sm.
Performed a total of 0 changes.

13.9.103. Executing OPT_MERGE pass (detect identical cells).
Finding identical cells in module `\ga2_sm'.
Removed a total of 0 cells.

13.9.104. Executing OPT_DFF pass (perform DFF optimizations).
Adding SRST signal on $auto$ff.cc:266:slice$1074 ($sdffce) from module ga2_sm (D = 1'x, Q = \div.n_r [14], rval = 1'0).
Setting constant 0-bit at position 0 on $auto$ff.cc:266:slice$1075 ($sdffce) from module ga2_sm.

13.9.105. Executing OPT_CLEAN pass (remove unused cells and wires).
Finding unused cells or wires in module \ga2_sm..
Removed 1 unused cells and 1 unused wires.
<suppressed ~2 debug messages>

13.9.106. Executing OPT_EXPR pass (perform const folding).
Optimizing module ga2_sm.

13.9.107. Rerunning OPT passes. (Maybe there is more to do..)

13.9.108. Executing OPT_MUXTREE pass (detect dead branches in mux trees).
Running muxtree optimizer on module \ga2_sm..
  Creating internal representation of mux trees.
  Evaluating internal representation of mux trees.
  Analyzing evaluation results.
Removed 0 multiplexer ports.
<suppressed ~17 debug messages>

13.9.109. Executing OPT_REDUCE pass (consolidate $*mux and $reduce_* inputs).
  Optimizing cells in module \ga2_sm.
Performed a total of 0 changes.

13.9.110. Executing OPT_MERGE pass (detect identical cells).
Finding identical cells in module `\ga2_sm'.
Removed a total of 0 cells.

13.9.111. Executing OPT_DFF pass (perform DFF optimizations).
Adding SRST signal on $auto$ff.cc:266:slice$1078 ($sdffce) from module ga2_sm (D = 1'x, Q = \div.n_r [15], rval = 1'0).
Setting constant 0-bit at position 0 on $auto$ff.cc:266:slice$1079 ($sdffce) from module ga2_sm.

13.9.112. Executing OPT_CLEAN pass (remove unused cells and wires).
Finding unused cells or wires in module \ga2_sm..
Removed 1 unused cells and 1 unused wires.
<suppressed ~2 debug messages>

13.9.113. Executing OPT_EXPR pass (perform const folding).
Optimizing module ga2_sm.

13.9.114. Rerunning OPT passes. (Maybe there is more to do..)

13.9.115. Executing OPT_MUXTREE pass (detect dead branches in mux trees).
Running muxtree optimizer on module \ga2_sm..
  Creating internal representation of mux trees.
  Evaluating internal representation of mux trees.
  Analyzing evaluation results.
Removed 0 multiplexer ports.
<suppressed ~17 debug messages>

13.9.116. Executing OPT_REDUCE pass (consolidate $*mux and $reduce_* inputs).
  Optimizing cells in module \ga2_sm.
Performed a total of 0 changes.

13.9.117. Executing OPT_MERGE pass (detect identical cells).
Finding identical cells in module `\ga2_sm'.
Removed a total of 0 cells.

13.9.118. Executing OPT_DFF pass (perform DFF optimizations).
Adding SRST signal on $auto$ff.cc:266:slice$1082 ($sdffce) from module ga2_sm (D = 1'x, Q = \div.n_r [16], rval = 1'0).
Setting constant 0-bit at position 0 on $auto$ff.cc:266:slice$1083 ($sdffce) from module ga2_sm.

13.9.119. Executing OPT_CLEAN pass (remove unused cells and wires).
Finding unused cells or wires in module \ga2_sm..
Removed 1 unused cells and 1 unused wires.
<suppressed ~2 debug messages>

13.9.120. Executing OPT_EXPR pass (perform const folding).
Optimizing module ga2_sm.

13.9.121. Rerunning OPT passes. (Maybe there is more to do..)

13.9.122. Executing OPT_MUXTREE pass (detect dead branches in mux trees).
Running muxtree optimizer on module \ga2_sm..
  Creating internal representation of mux trees.
  Evaluating internal representation of mux trees.
  Analyzing evaluation results.
Removed 0 multiplexer ports.
<suppressed ~17 debug messages>

13.9.123. Executing OPT_REDUCE pass (consolidate $*mux and $reduce_* inputs).
  Optimizing cells in module \ga2_sm.
Performed a total of 0 changes.

13.9.124. Executing OPT_MERGE pass (detect identical cells).
Finding identical cells in module `\ga2_sm'.
Removed a total of 0 cells.

13.9.125. Executing OPT_DFF pass (perform DFF optimizations).
Adding SRST signal on $auto$ff.cc:266:slice$1086 ($sdffce) from module ga2_sm (D = 1'x, Q = \div.n_r [17], rval = 1'0).
Setting constant 0-bit at position 0 on $auto$ff.cc:266:slice$1087 ($sdffce) from module ga2_sm.

13.9.126. Executing OPT_CLEAN pass (remove unused cells and wires).
Finding unused cells or wires in module \ga2_sm..
Removed 1 unused cells and 1 unused wires.
<suppressed ~2 debug messages>

13.9.127. Executing OPT_EXPR pass (perform const folding).
Optimizing module ga2_sm.

13.9.128. Rerunning OPT passes. (Maybe there is more to do..)

13.9.129. Executing OPT_MUXTREE pass (detect dead branches in mux trees).
Running muxtree optimizer on module \ga2_sm..
  Creating internal representation of mux trees.
  Evaluating internal representation of mux trees.
  Analyzing evaluation results.
Removed 0 multiplexer ports.
<suppressed ~17 debug messages>

13.9.130. Executing OPT_REDUCE pass (consolidate $*mux and $reduce_* inputs).
  Optimizing cells in module \ga2_sm.
Performed a total of 0 changes.

13.9.131. Executing OPT_MERGE pass (detect identical cells).
Finding identical cells in module `\ga2_sm'.
Removed a total of 0 cells.

13.9.132. Executing OPT_DFF pass (perform DFF optimizations).
Adding SRST signal on $auto$ff.cc:266:slice$1090 ($sdffce) from module ga2_sm (D = 1'x, Q = \div.n_r [18], rval = 1'0).
Setting constant 0-bit at position 0 on $auto$ff.cc:266:slice$1091 ($sdffce) from module ga2_sm.

13.9.133. Executing OPT_CLEAN pass (remove unused cells and wires).
Finding unused cells or wires in module \ga2_sm..
Removed 1 unused cells and 1 unused wires.
<suppressed ~2 debug messages>

13.9.134. Executing OPT_EXPR pass (perform const folding).
Optimizing module ga2_sm.

13.9.135. Rerunning OPT passes. (Maybe there is more to do..)

13.9.136. Executing OPT_MUXTREE pass (detect dead branches in mux trees).
Running muxtree optimizer on module \ga2_sm..
  Creating internal representation of mux trees.
  Evaluating internal representation of mux trees.
  Analyzing evaluation results.
Removed 0 multiplexer ports.
<suppressed ~17 debug messages>

13.9.137. Executing OPT_REDUCE pass (consolidate $*mux and $reduce_* inputs).
  Optimizing cells in module \ga2_sm.
Performed a total of 0 changes.

13.9.138. Executing OPT_MERGE pass (detect identical cells).
Finding identical cells in module `\ga2_sm'.
Removed a total of 0 cells.

13.9.139. Executing OPT_DFF pass (perform DFF optimizations).
Adding SRST signal on $auto$ff.cc:266:slice$1094 ($sdffce) from module ga2_sm (D = 1'x, Q = \div.n_r [19], rval = 1'0).
Setting constant 0-bit at position 0 on $auto$ff.cc:266:slice$1095 ($sdffce) from module ga2_sm.

13.9.140. Executing OPT_CLEAN pass (remove unused cells and wires).
Finding unused cells or wires in module \ga2_sm..
Removed 1 unused cells and 1 unused wires.
<suppressed ~2 debug messages>

13.9.141. Executing OPT_EXPR pass (perform const folding).
Optimizing module ga2_sm.

13.9.142. Rerunning OPT passes. (Maybe there is more to do..)

13.9.143. Executing OPT_MUXTREE pass (detect dead branches in mux trees).
Running muxtree optimizer on module \ga2_sm..
  Creating internal representation of mux trees.
  Evaluating internal representation of mux trees.
  Analyzing evaluation results.
Removed 0 multiplexer ports.
<suppressed ~17 debug messages>

13.9.144. Executing OPT_REDUCE pass (consolidate $*mux and $reduce_* inputs).
  Optimizing cells in module \ga2_sm.
Performed a total of 0 changes.

13.9.145. Executing OPT_MERGE pass (detect identical cells).
Finding identical cells in module `\ga2_sm'.
Removed a total of 0 cells.

13.9.146. Executing OPT_DFF pass (perform DFF optimizations).
Adding SRST signal on $auto$ff.cc:266:slice$1098 ($sdffce) from module ga2_sm (D = 1'x, Q = \div.n_r [20], rval = 1'0).
Setting constant 0-bit at position 0 on $auto$ff.cc:266:slice$1099 ($sdffce) from module ga2_sm.

13.9.147. Executing OPT_CLEAN pass (remove unused cells and wires).
Finding unused cells or wires in module \ga2_sm..
Removed 1 unused cells and 1 unused wires.
<suppressed ~2 debug messages>

13.9.148. Executing OPT_EXPR pass (perform const folding).
Optimizing module ga2_sm.

13.9.149. Rerunning OPT passes. (Maybe there is more to do..)

13.9.150. Executing OPT_MUXTREE pass (detect dead branches in mux trees).
Running muxtree optimizer on module \ga2_sm..
  Creating internal representation of mux trees.
  Evaluating internal representation of mux trees.
  Analyzing evaluation results.
Removed 0 multiplexer ports.
<suppressed ~17 debug messages>

13.9.151. Executing OPT_REDUCE pass (consolidate $*mux and $reduce_* inputs).
  Optimizing cells in module \ga2_sm.
Performed a total of 0 changes.

13.9.152. Executing OPT_MERGE pass (detect identical cells).
Finding identical cells in module `\ga2_sm'.
Removed a total of 0 cells.

13.9.153. Executing OPT_DFF pass (perform DFF optimizations).
Adding SRST signal on $auto$ff.cc:266:slice$1102 ($sdffce) from module ga2_sm (D = 1'x, Q = \div.n_r [21], rval = 1'0).
Setting constant 0-bit at position 0 on $auto$ff.cc:266:slice$1103 ($sdffce) from module ga2_sm.

13.9.154. Executing OPT_CLEAN pass (remove unused cells and wires).
Finding unused cells or wires in module \ga2_sm..
Removed 1 unused cells and 1 unused wires.
<suppressed ~2 debug messages>

13.9.155. Executing OPT_EXPR pass (perform const folding).
Optimizing module ga2_sm.

13.9.156. Rerunning OPT passes. (Maybe there is more to do..)

13.9.157. Executing OPT_MUXTREE pass (detect dead branches in mux trees).
Running muxtree optimizer on module \ga2_sm..
  Creating internal representation of mux trees.
  Evaluating internal representation of mux trees.
  Analyzing evaluation results.
Removed 0 multiplexer ports.
<suppressed ~17 debug messages>

13.9.158. Executing OPT_REDUCE pass (consolidate $*mux and $reduce_* inputs).
  Optimizing cells in module \ga2_sm.
Performed a total of 0 changes.

13.9.159. Executing OPT_MERGE pass (detect identical cells).
Finding identical cells in module `\ga2_sm'.
Removed a total of 0 cells.

13.9.160. Executing OPT_DFF pass (perform DFF optimizations).
Adding SRST signal on $auto$ff.cc:266:slice$1106 ($sdffce) from module ga2_sm (D = 1'x, Q = \div.n_r [22], rval = 1'0).
Setting constant 0-bit at position 0 on $auto$ff.cc:266:slice$1107 ($sdffce) from module ga2_sm.

13.9.161. Executing OPT_CLEAN pass (remove unused cells and wires).
Finding unused cells or wires in module \ga2_sm..
Removed 1 unused cells and 1 unused wires.
<suppressed ~2 debug messages>

13.9.162. Executing OPT_EXPR pass (perform const folding).
Optimizing module ga2_sm.

13.9.163. Rerunning OPT passes. (Maybe there is more to do..)

13.9.164. Executing OPT_MUXTREE pass (detect dead branches in mux trees).
Running muxtree optimizer on module \ga2_sm..
  Creating internal representation of mux trees.
  Evaluating internal representation of mux trees.
  Analyzing evaluation results.
Removed 0 multiplexer ports.
<suppressed ~17 debug messages>

13.9.165. Executing OPT_REDUCE pass (consolidate $*mux and $reduce_* inputs).
  Optimizing cells in module \ga2_sm.
Performed a total of 0 changes.

13.9.166. Executing OPT_MERGE pass (detect identical cells).
Finding identical cells in module `\ga2_sm'.
Removed a total of 0 cells.

13.9.167. Executing OPT_DFF pass (perform DFF optimizations).
Adding SRST signal on $auto$ff.cc:266:slice$1110 ($sdffce) from module ga2_sm (D = 1'x, Q = \div.n_r [23], rval = 1'0).
Setting constant 0-bit at position 0 on $auto$ff.cc:266:slice$1111 ($sdffce) from module ga2_sm.

13.9.168. Executing OPT_CLEAN pass (remove unused cells and wires).
Finding unused cells or wires in module \ga2_sm..
Removed 1 unused cells and 1 unused wires.
<suppressed ~2 debug messages>

13.9.169. Executing OPT_EXPR pass (perform const folding).
Optimizing module ga2_sm.

13.9.170. Rerunning OPT passes. (Maybe there is more to do..)

13.9.171. Executing OPT_MUXTREE pass (detect dead branches in mux trees).
Running muxtree optimizer on module \ga2_sm..
  Creating internal representation of mux trees.
  Evaluating internal representation of mux trees.
  Analyzing evaluation results.
Removed 0 multiplexer ports.
<suppressed ~17 debug messages>

13.9.172. Executing OPT_REDUCE pass (consolidate $*mux and $reduce_* inputs).
  Optimizing cells in module \ga2_sm.
Performed a total of 0 changes.

13.9.173. Executing OPT_MERGE pass (detect identical cells).
Finding identical cells in module `\ga2_sm'.
Removed a total of 0 cells.

13.9.174. Executing OPT_DFF pass (perform DFF optimizations).
Adding SRST signal on $auto$ff.cc:266:slice$1114 ($sdffce) from module ga2_sm (D = 1'x, Q = \div.n_r [24], rval = 1'0).
Setting constant 0-bit at position 0 on $auto$ff.cc:266:slice$1115 ($sdffce) from module ga2_sm.

13.9.175. Executing OPT_CLEAN pass (remove unused cells and wires).
Finding unused cells or wires in module \ga2_sm..
Removed 1 unused cells and 1 unused wires.
<suppressed ~2 debug messages>

13.9.176. Executing OPT_EXPR pass (perform const folding).
Optimizing module ga2_sm.

13.9.177. Rerunning OPT passes. (Maybe there is more to do..)

13.9.178. Executing OPT_MUXTREE pass (detect dead branches in mux trees).
Running muxtree optimizer on module \ga2_sm..
  Creating internal representation of mux trees.
  Evaluating internal representation of mux trees.
  Analyzing evaluation results.
Removed 0 multiplexer ports.
<suppressed ~17 debug messages>

13.9.179. Executing OPT_REDUCE pass (consolidate $*mux and $reduce_* inputs).
  Optimizing cells in module \ga2_sm.
Performed a total of 0 changes.

13.9.180. Executing OPT_MERGE pass (detect identical cells).
Finding identical cells in module `\ga2_sm'.
Removed a total of 0 cells.

13.9.181. Executing OPT_DFF pass (perform DFF optimizations).
Adding SRST signal on $auto$ff.cc:266:slice$1118 ($sdffce) from module ga2_sm (D = 1'x, Q = \div.n_r [25], rval = 1'0).
Setting constant 0-bit at position 0 on $auto$ff.cc:266:slice$1119 ($sdffce) from module ga2_sm.

13.9.182. Executing OPT_CLEAN pass (remove unused cells and wires).
Finding unused cells or wires in module \ga2_sm..
Removed 1 unused cells and 1 unused wires.
<suppressed ~2 debug messages>

13.9.183. Executing OPT_EXPR pass (perform const folding).
Optimizing module ga2_sm.

13.9.184. Rerunning OPT passes. (Maybe there is more to do..)

13.9.185. Executing OPT_MUXTREE pass (detect dead branches in mux trees).
Running muxtree optimizer on module \ga2_sm..
  Creating internal representation of mux trees.
  Evaluating internal representation of mux trees.
  Analyzing evaluation results.
Removed 0 multiplexer ports.
<suppressed ~17 debug messages>

13.9.186. Executing OPT_REDUCE pass (consolidate $*mux and $reduce_* inputs).
  Optimizing cells in module \ga2_sm.
Performed a total of 0 changes.

13.9.187. Executing OPT_MERGE pass (detect identical cells).
Finding identical cells in module `\ga2_sm'.
Removed a total of 0 cells.

13.9.188. Executing OPT_DFF pass (perform DFF optimizations).
Adding SRST signal on $auto$ff.cc:266:slice$1122 ($sdffce) from module ga2_sm (D = 1'x, Q = \div.n_r [26], rval = 1'0).
Setting constant 0-bit at position 0 on $auto$ff.cc:266:slice$1123 ($sdffce) from module ga2_sm.

13.9.189. Executing OPT_CLEAN pass (remove unused cells and wires).
Finding unused cells or wires in module \ga2_sm..
Removed 1 unused cells and 1 unused wires.
<suppressed ~2 debug messages>

13.9.190. Executing OPT_EXPR pass (perform const folding).
Optimizing module ga2_sm.

13.9.191. Rerunning OPT passes. (Maybe there is more to do..)

13.9.192. Executing OPT_MUXTREE pass (detect dead branches in mux trees).
Running muxtree optimizer on module \ga2_sm..
  Creating internal representation of mux trees.
  Evaluating internal representation of mux trees.
  Analyzing evaluation results.
Removed 0 multiplexer ports.
<suppressed ~17 debug messages>

13.9.193. Executing OPT_REDUCE pass (consolidate $*mux and $reduce_* inputs).
  Optimizing cells in module \ga2_sm.
Performed a total of 0 changes.

13.9.194. Executing OPT_MERGE pass (detect identical cells).
Finding identical cells in module `\ga2_sm'.
Removed a total of 0 cells.

13.9.195. Executing OPT_DFF pass (perform DFF optimizations).
Adding SRST signal on $auto$ff.cc:266:slice$1126 ($sdffce) from module ga2_sm (D = 1'x, Q = \div.n_r [27], rval = 1'0).
Setting constant 0-bit at position 0 on $auto$ff.cc:266:slice$1127 ($sdffce) from module ga2_sm.

13.9.196. Executing OPT_CLEAN pass (remove unused cells and wires).
Finding unused cells or wires in module \ga2_sm..
Removed 1 unused cells and 1 unused wires.
<suppressed ~2 debug messages>

13.9.197. Executing OPT_EXPR pass (perform const folding).
Optimizing module ga2_sm.

13.9.198. Rerunning OPT passes. (Maybe there is more to do..)

13.9.199. Executing OPT_MUXTREE pass (detect dead branches in mux trees).
Running muxtree optimizer on module \ga2_sm..
  Creating internal representation of mux trees.
  Evaluating internal representation of mux trees.
  Analyzing evaluation results.
Removed 0 multiplexer ports.
<suppressed ~17 debug messages>

13.9.200. Executing OPT_REDUCE pass (consolidate $*mux and $reduce_* inputs).
  Optimizing cells in module \ga2_sm.
Performed a total of 0 changes.

13.9.201. Executing OPT_MERGE pass (detect identical cells).
Finding identical cells in module `\ga2_sm'.
Removed a total of 0 cells.

13.9.202. Executing OPT_DFF pass (perform DFF optimizations).
Adding SRST signal on $auto$ff.cc:266:slice$1130 ($sdffce) from module ga2_sm (D = 1'x, Q = \div.n_r [28], rval = 1'0).
Setting constant 0-bit at position 0 on $auto$ff.cc:266:slice$1131 ($sdffce) from module ga2_sm.

13.9.203. Executing OPT_CLEAN pass (remove unused cells and wires).
Finding unused cells or wires in module \ga2_sm..
Removed 1 unused cells and 1 unused wires.
<suppressed ~2 debug messages>

13.9.204. Executing OPT_EXPR pass (perform const folding).
Optimizing module ga2_sm.

13.9.205. Rerunning OPT passes. (Maybe there is more to do..)

13.9.206. Executing OPT_MUXTREE pass (detect dead branches in mux trees).
Running muxtree optimizer on module \ga2_sm..
  Creating internal representation of mux trees.
  Evaluating internal representation of mux trees.
  Analyzing evaluation results.
Removed 0 multiplexer ports.
<suppressed ~17 debug messages>

13.9.207. Executing OPT_REDUCE pass (consolidate $*mux and $reduce_* inputs).
  Optimizing cells in module \ga2_sm.
Performed a total of 0 changes.

13.9.208. Executing OPT_MERGE pass (detect identical cells).
Finding identical cells in module `\ga2_sm'.
Removed a total of 0 cells.

13.9.209. Executing OPT_DFF pass (perform DFF optimizations).
Adding SRST signal on $auto$ff.cc:266:slice$1134 ($sdffce) from module ga2_sm (D = 1'x, Q = \div.n_r [29], rval = 1'0).
Setting constant 0-bit at position 0 on $auto$ff.cc:266:slice$1135 ($sdffce) from module ga2_sm.

13.9.210. Executing OPT_CLEAN pass (remove unused cells and wires).
Finding unused cells or wires in module \ga2_sm..
Removed 1 unused cells and 1 unused wires.
<suppressed ~2 debug messages>

13.9.211. Executing OPT_EXPR pass (perform const folding).
Optimizing module ga2_sm.

13.9.212. Rerunning OPT passes. (Maybe there is more to do..)

13.9.213. Executing OPT_MUXTREE pass (detect dead branches in mux trees).
Running muxtree optimizer on module \ga2_sm..
  Creating internal representation of mux trees.
  Evaluating internal representation of mux trees.
  Analyzing evaluation results.
Removed 0 multiplexer ports.
<suppressed ~17 debug messages>

13.9.214. Executing OPT_REDUCE pass (consolidate $*mux and $reduce_* inputs).
  Optimizing cells in module \ga2_sm.
Performed a total of 0 changes.

13.9.215. Executing OPT_MERGE pass (detect identical cells).
Finding identical cells in module `\ga2_sm'.
Removed a total of 0 cells.

13.9.216. Executing OPT_DFF pass (perform DFF optimizations).
Adding SRST signal on $auto$ff.cc:266:slice$1138 ($sdffce) from module ga2_sm (D = 1'x, Q = \div.n_r [30], rval = 1'0).
Setting constant 0-bit at position 0 on $auto$ff.cc:266:slice$1139 ($sdffce) from module ga2_sm.

13.9.217. Executing OPT_CLEAN pass (remove unused cells and wires).
Finding unused cells or wires in module \ga2_sm..
Removed 1 unused cells and 1 unused wires.
<suppressed ~2 debug messages>

13.9.218. Executing OPT_EXPR pass (perform const folding).
Optimizing module ga2_sm.

13.9.219. Rerunning OPT passes. (Maybe there is more to do..)

13.9.220. Executing OPT_MUXTREE pass (detect dead branches in mux trees).
Running muxtree optimizer on module \ga2_sm..
  Creating internal representation of mux trees.
  Evaluating internal representation of mux trees.
  Analyzing evaluation results.
Removed 0 multiplexer ports.
<suppressed ~17 debug messages>

13.9.221. Executing OPT_REDUCE pass (consolidate $*mux and $reduce_* inputs).
  Optimizing cells in module \ga2_sm.
Performed a total of 0 changes.

13.9.222. Executing OPT_MERGE pass (detect identical cells).
Finding identical cells in module `\ga2_sm'.
Removed a total of 0 cells.

13.9.223. Executing OPT_DFF pass (perform DFF optimizations).
Adding SRST signal on $auto$ff.cc:266:slice$1142 ($sdffce) from module ga2_sm (D = 1'x, Q = \div.n_r [31], rval = 1'0).
Setting constant 0-bit at position 0 on $auto$ff.cc:266:slice$1143 ($sdffce) from module ga2_sm.

13.9.224. Executing OPT_CLEAN pass (remove unused cells and wires).
Finding unused cells or wires in module \ga2_sm..
Removed 1 unused cells and 1 unused wires.
<suppressed ~2 debug messages>

13.9.225. Executing OPT_EXPR pass (perform const folding).
Optimizing module ga2_sm.

13.9.226. Rerunning OPT passes. (Maybe there is more to do..)

13.9.227. Executing OPT_MUXTREE pass (detect dead branches in mux trees).
Running muxtree optimizer on module \ga2_sm..
  Creating internal representation of mux trees.
  Evaluating internal representation of mux trees.
  Analyzing evaluation results.
Removed 0 multiplexer ports.
<suppressed ~17 debug messages>

13.9.228. Executing OPT_REDUCE pass (consolidate $*mux and $reduce_* inputs).
  Optimizing cells in module \ga2_sm.
Performed a total of 0 changes.

13.9.229. Executing OPT_MERGE pass (detect identical cells).
Finding identical cells in module `\ga2_sm'.
Removed a total of 0 cells.

13.9.230. Executing OPT_DFF pass (perform DFF optimizations).
Adding SRST signal on $auto$ff.cc:266:slice$1146 ($sdffce) from module ga2_sm (D = 1'x, Q = \div.n_r [32], rval = 1'0).
Setting constant 0-bit at position 0 on $auto$ff.cc:266:slice$1147 ($sdffce) from module ga2_sm.

13.9.231. Executing OPT_CLEAN pass (remove unused cells and wires).
Finding unused cells or wires in module \ga2_sm..
Removed 1 unused cells and 1 unused wires.
<suppressed ~2 debug messages>

13.9.232. Executing OPT_EXPR pass (perform const folding).
Optimizing module ga2_sm.

13.9.233. Rerunning OPT passes. (Maybe there is more to do..)

13.9.234. Executing OPT_MUXTREE pass (detect dead branches in mux trees).
Running muxtree optimizer on module \ga2_sm..
  Creating internal representation of mux trees.
  Evaluating internal representation of mux trees.
  Analyzing evaluation results.
Removed 0 multiplexer ports.
<suppressed ~17 debug messages>

13.9.235. Executing OPT_REDUCE pass (consolidate $*mux and $reduce_* inputs).
  Optimizing cells in module \ga2_sm.
Performed a total of 0 changes.

13.9.236. Executing OPT_MERGE pass (detect identical cells).
Finding identical cells in module `\ga2_sm'.
Removed a total of 0 cells.

13.9.237. Executing OPT_DFF pass (perform DFF optimizations).
Adding SRST signal on $auto$ff.cc:266:slice$1150 ($sdffce) from module ga2_sm (D = 1'x, Q = \div.n_r [33], rval = 1'0).
Setting constant 0-bit at position 0 on $auto$ff.cc:266:slice$1151 ($sdffce) from module ga2_sm.

13.9.238. Executing OPT_CLEAN pass (remove unused cells and wires).
Finding unused cells or wires in module \ga2_sm..
Removed 1 unused cells and 1 unused wires.
<suppressed ~2 debug messages>

13.9.239. Executing OPT_EXPR pass (perform const folding).
Optimizing module ga2_sm.

13.9.240. Rerunning OPT passes. (Maybe there is more to do..)

13.9.241. Executing OPT_MUXTREE pass (detect dead branches in mux trees).
Running muxtree optimizer on module \ga2_sm..
  Creating internal representation of mux trees.
  Evaluating internal representation of mux trees.
  Analyzing evaluation results.
Removed 0 multiplexer ports.
<suppressed ~17 debug messages>

13.9.242. Executing OPT_REDUCE pass (consolidate $*mux and $reduce_* inputs).
  Optimizing cells in module \ga2_sm.
Performed a total of 0 changes.

13.9.243. Executing OPT_MERGE pass (detect identical cells).
Finding identical cells in module `\ga2_sm'.
Removed a total of 0 cells.

13.9.244. Executing OPT_DFF pass (perform DFF optimizations).
Adding SRST signal on $auto$ff.cc:266:slice$1154 ($sdffce) from module ga2_sm (D = 1'x, Q = \div.n_r [34], rval = 1'0).
Setting constant 0-bit at position 0 on $auto$ff.cc:266:slice$1155 ($sdffce) from module ga2_sm.

13.9.245. Executing OPT_CLEAN pass (remove unused cells and wires).
Finding unused cells or wires in module \ga2_sm..
Removed 1 unused cells and 1 unused wires.
<suppressed ~2 debug messages>

13.9.246. Executing OPT_EXPR pass (perform const folding).
Optimizing module ga2_sm.

13.9.247. Rerunning OPT passes. (Maybe there is more to do..)

13.9.248. Executing OPT_MUXTREE pass (detect dead branches in mux trees).
Running muxtree optimizer on module \ga2_sm..
  Creating internal representation of mux trees.
  Evaluating internal representation of mux trees.
  Analyzing evaluation results.
Removed 0 multiplexer ports.
<suppressed ~17 debug messages>

13.9.249. Executing OPT_REDUCE pass (consolidate $*mux and $reduce_* inputs).
  Optimizing cells in module \ga2_sm.
Performed a total of 0 changes.

13.9.250. Executing OPT_MERGE pass (detect identical cells).
Finding identical cells in module `\ga2_sm'.
Removed a total of 0 cells.

13.9.251. Executing OPT_DFF pass (perform DFF optimizations).
Adding SRST signal on $auto$ff.cc:266:slice$1158 ($sdffce) from module ga2_sm (D = 1'x, Q = \div.n_r [35], rval = 1'0).
Setting constant 0-bit at position 0 on $auto$ff.cc:266:slice$1159 ($sdffce) from module ga2_sm.

13.9.252. Executing OPT_CLEAN pass (remove unused cells and wires).
Finding unused cells or wires in module \ga2_sm..
Removed 1 unused cells and 1 unused wires.
<suppressed ~2 debug messages>

13.9.253. Executing OPT_EXPR pass (perform const folding).
Optimizing module ga2_sm.

13.9.254. Rerunning OPT passes. (Maybe there is more to do..)

13.9.255. Executing OPT_MUXTREE pass (detect dead branches in mux trees).
Running muxtree optimizer on module \ga2_sm..
  Creating internal representation of mux trees.
  Evaluating internal representation of mux trees.
  Analyzing evaluation results.
Removed 0 multiplexer ports.
<suppressed ~17 debug messages>

13.9.256. Executing OPT_REDUCE pass (consolidate $*mux and $reduce_* inputs).
  Optimizing cells in module \ga2_sm.
Performed a total of 0 changes.

13.9.257. Executing OPT_MERGE pass (detect identical cells).
Finding identical cells in module `\ga2_sm'.
Removed a total of 0 cells.

13.9.258. Executing OPT_DFF pass (perform DFF optimizations).
Adding SRST signal on $auto$ff.cc:266:slice$1162 ($sdffce) from module ga2_sm (D = 1'x, Q = \div.n_r [36], rval = 1'0).
Setting constant 0-bit at position 0 on $auto$ff.cc:266:slice$1163 ($sdffce) from module ga2_sm.

13.9.259. Executing OPT_CLEAN pass (remove unused cells and wires).
Finding unused cells or wires in module \ga2_sm..
Removed 1 unused cells and 1 unused wires.
<suppressed ~2 debug messages>

13.9.260. Executing OPT_EXPR pass (perform const folding).
Optimizing module ga2_sm.

13.9.261. Rerunning OPT passes. (Maybe there is more to do..)

13.9.262. Executing OPT_MUXTREE pass (detect dead branches in mux trees).
Running muxtree optimizer on module \ga2_sm..
  Creating internal representation of mux trees.
  Evaluating internal representation of mux trees.
  Analyzing evaluation results.
Removed 0 multiplexer ports.
<suppressed ~17 debug messages>

13.9.263. Executing OPT_REDUCE pass (consolidate $*mux and $reduce_* inputs).
  Optimizing cells in module \ga2_sm.
Performed a total of 0 changes.

13.9.264. Executing OPT_MERGE pass (detect identical cells).
Finding identical cells in module `\ga2_sm'.
Removed a total of 0 cells.

13.9.265. Executing OPT_DFF pass (perform DFF optimizations).
Adding SRST signal on $auto$ff.cc:266:slice$1166 ($sdffce) from module ga2_sm (D = 1'x, Q = \div.n_r [37], rval = 1'0).
Setting constant 0-bit at position 0 on $auto$ff.cc:266:slice$1167 ($sdffce) from module ga2_sm.

13.9.266. Executing OPT_CLEAN pass (remove unused cells and wires).
Finding unused cells or wires in module \ga2_sm..
Removed 1 unused cells and 1 unused wires.
<suppressed ~2 debug messages>

13.9.267. Executing OPT_EXPR pass (perform const folding).
Optimizing module ga2_sm.

13.9.268. Rerunning OPT passes. (Maybe there is more to do..)

13.9.269. Executing OPT_MUXTREE pass (detect dead branches in mux trees).
Running muxtree optimizer on module \ga2_sm..
  Creating internal representation of mux trees.
  Evaluating internal representation of mux trees.
  Analyzing evaluation results.
Removed 0 multiplexer ports.
<suppressed ~17 debug messages>

13.9.270. Executing OPT_REDUCE pass (consolidate $*mux and $reduce_* inputs).
  Optimizing cells in module \ga2_sm.
Performed a total of 0 changes.

13.9.271. Executing OPT_MERGE pass (detect identical cells).
Finding identical cells in module `\ga2_sm'.
Removed a total of 0 cells.

13.9.272. Executing OPT_DFF pass (perform DFF optimizations).

13.9.273. Executing OPT_CLEAN pass (remove unused cells and wires).
Finding unused cells or wires in module \ga2_sm..

13.9.274. Executing OPT_EXPR pass (perform const folding).
Optimizing module ga2_sm.

13.9.275. Finished OPT passes. (There is nothing left to do.)

13.10. Executing WREDUCE pass (reducing word size of cells).
Removed top 24 address bits (of 32) from memory init port ga2_sm.$flatten\lut.$auto$mem.cc:319:emit$487 ($flatten\lut.$auto$proc_rom.cc:150:do_switch$485).
Removed top 2 bits (of 4) from port B of cell ga2_sm.$auto$fsm_map.cc:77:implement_pattern_cache$862 ($eq).
Removed top 1 bits (of 5) from port B of cell ga2_sm.$auto$fsm_map.cc:77:implement_pattern_cache$849 ($eq).
Removed top 2 bits (of 5) from port B of cell ga2_sm.$auto$fsm_map.cc:77:implement_pattern_cache$845 ($eq).
Removed top 2 bits (of 4) from port B of cell ga2_sm.$auto$fsm_map.cc:77:implement_pattern_cache$841 ($eq).
Removed top 2 bits (of 5) from port B of cell ga2_sm.$auto$opt_dff.cc:195:make_patterns_logic$936 ($ne).
Removed top 1 bits (of 5) from port B of cell ga2_sm.$auto$opt_dff.cc:195:make_patterns_logic$920 ($ne).
Removed top 1 bits (of 9) from port Y of cell ga2_sm.$sub$rtl/ga2_sm.v:9$166 ($sub).
Removed top 1 bits (of 9) from port A of cell ga2_sm.$sub$rtl/ga2_sm.v:9$166 ($sub).
Removed top 1 bits (of 9) from port B of cell ga2_sm.$sub$rtl/ga2_sm.v:9$166 ($sub).
Removed top 34 bits (of 56) from port B of cell ga2_sm.$add$rtl/ga2_sm.v:12$168 ($add).
Removed top 17 bits (of 56) from port Y of cell ga2_sm.$add$rtl/ga2_sm.v:12$168 ($add).
Removed top 17 bits (of 56) from port A of cell ga2_sm.$add$rtl/ga2_sm.v:12$168 ($add).
Removed top 15 bits (of 32) from mux cell ga2_sm.$ternary$rtl/ga2_sm.v:14$179 ($mux).
Removed top 31 bits (of 32) from port B of cell ga2_sm.$sub$rtl/ga2_sm.v:15$180 ($sub).
Removed top 19 bits (of 32) from port Y of cell ga2_sm.$sub$rtl/ga2_sm.v:15$180 ($sub).
Removed top 31 bits (of 32) from port B of cell ga2_sm.$add$rtl/ga2_sm.v:23$187 ($add).
Removed top 20 bits (of 32) from port Y of cell ga2_sm.$add$rtl/ga2_sm.v:23$187 ($add).
Removed top 31 bits (of 32) from port B of cell ga2_sm.$add$rtl/ga2_sm.v:27$193 ($add).
Removed top 20 bits (of 32) from port Y of cell ga2_sm.$add$rtl/ga2_sm.v:27$193 ($add).
Removed top 1 bits (of 3) from port B of cell ga2_sm.$auto$fsm_map.cc:77:implement_pattern_cache$866 ($eq).
Removed top 9 bits (of 41) from port B of cell ga2_sm.$flatten\div.$ge$rtl/divu.v:8$475 ($ge).
Removed top 9 bits (of 41) from port B of cell ga2_sm.$flatten\div.$sub$rtl/divu.v:9$476 ($sub).
Removed top 31 bits (of 32) from port B of cell ga2_sm.$flatten\div.$sub$rtl/divu.v:16$482 ($sub).
Removed top 24 bits (of 32) from port Y of cell ga2_sm.$flatten\div.$sub$rtl/divu.v:16$482 ($sub).
Removed top 7 bits (of 8) from port B of cell ga2_sm.$flatten\div.$eq$rtl/divu.v:17$483 ($eq).
Removed top 1 bits (of 40) from FF cell ga2_sm.$auto$ff.cc:266:slice$1015 ($sdffce).
Removed top 1 bits (of 41) from FF cell ga2_sm.$auto$ff.cc:266:slice$984 ($sdffce).
Removed top 2 bits (of 3) from port B of cell ga2_sm.$auto$opt_dff.cc:195:make_patterns_logic$889 ($ne).
Removed top 2 bits (of 4) from port B of cell ga2_sm.$auto$opt_dff.cc:195:make_patterns_logic$891 ($ne).
Removed top 17 bits (of 56) from port Y of cell ga2_sm.$mul$rtl/ga2_sm.v:12$167 ($mul).
Removed top 1 bits (of 41) from mux cell ga2_sm.$flatten\div.$procmux$506 ($mux).
Removed top 1 bits (of 40) from mux cell ga2_sm.$flatten\div.$procmux$548 ($mux).
Removed top 1 bits (of 41) from mux cell ga2_sm.$flatten\div.$ternary$rtl/divu.v:9$477 ($mux).
Removed top 1 bits (of 41) from port Y of cell ga2_sm.$flatten\div.$sub$rtl/divu.v:9$476 ($sub).
Removed top 1 bits (of 41) from port A of cell ga2_sm.$flatten\div.$sub$rtl/divu.v:9$476 ($sub).
Removed top 20 bits (of 32) from wire ga2_sm.$add$rtl/ga2_sm.v:23$187_Y.
Removed top 20 bits (of 32) from wire ga2_sm.$add$rtl/ga2_sm.v:27$193_Y.
Removed top 1 bits (of 41) from wire ga2_sm.$flatten\div.$procmux$506_Y.
Removed top 1 bits (of 40) from wire ga2_sm.$flatten\div.$procmux$548_Y.
Removed top 24 bits (of 32) from wire ga2_sm.$flatten\div.$sub$rtl/divu.v:16$482_Y.
Removed top 17 bits (of 56) from wire ga2_sm.prod.
Removed top 19 bits (of 56) from wire ga2_sm.rounded.

13.11. Executing PEEPOPT pass (run peephole optimizers).

13.12. Executing OPT_CLEAN pass (remove unused cells and wires).
Finding unused cells or wires in module \ga2_sm..
Removed 0 unused cells and 6 unused wires.
<suppressed ~1 debug messages>

13.13. Executing ALUMACC pass (create $alu and $macc cells).
Extracting $alu and $macc cells in module ga2_sm:
  creating $macc model for $add$rtl/ga2_sm.v:12$168 ($add).
  creating $macc model for $add$rtl/ga2_sm.v:13$170 ($add).
  creating $macc model for $add$rtl/ga2_sm.v:13$171 ($add).
  creating $macc model for $add$rtl/ga2_sm.v:14$177 ($add).
  creating $macc model for $add$rtl/ga2_sm.v:23$187 ($add).
  creating $macc model for $add$rtl/ga2_sm.v:26$192 ($add).
  creating $macc model for $add$rtl/ga2_sm.v:27$193 ($add).
  creating $macc model for $flatten\div.$sub$rtl/divu.v:16$482 ($sub).
  creating $macc model for $flatten\div.$sub$rtl/divu.v:9$476 ($sub).
  creating $macc model for $mul$rtl/ga2_sm.v:12$167 ($mul).
  creating $macc model for $sub$rtl/ga2_sm.v:15$180 ($sub).
  creating $macc model for $sub$rtl/ga2_sm.v:9$166 ($sub).
  merging $macc model for $mul$rtl/ga2_sm.v:12$167 into $add$rtl/ga2_sm.v:12$168.
  creating $alu model for $macc $sub$rtl/ga2_sm.v:15$180.
  creating $alu model for $macc $sub$rtl/ga2_sm.v:9$166.
  creating $alu model for $macc $flatten\div.$sub$rtl/divu.v:9$476.
  creating $alu model for $macc $flatten\div.$sub$rtl/divu.v:16$482.
  creating $alu model for $macc $add$rtl/ga2_sm.v:27$193.
  creating $alu model for $macc $add$rtl/ga2_sm.v:26$192.
  creating $alu model for $macc $add$rtl/ga2_sm.v:23$187.
  creating $alu model for $macc $add$rtl/ga2_sm.v:14$177.
  creating $alu model for $macc $add$rtl/ga2_sm.v:13$171.
  creating $alu model for $macc $add$rtl/ga2_sm.v:13$170.
  creating $macc cell for $add$rtl/ga2_sm.v:12$168: $auto$alumacc.cc:365:replace_macc$1178
  creating $alu model for $flatten\div.$ge$rtl/divu.v:8$475 ($ge): new $alu
  creating $alu model for $gt$rtl/ga2_sm.v:25$189 ($gt): new $alu
  creating $alu model for $lt$rtl/ga2_sm.v:23$185 ($lt): new $alu
  creating $alu cell for $lt$rtl/ga2_sm.v:23$185: $auto$alumacc.cc:485:replace_alu$1182
  creating $alu cell for $flatten\div.$ge$rtl/divu.v:8$475: $auto$alumacc.cc:485:replace_alu$1187
  creating $alu cell for $add$rtl/ga2_sm.v:13$170: $auto$alumacc.cc:485:replace_alu$1196
  creating $alu cell for $add$rtl/ga2_sm.v:13$171: $auto$alumacc.cc:485:replace_alu$1199
  creating $alu cell for $add$rtl/ga2_sm.v:14$177: $auto$alumacc.cc:485:replace_alu$1202
  creating $alu cell for $add$rtl/ga2_sm.v:23$187: $auto$alumacc.cc:485:replace_alu$1205
  creating $alu cell for $add$rtl/ga2_sm.v:26$192: $auto$alumacc.cc:485:replace_alu$1208
  creating $alu cell for $add$rtl/ga2_sm.v:27$193: $auto$alumacc.cc:485:replace_alu$1211
  creating $alu cell for $flatten\div.$sub$rtl/divu.v:16$482: $auto$alumacc.cc:485:replace_alu$1214
  creating $alu cell for $flatten\div.$sub$rtl/divu.v:9$476: $auto$alumacc.cc:485:replace_alu$1217
  creating $alu cell for $gt$rtl/ga2_sm.v:25$189: $auto$alumacc.cc:485:replace_alu$1220
  creating $alu cell for $sub$rtl/ga2_sm.v:9$166: $auto$alumacc.cc:485:replace_alu$1227
  creating $alu cell for $sub$rtl/ga2_sm.v:15$180: $auto$alumacc.cc:485:replace_alu$1230
  created 13 $alu and 1 $macc cells.

13.14. Executing SHARE pass (SAT-based resource sharing).
Found 2 cells in module ga2_sm that may be considered for resource sharing.
  Analyzing resource sharing options for $mul$rtl/ga2_sm.v:12$167 ($mul):
    Found cell that is never activated: $mul$rtl/ga2_sm.v:12$167
    Cell is never active. Sharing is pointless, we simply remove it.
  Analyzing resource sharing options for $flatten\lut.$auto$mem.cc:273:emit$486 ($memrd_v2):
    Found 2 activation_patterns using ctrl signal { \v \st [3] $procmux$591_CTRL \busy }.
    No candidates found.
Removing 1 cells in module ga2_sm:
  Removing cell $mul$rtl/ga2_sm.v:12$167 ($mul).

13.15. Executing OPT pass (performing simple optimizations).

13.15.1. Executing OPT_EXPR pass (perform const folding).
Optimizing module ga2_sm.
<suppressed ~1 debug messages>

13.15.2. Executing OPT_MERGE pass (detect identical cells).
Finding identical cells in module `\ga2_sm'.
Removed a total of 0 cells.

13.15.3. Executing OPT_MUXTREE pass (detect dead branches in mux trees).
Running muxtree optimizer on module \ga2_sm..
  Creating internal representation of mux trees.
  Evaluating internal representation of mux trees.
  Analyzing evaluation results.
Removed 0 multiplexer ports.
<suppressed ~17 debug messages>

13.15.4. Executing OPT_REDUCE pass (consolidate $*mux and $reduce_* inputs).
  Optimizing cells in module \ga2_sm.
Performed a total of 0 changes.

13.15.5. Executing OPT_MERGE pass (detect identical cells).
Finding identical cells in module `\ga2_sm'.
Removed a total of 0 cells.

13.15.6. Executing OPT_DFF pass (perform DFF optimizations).

13.15.7. Executing OPT_CLEAN pass (remove unused cells and wires).
Finding unused cells or wires in module \ga2_sm..
Removed 0 unused cells and 3 unused wires.
<suppressed ~1 debug messages>

13.15.8. Executing OPT_EXPR pass (perform const folding).
Optimizing module ga2_sm.

13.15.9. Rerunning OPT passes. (Maybe there is more to do..)

13.15.10. Executing OPT_MUXTREE pass (detect dead branches in mux trees).
Running muxtree optimizer on module \ga2_sm..
  Creating internal representation of mux trees.
  Evaluating internal representation of mux trees.
  Analyzing evaluation results.
Removed 0 multiplexer ports.
<suppressed ~17 debug messages>

13.15.11. Executing OPT_REDUCE pass (consolidate $*mux and $reduce_* inputs).
  Optimizing cells in module \ga2_sm.
Performed a total of 0 changes.

13.15.12. Executing OPT_MERGE pass (detect identical cells).
Finding identical cells in module `\ga2_sm'.
Removed a total of 0 cells.

13.15.13. Executing OPT_DFF pass (perform DFF optimizations).

13.15.14. Executing OPT_CLEAN pass (remove unused cells and wires).
Finding unused cells or wires in module \ga2_sm..

13.15.15. Executing OPT_EXPR pass (perform const folding).
Optimizing module ga2_sm.

13.15.16. Finished OPT passes. (There is nothing left to do.)

13.16. Executing MEMORY pass.

13.16.1. Executing OPT_MEM pass (optimize memories).
Performed a total of 0 transformations.

13.16.2. Executing OPT_MEM_PRIORITY pass (removing unnecessary memory write priority relations).
Performed a total of 0 transformations.

13.16.3. Executing OPT_MEM_FEEDBACK pass (finding memory read-to-write feedback paths).

13.16.4. Executing MEMORY_BMUX2ROM pass (converting muxes to ROMs).

13.16.5. Executing MEMORY_DFF pass (merging $dff cells to $memrd).
Checking read port `$flatten\lut.$auto$proc_rom.cc:150:do_switch$485'[0] in module `\ga2_sm': no output FF found.
Checking read port address `$flatten\lut.$auto$proc_rom.cc:150:do_switch$485'[0] in module `\ga2_sm': no address FF found.

13.16.6. Executing OPT_CLEAN pass (remove unused cells and wires).
Finding unused cells or wires in module \ga2_sm..

13.16.7. Executing MEMORY_SHARE pass (consolidating $memrd/$memwr cells).

13.16.8. Executing OPT_MEM_WIDEN pass (optimize memories where all ports are wide).
Performed a total of 0 transformations.

13.16.9. Executing OPT_CLEAN pass (remove unused cells and wires).
Finding unused cells or wires in module \ga2_sm..

13.16.10. Executing MEMORY_COLLECT pass (generating $mem cells).

13.17. Executing OPT_CLEAN pass (remove unused cells and wires).
Finding unused cells or wires in module \ga2_sm..

13.18. Executing OPT pass (performing simple optimizations).

13.18.1. Executing OPT_EXPR pass (perform const folding).
Optimizing module ga2_sm.
<suppressed ~31 debug messages>

13.18.2. Executing OPT_MERGE pass (detect identical cells).
Finding identical cells in module `\ga2_sm'.
Removed a total of 0 cells.

13.18.3. Executing OPT_DFF pass (perform DFF optimizations).

13.18.4. Executing OPT_CLEAN pass (remove unused cells and wires).
Finding unused cells or wires in module \ga2_sm..
Removed 0 unused cells and 20 unused wires.
<suppressed ~1 debug messages>

13.18.5. Finished fast OPT passes.

13.19. Executing MEMORY_MAP pass (converting memories to logic and flip-flops).
Mapping memory $flatten\lut.$auto$proc_rom.cc:150:do_switch$485 in module \ga2_sm:
  created 256 $dff cells and 0 static cells of width 16.
  read interface: 0 $dff and 255 $mux cells.
  write interface: 0 write mux blocks.

13.20. Executing OPT pass (performing simple optimizations).

13.20.1. Executing OPT_EXPR pass (perform const folding).
Optimizing module ga2_sm.
<suppressed ~92 debug messages>

13.20.2. Executing OPT_MERGE pass (detect identical cells).
Finding identical cells in module `\ga2_sm'.
Removed a total of 0 cells.

13.20.3. Executing OPT_MUXTREE pass (detect dead branches in mux trees).
Running muxtree optimizer on module \ga2_sm..
  Creating internal representation of mux trees.
  Evaluating internal representation of mux trees.
  Analyzing evaluation results.
Removed 0 multiplexer ports.
<suppressed ~9 debug messages>

13.20.4. Executing OPT_REDUCE pass (consolidate $*mux and $reduce_* inputs).
  Optimizing cells in module \ga2_sm.
    Consolidated identical input bits for $mux cell $memory$flatten\lut.$auto$proc_rom.cc:150:do_switch$485$rdmux[0][7][34]$1718:
      Old ports: A=16'0000001110100111, B=16'0000001101101110, Y=$memory$flatten\lut.$auto$proc_rom.cc:150:do_switch$485$rdmux[0][6][17]$a$1476
      New ports: A=2'01, B=2'10, Y={ $memory$flatten\lut.$auto$proc_rom.cc:150:do_switch$485$rdmux[0][6][17]$a$1476 [3] $memory$flatten\lut.$auto$proc_rom.cc:150:do_switch$485$rdmux[0][6][17]$a$1476 [0] }
      New connections: { $memory$flatten\lut.$auto$proc_rom.cc:150:do_switch$485$rdmux[0][6][17]$a$1476 [15:4] $memory$flatten\lut.$auto$proc_rom.cc:150:do_switch$485$rdmux[0][6][17]$a$1476 [2:1] } = { 8'00000011 $memory$flatten\lut.$auto$proc_rom.cc:150:do_switch$485$rdmux[0][6][17]$a$1476 [0] $memory$flatten\lut.$auto$proc_rom.cc:150:do_switch$485$rdmux[0][6][17]$a$1476 [3] 4'1011 }
    Consolidated identical input bits for $mux cell $memory$flatten\lut.$auto$proc_rom.cc:150:do_switch$485$rdmux[0][7][33]$1715:
      Old ports: A=16'0000010000100011, B=16'0000001111100011, Y=$memory$flatten\lut.$auto$proc_rom.cc:150:do_switch$485$rdmux[0][6][16]$b$1474
      New ports: A=2'10, B=2'01, Y={ $memory$flatten\lut.$auto$proc_rom.cc:150:do_switch$485$rdmux[0][6][16]$b$1474 [10] $memory$flatten\lut.$auto$proc_rom.cc:150:do_switch$485$rdmux[0][6][16]$b$1474 [6] }
      New connections: { $memory$flatten\lut.$auto$proc_rom.cc:150:do_switch$485$rdmux[0][6][16]$b$1474 [15:11] $memory$flatten\lut.$auto$proc_rom.cc:150:do_switch$485$rdmux[0][6][16]$b$1474 [9:7] $memory$flatten\lut.$auto$proc_rom.cc:150:do_switch$485$rdmux[0][6][16]$b$1474 [5:0] } = { 5'00000 $memory$flatten\lut.$auto$proc_rom.cc:150:do_switch$485$rdmux[0][6][16]$b$1474 [6] $memory$flatten\lut.$auto$proc_rom.cc:150:do_switch$485$rdmux[0][6][16]$b$1474 [6] $memory$flatten\lut.$auto$proc_rom.cc:150:do_switch$485$rdmux[0][6][16]$b$1474 [6] 6'100011 }
    Consolidated identical input bits for $mux cell $memory$flatten\lut.$auto$proc_rom.cc:150:do_switch$485$rdmux[0][7][32]$1712:
      Old ports: A=16'0000010010110000, B=16'0000010001101000, Y=$memory$flatten\lut.$auto$proc_rom.cc:150:do_switch$485$rdmux[0][6][16]$a$1473
      New ports: A=2'10, B=2'01, Y=$memory$flatten\lut.$auto$proc_rom.cc:150:do_switch$485$rdmux[0][6][16]$a$1473 [4:3]
      New connections: { $memory$flatten\lut.$auto$proc_rom.cc:150:do_switch$485$rdmux[0][6][16]$a$1473 [15:5] $memory$flatten\lut.$auto$proc_rom.cc:150:do_switch$485$rdmux[0][6][16]$a$1473 [2:0] } = { 8'00000100 $memory$flatten\lut.$auto$proc_rom.cc:150:do_switch$485$rdmux[0][6][16]$a$1473 [4:3] 4'1000 }
    Consolidated identical input bits for $mux cell $memory$flatten\lut.$auto$proc_rom.cc:150:do_switch$485$rdmux[0][7][31]$1709:
      Old ports: A=16'0000010101010000, B=16'0000010011111110, Y=$memory$flatten\lut.$auto$proc_rom.cc:150:do_switch$485$rdmux[0][6][15]$b$1471
      New ports: A=2'10, B=2'01, Y={ $memory$flatten\lut.$auto$proc_rom.cc:150:do_switch$485$rdmux[0][6][15]$b$1471 [8] $memory$flatten\lut.$auto$proc_rom.cc:150:do_switch$485$rdmux[0][6][15]$b$1471 [1] }
      New connections: { $memory$flatten\lut.$auto$proc_rom.cc:150:do_switch$485$rdmux[0][6][15]$b$1471 [15:9] $memory$flatten\lut.$auto$proc_rom.cc:150:do_switch$485$rdmux[0][6][15]$b$1471 [7:2] $memory$flatten\lut.$auto$proc_rom.cc:150:do_switch$485$rdmux[0][6][15]$b$1471 [0] } = { 7'0000010 $memory$flatten\lut.$auto$proc_rom.cc:150:do_switch$485$rdmux[0][6][15]$b$1471 [1] 1'1 $memory$flatten\lut.$auto$proc_rom.cc:150:do_switch$485$rdmux[0][6][15]$b$1471 [1] 1'1 $memory$flatten\lut.$auto$proc_rom.cc:150:do_switch$485$rdmux[0][6][15]$b$1471 [1] $memory$flatten\lut.$auto$proc_rom.cc:150:do_switch$485$rdmux[0][6][15]$b$1471 [1] 1'0 }
    Consolidated identical input bits for $mux cell $memory$flatten\lut.$auto$proc_rom.cc:150:do_switch$485$rdmux[0][7][30]$1706:
      Old ports: A=16'0000011000000101, B=16'0000010110101000, Y=$memory$flatten\lut.$auto$proc_rom.cc:150:do_switch$485$rdmux[0][6][15]$a$1470
      New ports: A=2'01, B=2'10, Y={ $memory$flatten\lut.$auto$proc_rom.cc:150:do_switch$485$rdmux[0][6][15]$a$1470 [3] $memory$flatten\lut.$auto$proc_rom.cc:150:do_switch$485$rdmux[0][6][15]$a$1470 [0] }
      New connections: { $memory$flatten\lut.$auto$proc_rom.cc:150:do_switch$485$rdmux[0][6][15]$a$1470 [15:4] $memory$flatten\lut.$auto$proc_rom.cc:150:do_switch$485$rdmux[0][6][15]$a$1470 [2:1] } = { 6'000001 $memory$flatten\lut.$auto$proc_rom.cc:150:do_switch$485$rdmux[0][6][15]$a$1470 [0] $memory$flatten\lut.$auto$proc_rom.cc:150:do_switch$485$rdmux[0][6][15]$a$1470 [3] $memory$flatten\lut.$auto$proc_rom.cc:150:do_switch$485$rdmux[0][6][15]$a$1470 [3] 1'0 $memory$flatten\lut.$auto$proc_rom.cc:150:do_switch$485$rdmux[0][6][15]$a$1470 [3] 1'0 $memory$flatten\lut.$auto$proc_rom.cc:150:do_switch$485$rdmux[0][6][15]$a$1470 [0] 1'0 }
    Consolidated identical input bits for $mux cell $memory$flatten\lut.$auto$proc_rom.cc:150:do_switch$485$rdmux[0][7][29]$1703:
      Old ports: A=16'0000011011010010, B=16'0000011001101001, Y=$memory$flatten\lut.$auto$proc_rom.cc:150:do_switch$485$rdmux[0][6][14]$b$1468
      New ports: A=2'10, B=2'01, Y=$memory$flatten\lut.$auto$proc_rom.cc:150:do_switch$485$rdmux[0][6][14]$b$1468 [1:0]
      New connections: $memory$flatten\lut.$auto$proc_rom.cc:150:do_switch$485$rdmux[0][6][14]$b$1468 [15:2] = { 8'00000110 $memory$flatten\lut.$auto$proc_rom.cc:150:do_switch$485$rdmux[0][6][14]$b$1468 [1] 1'1 $memory$flatten\lut.$auto$proc_rom.cc:150:do_switch$485$rdmux[0][6][14]$b$1468 [0] $memory$flatten\lut.$auto$proc_rom.cc:150:do_switch$485$rdmux[0][6][14]$b$1468 [1:0] 1'0 }
    Consolidated identical input bits for $mux cell $memory$flatten\lut.$auto$proc_rom.cc:150:do_switch$485$rdmux[0][7][28]$1700:
      Old ports: A=16'0000011110111011, B=16'0000011101000011, Y=$memory$flatten\lut.$auto$proc_rom.cc:150:do_switch$485$rdmux[0][6][14]$a$1467
      New ports: A=2'01, B=2'10, Y={ $memory$flatten\lut.$auto$proc_rom.cc:150:do_switch$485$rdmux[0][6][14]$a$1467 [6] $memory$flatten\lut.$auto$proc_rom.cc:150:do_switch$485$rdmux[0][6][14]$a$1467 [3] }
      New connections: { $memory$flatten\lut.$auto$proc_rom.cc:150:do_switch$485$rdmux[0][6][14]$a$1467 [15:7] $memory$flatten\lut.$auto$proc_rom.cc:150:do_switch$485$rdmux[0][6][14]$a$1467 [5:4] $memory$flatten\lut.$auto$proc_rom.cc:150:do_switch$485$rdmux[0][6][14]$a$1467 [2:0] } = { 8'00000111 $memory$flatten\lut.$auto$proc_rom.cc:150:do_switch$485$rdmux[0][6][14]$a$1467 [3] $memory$flatten\lut.$auto$proc_rom.cc:150:do_switch$485$rdmux[0][6][14]$a$1467 [3] $memory$flatten\lut.$auto$proc_rom.cc:150:do_switch$485$rdmux[0][6][14]$a$1467 [3] 3'011 }
    Consolidated identical input bits for $mux cell $memory$flatten\lut.$auto$proc_rom.cc:150:do_switch$485$rdmux[0][7][27]$1697:
      Old ports: A=16'0000100011000010, B=16'0000100000111011, Y=$memory$flatten\lut.$auto$proc_rom.cc:150:do_switch$485$rdmux[0][6][13]$b$1465
      New ports: A=2'10, B=2'01, Y={ $memory$flatten\lut.$auto$proc_rom.cc:150:do_switch$485$rdmux[0][6][13]$b$1465 [6] $memory$flatten\lut.$auto$proc_rom.cc:150:do_switch$485$rdmux[0][6][13]$b$1465 [0] }
      New connections: { $memory$flatten\lut.$auto$proc_rom.cc:150:do_switch$485$rdmux[0][6][13]$b$1465 [15:7] $memory$flatten\lut.$auto$proc_rom.cc:150:do_switch$485$rdmux[0][6][13]$b$1465 [5:1] } = { 8'00001000 $memory$flatten\lut.$auto$proc_rom.cc:150:do_switch$485$rdmux[0][6][13]$b$1465 [6] $memory$flatten\lut.$auto$proc_rom.cc:150:do_switch$485$rdmux[0][6][13]$b$1465 [0] $memory$flatten\lut.$auto$proc_rom.cc:150:do_switch$485$rdmux[0][6][13]$b$1465 [0] $memory$flatten\lut.$auto$proc_rom.cc:150:do_switch$485$rdmux[0][6][13]$b$1465 [0] 2'01 }
    Consolidated identical input bits for $mux cell $memory$flatten\lut.$auto$proc_rom.cc:150:do_switch$485$rdmux[0][7][26]$1694:
      Old ports: A=16'0000100111101101, B=16'0000100101010011, Y=$memory$flatten\lut.$auto$proc_rom.cc:150:do_switch$485$rdmux[0][6][13]$a$1464
      New ports: A=2'10, B=2'01, Y=$memory$flatten\lut.$auto$proc_rom.cc:150:do_switch$485$rdmux[0][6][13]$a$1464 [2:1]
      New connections: { $memory$flatten\lut.$auto$proc_rom.cc:150:do_switch$485$rdmux[0][6][13]$a$1464 [15:3] $memory$flatten\lut.$auto$proc_rom.cc:150:do_switch$485$rdmux[0][6][13]$a$1464 [0] } = { 8'00001001 $memory$flatten\lut.$auto$proc_rom.cc:150:do_switch$485$rdmux[0][6][13]$a$1464 [2] 1'1 $memory$flatten\lut.$auto$proc_rom.cc:150:do_switch$485$rdmux[0][6][13]$a$1464 [2:1] $memory$flatten\lut.$auto$proc_rom.cc:150:do_switch$485$rdmux[0][6][13]$a$1464 [2] 1'1 }
    Consolidated identical input bits for $mux cell $memory$flatten\lut.$auto$proc_rom.cc:150:do_switch$485$rdmux[0][7][25]$1691:
      Old ports: A=16'0000101100111111, B=16'0000101010010001, Y=$memory$flatten\lut.$auto$proc_rom.cc:150:do_switch$485$rdmux[0][6][12]$b$1462
      New ports: A=2'01, B=2'10, Y={ $memory$flatten\lut.$auto$proc_rom.cc:150:do_switch$485$rdmux[0][6][12]$b$1462 [7] $memory$flatten\lut.$auto$proc_rom.cc:150:do_switch$485$rdmux[0][6][12]$b$1462 [1] }
      New connections: { $memory$flatten\lut.$auto$proc_rom.cc:150:do_switch$485$rdmux[0][6][12]$b$1462 [15:8] $memory$flatten\lut.$auto$proc_rom.cc:150:do_switch$485$rdmux[0][6][12]$b$1462 [6:2] $memory$flatten\lut.$auto$proc_rom.cc:150:do_switch$485$rdmux[0][6][12]$b$1462 [0] } = { 7'0000101 $memory$flatten\lut.$auto$proc_rom.cc:150:do_switch$485$rdmux[0][6][12]$b$1462 [1] 1'0 $memory$flatten\lut.$auto$proc_rom.cc:150:do_switch$485$rdmux[0][6][12]$b$1462 [1] 1'1 $memory$flatten\lut.$auto$proc_rom.cc:150:do_switch$485$rdmux[0][6][12]$b$1462 [1] $memory$flatten\lut.$auto$proc_rom.cc:150:do_switch$485$rdmux[0][6][12]$b$1462 [1] 1'1 }
    Consolidated identical input bits for $mux cell $memory$flatten\lut.$auto$proc_rom.cc:150:do_switch$485$rdmux[0][7][24]$1688:
      Old ports: A=16'0000110010111111, B=16'0000101111111001, Y=$memory$flatten\lut.$auto$proc_rom.cc:150:do_switch$485$rdmux[0][6][12]$a$1461
      New ports: A=2'01, B=2'10, Y={ $memory$flatten\lut.$auto$proc_rom.cc:150:do_switch$485$rdmux[0][6][12]$a$1461 [6] $memory$flatten\lut.$auto$proc_rom.cc:150:do_switch$485$rdmux[0][6][12]$a$1461 [1] }
      New connections: { $memory$flatten\lut.$auto$proc_rom.cc:150:do_switch$485$rdmux[0][6][12]$a$1461 [15:7] $memory$flatten\lut.$auto$proc_rom.cc:150:do_switch$485$rdmux[0][6][12]$a$1461 [5:2] $memory$flatten\lut.$auto$proc_rom.cc:150:do_switch$485$rdmux[0][6][12]$a$1461 [0] } = { 5'00001 $memory$flatten\lut.$auto$proc_rom.cc:150:do_switch$485$rdmux[0][6][12]$a$1461 [1] $memory$flatten\lut.$auto$proc_rom.cc:150:do_switch$485$rdmux[0][6][12]$a$1461 [6] $memory$flatten\lut.$auto$proc_rom.cc:150:do_switch$485$rdmux[0][6][12]$a$1461 [6] 4'1111 $memory$flatten\lut.$auto$proc_rom.cc:150:do_switch$485$rdmux[0][6][12]$a$1461 [1] 1'1 }
    Consolidated identical input bits for $mux cell $memory$flatten\lut.$auto$proc_rom.cc:150:do_switch$485$rdmux[0][7][23]$1685:
      Old ports: A=16'0000111001110001, B=16'0000110110010001, Y=$memory$flatten\lut.$auto$proc_rom.cc:150:do_switch$485$rdmux[0][6][11]$b$1459
      New ports: A=2'01, B=2'10, Y={ $memory$flatten\lut.$auto$proc_rom.cc:150:do_switch$485$rdmux[0][6][11]$b$1459 [7] $memory$flatten\lut.$auto$proc_rom.cc:150:do_switch$485$rdmux[0][6][11]$b$1459 [5] }
      New connections: { $memory$flatten\lut.$auto$proc_rom.cc:150:do_switch$485$rdmux[0][6][11]$b$1459 [15:8] $memory$flatten\lut.$auto$proc_rom.cc:150:do_switch$485$rdmux[0][6][11]$b$1459 [6] $memory$flatten\lut.$auto$proc_rom.cc:150:do_switch$485$rdmux[0][6][11]$b$1459 [4:0] } = { 6'000011 $memory$flatten\lut.$auto$proc_rom.cc:150:do_switch$485$rdmux[0][6][11]$b$1459 [5] $memory$flatten\lut.$auto$proc_rom.cc:150:do_switch$485$rdmux[0][6][11]$b$1459 [7] $memory$flatten\lut.$auto$proc_rom.cc:150:do_switch$485$rdmux[0][6][11]$b$1459 [5] 5'10001 }
    Consolidated identical input bits for $mux cell $memory$flatten\lut.$auto$proc_rom.cc:150:do_switch$485$rdmux[0][7][22]$1682:
      Old ports: A=16'0001000001011110, B=16'0000111101100000, Y=$memory$flatten\lut.$auto$proc_rom.cc:150:do_switch$485$rdmux[0][6][11]$a$1458
      New ports: A=2'01, B=2'10, Y={ $memory$flatten\lut.$auto$proc_rom.cc:150:do_switch$485$rdmux[0][6][11]$a$1458 [5] $memory$flatten\lut.$auto$proc_rom.cc:150:do_switch$485$rdmux[0][6][11]$a$1458 [1] }
      New connections: { $memory$flatten\lut.$auto$proc_rom.cc:150:do_switch$485$rdmux[0][6][11]$a$1458 [15:6] $memory$flatten\lut.$auto$proc_rom.cc:150:do_switch$485$rdmux[0][6][11]$a$1458 [4:2] $memory$flatten\lut.$auto$proc_rom.cc:150:do_switch$485$rdmux[0][6][11]$a$1458 [0] } = { 3'000 $memory$flatten\lut.$auto$proc_rom.cc:150:do_switch$485$rdmux[0][6][11]$a$1458 [1] $memory$flatten\lut.$auto$proc_rom.cc:150:do_switch$485$rdmux[0][6][11]$a$1458 [5] $memory$flatten\lut.$auto$proc_rom.cc:150:do_switch$485$rdmux[0][6][11]$a$1458 [5] $memory$flatten\lut.$auto$proc_rom.cc:150:do_switch$485$rdmux[0][6][11]$a$1458 [5] $memory$flatten\lut.$auto$proc_rom.cc:150:do_switch$485$rdmux[0][6][11]$a$1458 [5] 2'01 $memory$flatten\lut.$auto$proc_rom.cc:150:do_switch$485$rdmux[0][6][11]$a$1458 [1] $memory$flatten\lut.$auto$proc_rom.cc:150:do_switch$485$rdmux[0][6][11]$a$1458 [1] $memory$flatten\lut.$auto$proc_rom.cc:150:do_switch$485$rdmux[0][6][11]$a$1458 [1] 1'0 }
    Consolidated identical input bits for $mux cell $memory$flatten\lut.$auto$proc_rom.cc:150:do_switch$485$rdmux[0][7][21]$1679:
      Old ports: A=16'0001001010001011, B=16'0001000101101100, Y=$memory$flatten\lut.$auto$proc_rom.cc:150:do_switch$485$rdmux[0][6][10]$b$1456
      New ports: A=2'01, B=2'10, Y={ $memory$flatten\lut.$auto$proc_rom.cc:150:do_switch$485$rdmux[0][6][10]$b$1456 [2] $memory$flatten\lut.$auto$proc_rom.cc:150:do_switch$485$rdmux[0][6][10]$b$1456 [0] }
      New connections: { $memory$flatten\lut.$auto$proc_rom.cc:150:do_switch$485$rdmux[0][6][10]$b$1456 [15:3] $memory$flatten\lut.$auto$proc_rom.cc:150:do_switch$485$rdmux[0][6][10]$b$1456 [1] } = { 6'000100 $memory$flatten\lut.$auto$proc_rom.cc:150:do_switch$485$rdmux[0][6][10]$b$1456 [0] $memory$flatten\lut.$auto$proc_rom.cc:150:do_switch$485$rdmux[0][6][10]$b$1456 [2] $memory$flatten\lut.$auto$proc_rom.cc:150:do_switch$485$rdmux[0][6][10]$b$1456 [0] $memory$flatten\lut.$auto$proc_rom.cc:150:do_switch$485$rdmux[0][6][10]$b$1456 [2] $memory$flatten\lut.$auto$proc_rom.cc:150:do_switch$485$rdmux[0][6][10]$b$1456 [2] 2'01 $memory$flatten\lut.$auto$proc_rom.cc:150:do_switch$485$rdmux[0][6][10]$b$1456 [0] }
    Consolidated identical input bits for $mux cell $memory$flatten\lut.$auto$proc_rom.cc:150:do_switch$485$rdmux[0][7][20]$1676:
      Old ports: A=16'0001010100000011, B=16'0001001110111110, Y=$memory$flatten\lut.$auto$proc_rom.cc:150:do_switch$485$rdmux[0][6][10]$a$1455
      New ports: A=2'01, B=2'10, Y={ $memory$flatten\lut.$auto$proc_rom.cc:150:do_switch$485$rdmux[0][6][10]$a$1455 [2] $memory$flatten\lut.$auto$proc_rom.cc:150:do_switch$485$rdmux[0][6][10]$a$1455 [0] }
      New connections: { $memory$flatten\lut.$auto$proc_rom.cc:150:do_switch$485$rdmux[0][6][10]$a$1455 [15:3] $memory$flatten\lut.$auto$proc_rom.cc:150:do_switch$485$rdmux[0][6][10]$a$1455 [1] } = { 5'00010 $memory$flatten\lut.$auto$proc_rom.cc:150:do_switch$485$rdmux[0][6][10]$a$1455 [0] $memory$flatten\lut.$auto$proc_rom.cc:150:do_switch$485$rdmux[0][6][10]$a$1455 [2] 1'1 $memory$flatten\lut.$auto$proc_rom.cc:150:do_switch$485$rdmux[0][6][10]$a$1455 [2] 1'0 $memory$flatten\lut.$auto$proc_rom.cc:150:do_switch$485$rdmux[0][6][10]$a$1455 [2] $memory$flatten\lut.$auto$proc_rom.cc:150:do_switch$485$rdmux[0][6][10]$a$1455 [2] $memory$flatten\lut.$auto$proc_rom.cc:150:do_switch$485$rdmux[0][6][10]$a$1455 [2] 1'1 }
    Consolidated identical input bits for $mux cell $memory$flatten\lut.$auto$proc_rom.cc:150:do_switch$485$rdmux[0][7][19]$1673:
      Old ports: A=16'0001011111010000, B=16'0001011001011110, Y=$memory$flatten\lut.$auto$proc_rom.cc:150:do_switch$485$rdmux[0][6][9]$b$1453
      New ports: A=2'10, B=2'01, Y={ $memory$flatten\lut.$auto$proc_rom.cc:150:do_switch$485$rdmux[0][6][9]$b$1453 [7] $memory$flatten\lut.$auto$proc_rom.cc:150:do_switch$485$rdmux[0][6][9]$b$1453 [1] }
      New connections: { $memory$flatten\lut.$auto$proc_rom.cc:150:do_switch$485$rdmux[0][6][9]$b$1453 [15:8] $memory$flatten\lut.$auto$proc_rom.cc:150:do_switch$485$rdmux[0][6][9]$b$1453 [6:2] $memory$flatten\lut.$auto$proc_rom.cc:150:do_switch$485$rdmux[0][6][9]$b$1453 [0] } = { 7'0001011 $memory$flatten\lut.$auto$proc_rom.cc:150:do_switch$485$rdmux[0][6][9]$b$1453 [7] 3'101 $memory$flatten\lut.$auto$proc_rom.cc:150:do_switch$485$rdmux[0][6][9]$b$1453 [1] $memory$flatten\lut.$auto$proc_rom.cc:150:do_switch$485$rdmux[0][6][9]$b$1453 [1] 1'0 }
    Consolidated identical input bits for $mux cell $memory$flatten\lut.$auto$proc_rom.cc:150:do_switch$485$rdmux[0][7][18]$1670:
      Old ports: A=16'0001101011111011, B=16'0001100101011001, Y=$memory$flatten\lut.$auto$proc_rom.cc:150:do_switch$485$rdmux[0][6][9]$a$1452
      New ports: A=2'01, B=2'10, Y={ $memory$flatten\lut.$auto$proc_rom.cc:150:do_switch$485$rdmux[0][6][9]$a$1452 [8] $memory$flatten\lut.$auto$proc_rom.cc:150:do_switch$485$rdmux[0][6][9]$a$1452 [1] }
      New connections: { $memory$flatten\lut.$auto$proc_rom.cc:150:do_switch$485$rdmux[0][6][9]$a$1452 [15:9] $memory$flatten\lut.$auto$proc_rom.cc:150:do_switch$485$rdmux[0][6][9]$a$1452 [7:2] $memory$flatten\lut.$auto$proc_rom.cc:150:do_switch$485$rdmux[0][6][9]$a$1452 [0] } = { 6'000110 $memory$flatten\lut.$auto$proc_rom.cc:150:do_switch$485$rdmux[0][6][9]$a$1452 [1] $memory$flatten\lut.$auto$proc_rom.cc:150:do_switch$485$rdmux[0][6][9]$a$1452 [1] 1'1 $memory$flatten\lut.$auto$proc_rom.cc:150:do_switch$485$rdmux[0][6][9]$a$1452 [1] 4'1101 }
    Consolidated identical input bits for $mux cell $memory$flatten\lut.$auto$proc_rom.cc:150:do_switch$485$rdmux[0][7][17]$1667:
      Old ports: A=16'0001111010010011, B=16'0001110010111001, Y=$memory$flatten\lut.$auto$proc_rom.cc:150:do_switch$485$rdmux[0][6][8]$b$1450
      New ports: A=2'01, B=2'10, Y={ $memory$flatten\lut.$auto$proc_rom.cc:150:do_switch$485$rdmux[0][6][8]$b$1450 [3] $memory$flatten\lut.$auto$proc_rom.cc:150:do_switch$485$rdmux[0][6][8]$b$1450 [1] }
      New connections: { $memory$flatten\lut.$auto$proc_rom.cc:150:do_switch$485$rdmux[0][6][8]$b$1450 [15:4] $memory$flatten\lut.$auto$proc_rom.cc:150:do_switch$485$rdmux[0][6][8]$b$1450 [2] $memory$flatten\lut.$auto$proc_rom.cc:150:do_switch$485$rdmux[0][6][8]$b$1450 [0] } = { 6'000111 $memory$flatten\lut.$auto$proc_rom.cc:150:do_switch$485$rdmux[0][6][8]$b$1450 [1] 3'010 $memory$flatten\lut.$auto$proc_rom.cc:150:do_switch$485$rdmux[0][6][8]$b$1450 [3] 3'101 }
    Consolidated identical input bits for $mux cell $memory$flatten\lut.$auto$proc_rom.cc:150:do_switch$485$rdmux[0][7][16]$1664:
      Old ports: A=16'0010001010100101, B=16'0010000010001100, Y=$memory$flatten\lut.$auto$proc_rom.cc:150:do_switch$485$rdmux[0][6][8]$a$1449
      New ports: A=2'01, B=2'10, Y={ $memory$flatten\lut.$auto$proc_rom.cc:150:do_switch$485$rdmux[0][6][8]$a$1449 [3] $memory$flatten\lut.$auto$proc_rom.cc:150:do_switch$485$rdmux[0][6][8]$a$1449 [0] }
      New connections: { $memory$flatten\lut.$auto$proc_rom.cc:150:do_switch$485$rdmux[0][6][8]$a$1449 [15:4] $memory$flatten\lut.$auto$proc_rom.cc:150:do_switch$485$rdmux[0][6][8]$a$1449 [2:1] } = { 6'001000 $memory$flatten\lut.$auto$proc_rom.cc:150:do_switch$485$rdmux[0][6][8]$a$1449 [0] 3'010 $memory$flatten\lut.$auto$proc_rom.cc:150:do_switch$485$rdmux[0][6][8]$a$1449 [0] 3'010 }
    Consolidated identical input bits for $mux cell $memory$flatten\lut.$auto$proc_rom.cc:150:do_switch$485$rdmux[0][7][15]$1661:
      Old ports: A=16'0010011101000010, B=16'0010010011100001, Y=$memory$flatten\lut.$auto$proc_rom.cc:150:do_switch$485$rdmux[0][6][7]$b$1447
      New ports: A=2'10, B=2'01, Y=$memory$flatten\lut.$auto$proc_rom.cc:150:do_switch$485$rdmux[0][6][7]$b$1447 [1:0]
      New connections: $memory$flatten\lut.$auto$proc_rom.cc:150:do_switch$485$rdmux[0][6][7]$b$1447 [15:2] = { 6'001001 $memory$flatten\lut.$auto$proc_rom.cc:150:do_switch$485$rdmux[0][6][7]$b$1447 [1] $memory$flatten\lut.$auto$proc_rom.cc:150:do_switch$485$rdmux[0][6][7]$b$1447 [1:0] 1'1 $memory$flatten\lut.$auto$proc_rom.cc:150:do_switch$485$rdmux[0][6][7]$b$1447 [0] 3'000 }
    Consolidated identical input bits for $mux cell $memory$flatten\lut.$auto$proc_rom.cc:150:do_switch$485$rdmux[0][7][14]$1658:
      Old ports: A=16'0010110001111100, B=16'0010100111001010, Y=$memory$flatten\lut.$auto$proc_rom.cc:150:do_switch$485$rdmux[0][6][7]$a$1446
      New ports: A=2'10, B=2'01, Y=$memory$flatten\lut.$auto$proc_rom.cc:150:do_switch$485$rdmux[0][6][7]$a$1446 [2:1]
      New connections: { $memory$flatten\lut.$auto$proc_rom.cc:150:do_switch$485$rdmux[0][6][7]$a$1446 [15:3] $memory$flatten\lut.$auto$proc_rom.cc:150:do_switch$485$rdmux[0][6][7]$a$1446 [0] } = { 5'00101 $memory$flatten\lut.$auto$proc_rom.cc:150:do_switch$485$rdmux[0][6][7]$a$1446 [2] 1'0 $memory$flatten\lut.$auto$proc_rom.cc:150:do_switch$485$rdmux[0][6][7]$a$1446 [1] $memory$flatten\lut.$auto$proc_rom.cc:150:do_switch$485$rdmux[0][6][7]$a$1446 [1] 1'1 $memory$flatten\lut.$auto$proc_rom.cc:150:do_switch$485$rdmux[0][6][7]$a$1446 [2] $memory$flatten\lut.$auto$proc_rom.cc:150:do_switch$485$rdmux[0][6][7]$a$1446 [2] 2'10 }
    Consolidated identical input bits for $mux cell $memory$flatten\lut.$auto$proc_rom.cc:150:do_switch$485$rdmux[0][7][13]$1655:
      Old ports: A=16'0011001001101001, B=16'0010111101011011, Y=$memory$flatten\lut.$auto$proc_rom.cc:150:do_switch$485$rdmux[0][6][6]$b$1444
      New ports: A=2'10, B=2'01, Y={ $memory$flatten\lut.$auto$proc_rom.cc:150:do_switch$485$rdmux[0][6][6]$b$1444 [5] $memory$flatten\lut.$auto$proc_rom.cc:150:do_switch$485$rdmux[0][6][6]$b$1444 [1] }
      New connections: { $memory$flatten\lut.$auto$proc_rom.cc:150:do_switch$485$rdmux[0][6][6]$b$1444 [15:6] $memory$flatten\lut.$auto$proc_rom.cc:150:do_switch$485$rdmux[0][6][6]$b$1444 [4:2] $memory$flatten\lut.$auto$proc_rom.cc:150:do_switch$485$rdmux[0][6][6]$b$1444 [0] } = { 3'001 $memory$flatten\lut.$auto$proc_rom.cc:150:do_switch$485$rdmux[0][6][6]$b$1444 [5] $memory$flatten\lut.$auto$proc_rom.cc:150:do_switch$485$rdmux[0][6][6]$b$1444 [1] $memory$flatten\lut.$auto$proc_rom.cc:150:do_switch$485$rdmux[0][6][6]$b$1444 [1] 1'1 $memory$flatten\lut.$auto$proc_rom.cc:150:do_switch$485$rdmux[0][6][6]$b$1444 [1] 2'01 $memory$flatten\lut.$auto$proc_rom.cc:150:do_switch$485$rdmux[0][6][6]$b$1444 [1] 3'101 }
    Consolidated identical input bits for $mux cell $memory$flatten\lut.$auto$proc_rom.cc:150:do_switch$485$rdmux[0][7][12]$1652:
      Old ports: A=16'0011100100011111, B=16'0011010110101001, Y=$memory$flatten\lut.$auto$proc_rom.cc:150:do_switch$485$rdmux[0][6][6]$a$1443
      New ports: A=2'01, B=2'10, Y={ $memory$flatten\lut.$auto$proc_rom.cc:150:do_switch$485$rdmux[0][6][6]$a$1443 [5] $memory$flatten\lut.$auto$proc_rom.cc:150:do_switch$485$rdmux[0][6][6]$a$1443 [1] }
      New connections: { $memory$flatten\lut.$auto$proc_rom.cc:150:do_switch$485$rdmux[0][6][6]$a$1443 [15:6] $memory$flatten\lut.$auto$proc_rom.cc:150:do_switch$485$rdmux[0][6][6]$a$1443 [4:2] $memory$flatten\lut.$auto$proc_rom.cc:150:do_switch$485$rdmux[0][6][6]$a$1443 [0] } = { 4'0011 $memory$flatten\lut.$auto$proc_rom.cc:150:do_switch$485$rdmux[0][6][6]$a$1443 [1] $memory$flatten\lut.$auto$proc_rom.cc:150:do_switch$485$rdmux[0][6][6]$a$1443 [5] 2'01 $memory$flatten\lut.$auto$proc_rom.cc:150:do_switch$485$rdmux[0][6][6]$a$1443 [5] 1'0 $memory$flatten\lut.$auto$proc_rom.cc:150:do_switch$485$rdmux[0][6][6]$a$1443 [1] 1'1 $memory$flatten\lut.$auto$proc_rom.cc:150:do_switch$485$rdmux[0][6][6]$a$1443 [1] 1'1 }
    Consolidated identical input bits for $mux cell $memory$flatten\lut.$auto$proc_rom.cc:150:do_switch$485$rdmux[0][7][11]$1649:
      Old ports: A=16'0100000010111010, B=16'0011110011001110, Y=$memory$flatten\lut.$auto$proc_rom.cc:150:do_switch$485$rdmux[0][6][5]$b$1441
      New ports: A=2'10, B=2'01, Y={ $memory$flatten\lut.$auto$proc_rom.cc:150:do_switch$485$rdmux[0][6][5]$b$1441 [4] $memory$flatten\lut.$auto$proc_rom.cc:150:do_switch$485$rdmux[0][6][5]$b$1441 [2] }
      New connections: { $memory$flatten\lut.$auto$proc_rom.cc:150:do_switch$485$rdmux[0][6][5]$b$1441 [15:5] $memory$flatten\lut.$auto$proc_rom.cc:150:do_switch$485$rdmux[0][6][5]$b$1441 [3] $memory$flatten\lut.$auto$proc_rom.cc:150:do_switch$485$rdmux[0][6][5]$b$1441 [1:0] } = { 1'0 $memory$flatten\lut.$auto$proc_rom.cc:150:do_switch$485$rdmux[0][6][5]$b$1441 [4] $memory$flatten\lut.$auto$proc_rom.cc:150:do_switch$485$rdmux[0][6][5]$b$1441 [2] $memory$flatten\lut.$auto$proc_rom.cc:150:do_switch$485$rdmux[0][6][5]$b$1441 [2] $memory$flatten\lut.$auto$proc_rom.cc:150:do_switch$485$rdmux[0][6][5]$b$1441 [2] $memory$flatten\lut.$auto$proc_rom.cc:150:do_switch$485$rdmux[0][6][5]$b$1441 [2] 3'001 $memory$flatten\lut.$auto$proc_rom.cc:150:do_switch$485$rdmux[0][6][5]$b$1441 [2] $memory$flatten\lut.$auto$proc_rom.cc:150:do_switch$485$rdmux[0][6][5]$b$1441 [4] 3'110 }
    Consolidated identical input bits for $mux cell $memory$flatten\lut.$auto$proc_rom.cc:150:do_switch$485$rdmux[0][7][10]$1646:
      Old ports: A=16'0100100101011000, B=16'0100010011100111, Y=$memory$flatten\lut.$auto$proc_rom.cc:150:do_switch$485$rdmux[0][6][5]$a$1440
      New ports: A=2'10, B=2'01, Y={ $memory$flatten\lut.$auto$proc_rom.cc:150:do_switch$485$rdmux[0][6][5]$a$1440 [3] $memory$flatten\lut.$auto$proc_rom.cc:150:do_switch$485$rdmux[0][6][5]$a$1440 [0] }
      New connections: { $memory$flatten\lut.$auto$proc_rom.cc:150:do_switch$485$rdmux[0][6][5]$a$1440 [15:4] $memory$flatten\lut.$auto$proc_rom.cc:150:do_switch$485$rdmux[0][6][5]$a$1440 [2:1] } = { 4'0100 $memory$flatten\lut.$auto$proc_rom.cc:150:do_switch$485$rdmux[0][6][5]$a$1440 [3] $memory$flatten\lut.$auto$proc_rom.cc:150:do_switch$485$rdmux[0][6][5]$a$1440 [0] 1'0 $memory$flatten\lut.$auto$proc_rom.cc:150:do_switch$485$rdmux[0][6][5]$a$1440 [3] $memory$flatten\lut.$auto$proc_rom.cc:150:do_switch$485$rdmux[0][6][5]$a$1440 [0] 1'1 $memory$flatten\lut.$auto$proc_rom.cc:150:do_switch$485$rdmux[0][6][5]$a$1440 [0] $memory$flatten\lut.$auto$proc_rom.cc:150:do_switch$485$rdmux[0][6][5]$a$1440 [3] $memory$flatten\lut.$auto$proc_rom.cc:150:do_switch$485$rdmux[0][6][5]$a$1440 [0] $memory$flatten\lut.$auto$proc_rom.cc:150:do_switch$485$rdmux[0][6][5]$a$1440 [0] }
    Consolidated identical input bits for $mux cell $memory$flatten\lut.$auto$proc_rom.cc:150:do_switch$485$rdmux[0][7][9]$1643:
      Old ports: A=16'0101001100011100, B=16'0100111000010011, Y=$memory$flatten\lut.$auto$proc_rom.cc:150:do_switch$485$rdmux[0][6][4]$b$1438
      New ports: A=2'10, B=2'01, Y={ $memory$flatten\lut.$auto$proc_rom.cc:150:do_switch$485$rdmux[0][6][4]$b$1438 [2] $memory$flatten\lut.$auto$proc_rom.cc:150:do_switch$485$rdmux[0][6][4]$b$1438 [0] }
      New connections: { $memory$flatten\lut.$auto$proc_rom.cc:150:do_switch$485$rdmux[0][6][4]$b$1438 [15:3] $memory$flatten\lut.$auto$proc_rom.cc:150:do_switch$485$rdmux[0][6][4]$b$1438 [1] } = { 3'010 $memory$flatten\lut.$auto$proc_rom.cc:150:do_switch$485$rdmux[0][6][4]$b$1438 [2] $memory$flatten\lut.$auto$proc_rom.cc:150:do_switch$485$rdmux[0][6][4]$b$1438 [0] $memory$flatten\lut.$auto$proc_rom.cc:150:do_switch$485$rdmux[0][6][4]$b$1438 [0] 1'1 $memory$flatten\lut.$auto$proc_rom.cc:150:do_switch$485$rdmux[0][6][4]$b$1438 [2] 4'0001 $memory$flatten\lut.$auto$proc_rom.cc:150:do_switch$485$rdmux[0][6][4]$b$1438 [2] $memory$flatten\lut.$auto$proc_rom.cc:150:do_switch$485$rdmux[0][6][4]$b$1438 [0] }
    Consolidated identical input bits for $mux cell $memory$flatten\lut.$auto$proc_rom.cc:150:do_switch$485$rdmux[0][7][8]$1640:
      Old ports: A=16'0101111000101101, B=16'0101100001111000, Y=$memory$flatten\lut.$auto$proc_rom.cc:150:do_switch$485$rdmux[0][6][4]$a$1437
      New ports: A=2'01, B=2'10, Y={ $memory$flatten\lut.$auto$proc_rom.cc:150:do_switch$485$rdmux[0][6][4]$a$1437 [4] $memory$flatten\lut.$auto$proc_rom.cc:150:do_switch$485$rdmux[0][6][4]$a$1437 [0] }
      New connections: { $memory$flatten\lut.$auto$proc_rom.cc:150:do_switch$485$rdmux[0][6][4]$a$1437 [15:5] $memory$flatten\lut.$auto$proc_rom.cc:150:do_switch$485$rdmux[0][6][4]$a$1437 [3:1] } = { 5'01011 $memory$flatten\lut.$auto$proc_rom.cc:150:do_switch$485$rdmux[0][6][4]$a$1437 [0] $memory$flatten\lut.$auto$proc_rom.cc:150:do_switch$485$rdmux[0][6][4]$a$1437 [0] 2'00 $memory$flatten\lut.$auto$proc_rom.cc:150:do_switch$485$rdmux[0][6][4]$a$1437 [4] 2'11 $memory$flatten\lut.$auto$proc_rom.cc:150:do_switch$485$rdmux[0][6][4]$a$1437 [0] 1'0 }
    Consolidated identical input bits for $mux cell $memory$flatten\lut.$auto$proc_rom.cc:150:do_switch$485$rdmux[0][7][7]$1637:
      Old ports: A=16'0110101010110111, B=16'0110010001000000, Y=$memory$flatten\lut.$auto$proc_rom.cc:150:do_switch$485$rdmux[0][6][3]$b$1435
      New ports: A=2'01, B=2'10, Y={ $memory$flatten\lut.$auto$proc_rom.cc:150:do_switch$485$rdmux[0][6][3]$b$1435 [6] $memory$flatten\lut.$auto$proc_rom.cc:150:do_switch$485$rdmux[0][6][3]$b$1435 [0] }
      New connections: { $memory$flatten\lut.$auto$proc_rom.cc:150:do_switch$485$rdmux[0][6][3]$b$1435 [15:7] $memory$flatten\lut.$auto$proc_rom.cc:150:do_switch$485$rdmux[0][6][3]$b$1435 [5:1] } = { 4'0110 $memory$flatten\lut.$auto$proc_rom.cc:150:do_switch$485$rdmux[0][6][3]$b$1435 [0] $memory$flatten\lut.$auto$proc_rom.cc:150:do_switch$485$rdmux[0][6][3]$b$1435 [6] $memory$flatten\lut.$auto$proc_rom.cc:150:do_switch$485$rdmux[0][6][3]$b$1435 [0] 1'0 $memory$flatten\lut.$auto$proc_rom.cc:150:do_switch$485$rdmux[0][6][3]$b$1435 [0] $memory$flatten\lut.$auto$proc_rom.cc:150:do_switch$485$rdmux[0][6][3]$b$1435 [0] $memory$flatten\lut.$auto$proc_rom.cc:150:do_switch$485$rdmux[0][6][3]$b$1435 [0] 1'0 $memory$flatten\lut.$auto$proc_rom.cc:150:do_switch$485$rdmux[0][6][3]$b$1435 [0] $memory$flatten\lut.$auto$proc_rom.cc:150:do_switch$485$rdmux[0][6][3]$b$1435 [0] }
    Consolidated identical input bits for $mux cell $memory$flatten\lut.$auto$proc_rom.cc:150:do_switch$485$rdmux[0][7][6]$1634:
      Old ports: A=16'0111100011101101, B=16'0111000110011001, Y=$memory$flatten\lut.$auto$proc_rom.cc:150:do_switch$485$rdmux[0][6][3]$a$1434
      New ports: A=2'01, B=2'10, Y={ $memory$flatten\lut.$auto$proc_rom.cc:150:do_switch$485$rdmux[0][6][3]$a$1434 [4] $memory$flatten\lut.$auto$proc_rom.cc:150:do_switch$485$rdmux[0][6][3]$a$1434 [2] }
      New connections: { $memory$flatten\lut.$auto$proc_rom.cc:150:do_switch$485$rdmux[0][6][3]$a$1434 [15:5] $memory$flatten\lut.$auto$proc_rom.cc:150:do_switch$485$rdmux[0][6][3]$a$1434 [3] $memory$flatten\lut.$auto$proc_rom.cc:150:do_switch$485$rdmux[0][6][3]$a$1434 [1:0] } = { 4'0111 $memory$flatten\lut.$auto$proc_rom.cc:150:do_switch$485$rdmux[0][6][3]$a$1434 [2] 2'00 $memory$flatten\lut.$auto$proc_rom.cc:150:do_switch$485$rdmux[0][6][3]$a$1434 [4] 1'1 $memory$flatten\lut.$auto$proc_rom.cc:150:do_switch$485$rdmux[0][6][3]$a$1434 [2] $memory$flatten\lut.$auto$proc_rom.cc:150:do_switch$485$rdmux[0][6][3]$a$1434 [2] 3'101 }
    Consolidated identical input bits for $mux cell $memory$flatten\lut.$auto$proc_rom.cc:150:do_switch$485$rdmux[0][7][5]$1631:
      Old ports: A=16'1000100100000110, B=16'1000000010111001, Y=$memory$flatten\lut.$auto$proc_rom.cc:150:do_switch$485$rdmux[0][6][2]$b$1432
      New ports: A=2'10, B=2'01, Y=$memory$flatten\lut.$auto$proc_rom.cc:150:do_switch$485$rdmux[0][6][2]$b$1432 [1:0]
      New connections: $memory$flatten\lut.$auto$proc_rom.cc:150:do_switch$485$rdmux[0][6][2]$b$1432 [15:2] = { 4'1000 $memory$flatten\lut.$auto$proc_rom.cc:150:do_switch$485$rdmux[0][6][2]$b$1432 [1] 2'00 $memory$flatten\lut.$auto$proc_rom.cc:150:do_switch$485$rdmux[0][6][2]$b$1432 [1:0] 1'0 $memory$flatten\lut.$auto$proc_rom.cc:150:do_switch$485$rdmux[0][6][2]$b$1432 [0] $memory$flatten\lut.$auto$proc_rom.cc:150:do_switch$485$rdmux[0][6][2]$b$1432 [0] $memory$flatten\lut.$auto$proc_rom.cc:150:do_switch$485$rdmux[0][6][2]$b$1432 [0] $memory$flatten\lut.$auto$proc_rom.cc:150:do_switch$485$rdmux[0][6][2]$b$1432 [1] }
    Consolidated identical input bits for $mux cell $memory$flatten\lut.$auto$proc_rom.cc:150:do_switch$485$rdmux[0][7][4]$1628:
      Old ports: A=16'1001101101000101, B=16'1001000111011101, Y=$memory$flatten\lut.$auto$proc_rom.cc:150:do_switch$485$rdmux[0][6][2]$a$1431
      New ports: A=2'10, B=2'01, Y={ $memory$flatten\lut.$auto$proc_rom.cc:150:do_switch$485$rdmux[0][6][2]$a$1431 [9] $memory$flatten\lut.$auto$proc_rom.cc:150:do_switch$485$rdmux[0][6][2]$a$1431 [3] }
      New connections: { $memory$flatten\lut.$auto$proc_rom.cc:150:do_switch$485$rdmux[0][6][2]$a$1431 [15:10] $memory$flatten\lut.$auto$proc_rom.cc:150:do_switch$485$rdmux[0][6][2]$a$1431 [8:4] $memory$flatten\lut.$auto$proc_rom.cc:150:do_switch$485$rdmux[0][6][2]$a$1431 [2:0] } = { 4'1001 $memory$flatten\lut.$auto$proc_rom.cc:150:do_switch$485$rdmux[0][6][2]$a$1431 [9] 2'01 $memory$flatten\lut.$auto$proc_rom.cc:150:do_switch$485$rdmux[0][6][2]$a$1431 [3] 2'10 $memory$flatten\lut.$auto$proc_rom.cc:150:do_switch$485$rdmux[0][6][2]$a$1431 [3] 3'101 }
    Consolidated identical input bits for $mux cell $memory$flatten\lut.$auto$proc_rom.cc:150:do_switch$485$rdmux[0][7][3]$1625:
      Old ports: A=16'1010111111110010, B=16'1010010101001001, Y=$memory$flatten\lut.$auto$proc_rom.cc:150:do_switch$485$rdmux[0][6][1]$b$1429
      New ports: A=2'10, B=2'01, Y=$memory$flatten\lut.$auto$proc_rom.cc:150:do_switch$485$rdmux[0][6][1]$b$1429 [1:0]
      New connections: $memory$flatten\lut.$auto$proc_rom.cc:150:do_switch$485$rdmux[0][6][1]$b$1429 [15:2] = { 4'1010 $memory$flatten\lut.$auto$proc_rom.cc:150:do_switch$485$rdmux[0][6][1]$b$1429 [1] 1'1 $memory$flatten\lut.$auto$proc_rom.cc:150:do_switch$485$rdmux[0][6][1]$b$1429 [1] 1'1 $memory$flatten\lut.$auto$proc_rom.cc:150:do_switch$485$rdmux[0][6][1]$b$1429 [1] 1'1 $memory$flatten\lut.$auto$proc_rom.cc:150:do_switch$485$rdmux[0][6][1]$b$1429 [1] $memory$flatten\lut.$auto$proc_rom.cc:150:do_switch$485$rdmux[0][6][1]$b$1429 [1:0] 1'0 }
    Consolidated identical input bits for $mux cell $memory$flatten\lut.$auto$proc_rom.cc:150:do_switch$485$rdmux[0][7][2]$1622:
      Old ports: A=16'1100011101011111, B=16'1011101101001010, Y=$memory$flatten\lut.$auto$proc_rom.cc:150:do_switch$485$rdmux[0][6][1]$a$1428
      New ports: A=2'01, B=2'10, Y={ $memory$flatten\lut.$auto$proc_rom.cc:150:do_switch$485$rdmux[0][6][1]$a$1428 [11] $memory$flatten\lut.$auto$proc_rom.cc:150:do_switch$485$rdmux[0][6][1]$a$1428 [0] }
      New connections: { $memory$flatten\lut.$auto$proc_rom.cc:150:do_switch$485$rdmux[0][6][1]$a$1428 [15:12] $memory$flatten\lut.$auto$proc_rom.cc:150:do_switch$485$rdmux[0][6][1]$a$1428 [10:1] } = { 1'1 $memory$flatten\lut.$auto$proc_rom.cc:150:do_switch$485$rdmux[0][6][1]$a$1428 [0] $memory$flatten\lut.$auto$proc_rom.cc:150:do_switch$485$rdmux[0][6][1]$a$1428 [11] $memory$flatten\lut.$auto$proc_rom.cc:150:do_switch$485$rdmux[0][6][1]$a$1428 [11] $memory$flatten\lut.$auto$proc_rom.cc:150:do_switch$485$rdmux[0][6][1]$a$1428 [0] 5'11010 $memory$flatten\lut.$auto$proc_rom.cc:150:do_switch$485$rdmux[0][6][1]$a$1428 [0] 1'1 $memory$flatten\lut.$auto$proc_rom.cc:150:do_switch$485$rdmux[0][6][1]$a$1428 [0] 1'1 }
    Consolidated identical input bits for $mux cell $memory$flatten\lut.$auto$proc_rom.cc:150:do_switch$485$rdmux[0][7][1]$1619:
      Old ports: A=16'1110000111101010, B=16'1101010000111010, Y=$memory$flatten\lut.$auto$proc_rom.cc:150:do_switch$485$rdmux[0][6][0]$b$1426
      New ports: A=2'10, B=2'01, Y={ $memory$flatten\lut.$auto$proc_rom.cc:150:do_switch$485$rdmux[0][6][0]$b$1426 [6] $memory$flatten\lut.$auto$proc_rom.cc:150:do_switch$485$rdmux[0][6][0]$b$1426 [4] }
      New connections: { $memory$flatten\lut.$auto$proc_rom.cc:150:do_switch$485$rdmux[0][6][0]$b$1426 [15:7] $memory$flatten\lut.$auto$proc_rom.cc:150:do_switch$485$rdmux[0][6][0]$b$1426 [5] $memory$flatten\lut.$auto$proc_rom.cc:150:do_switch$485$rdmux[0][6][0]$b$1426 [3:0] } = { 2'11 $memory$flatten\lut.$auto$proc_rom.cc:150:do_switch$485$rdmux[0][6][0]$b$1426 [6] $memory$flatten\lut.$auto$proc_rom.cc:150:do_switch$485$rdmux[0][6][0]$b$1426 [4] 1'0 $memory$flatten\lut.$auto$proc_rom.cc:150:do_switch$485$rdmux[0][6][0]$b$1426 [4] 1'0 $memory$flatten\lut.$auto$proc_rom.cc:150:do_switch$485$rdmux[0][6][0]$b$1426 [6] $memory$flatten\lut.$auto$proc_rom.cc:150:do_switch$485$rdmux[0][6][0]$b$1426 [6] 5'11010 }
    Consolidated identical input bits for $mux cell $memory$flatten\lut.$auto$proc_rom.cc:150:do_switch$485$rdmux[0][7][0]$1616:
      Old ports: A=16'1111111111111111, B=16'1111000001111100, Y=$memory$flatten\lut.$auto$proc_rom.cc:150:do_switch$485$rdmux[0][6][0]$a$1425
      New ports: A=1'1, B=1'0, Y=$memory$flatten\lut.$auto$proc_rom.cc:150:do_switch$485$rdmux[0][6][0]$a$1425 [0]
      New connections: $memory$flatten\lut.$auto$proc_rom.cc:150:do_switch$485$rdmux[0][6][0]$a$1425 [15:1] = { 4'1111 $memory$flatten\lut.$auto$proc_rom.cc:150:do_switch$485$rdmux[0][6][0]$a$1425 [0] $memory$flatten\lut.$auto$proc_rom.cc:150:do_switch$485$rdmux[0][6][0]$a$1425 [0] $memory$flatten\lut.$auto$proc_rom.cc:150:do_switch$485$rdmux[0][6][0]$a$1425 [0] $memory$flatten\lut.$auto$proc_rom.cc:150:do_switch$485$rdmux[0][6][0]$a$1425 [0] $memory$flatten\lut.$auto$proc_rom.cc:150:do_switch$485$rdmux[0][6][0]$a$1425 [0] 5'11111 $memory$flatten\lut.$auto$proc_rom.cc:150:do_switch$485$rdmux[0][6][0]$a$1425 [0] }
    Consolidated identical input bits for $mux cell $memory$flatten\lut.$auto$proc_rom.cc:150:do_switch$485$rdmux[0][7][51]$1769:
      Old ports: A=16'0000000001110000, B=16'0000000001101001, Y=$memory$flatten\lut.$auto$proc_rom.cc:150:do_switch$485$rdmux[0][6][25]$b$1501
      New ports: A=2'10, B=2'01, Y={ $memory$flatten\lut.$auto$proc_rom.cc:150:do_switch$485$rdmux[0][6][25]$b$1501 [4] $memory$flatten\lut.$auto$proc_rom.cc:150:do_switch$485$rdmux[0][6][25]$b$1501 [0] }
      New connections: { $memory$flatten\lut.$auto$proc_rom.cc:150:do_switch$485$rdmux[0][6][25]$b$1501 [15:5] $memory$flatten\lut.$auto$proc_rom.cc:150:do_switch$485$rdmux[0][6][25]$b$1501 [3:1] } = { 11'00000000011 $memory$flatten\lut.$auto$proc_rom.cc:150:do_switch$485$rdmux[0][6][25]$b$1501 [0] 2'00 }
    Consolidated identical input bits for $mux cell $memory$flatten\lut.$auto$proc_rom.cc:150:do_switch$485$rdmux[0][7][58]$1790:
      Old ports: A=16'0000000000101111, B=16'0000000000101100, Y=$memory$flatten\lut.$auto$proc_rom.cc:150:do_switch$485$rdmux[0][6][29]$a$1512
      New ports: A=1'1, B=1'0, Y=$memory$flatten\lut.$auto$proc_rom.cc:150:do_switch$485$rdmux[0][6][29]$a$1512 [0]
      New connections: $memory$flatten\lut.$auto$proc_rom.cc:150:do_switch$485$rdmux[0][6][29]$a$1512 [15:1] = { 14'00000000001011 $memory$flatten\lut.$auto$proc_rom.cc:150:do_switch$485$rdmux[0][6][29]$a$1512 [0] }
    Consolidated identical input bits for $mux cell $memory$flatten\lut.$auto$proc_rom.cc:150:do_switch$485$rdmux[0][7][42]$1742:
      Old ports: A=16'0000000101011000, B=16'0000000101000011, Y=$memory$flatten\lut.$auto$proc_rom.cc:150:do_switch$485$rdmux[0][6][21]$a$1488
      New ports: A=2'10, B=2'01, Y={ $memory$flatten\lut.$auto$proc_rom.cc:150:do_switch$485$rdmux[0][6][21]$a$1488 [3] $memory$flatten\lut.$auto$proc_rom.cc:150:do_switch$485$rdmux[0][6][21]$a$1488 [0] }
      New connections: { $memory$flatten\lut.$auto$proc_rom.cc:150:do_switch$485$rdmux[0][6][21]$a$1488 [15:4] $memory$flatten\lut.$auto$proc_rom.cc:150:do_switch$485$rdmux[0][6][21]$a$1488 [2:1] } = { 11'00000001010 $memory$flatten\lut.$auto$proc_rom.cc:150:do_switch$485$rdmux[0][6][21]$a$1488 [3] 1'0 $memory$flatten\lut.$auto$proc_rom.cc:150:do_switch$485$rdmux[0][6][21]$a$1488 [0] }
    Consolidated identical input bits for $mux cell $memory$flatten\lut.$auto$proc_rom.cc:150:do_switch$485$rdmux[0][7][39]$1733:
      Old ports: A=16'0000000111110100, B=16'0000000111010110, Y=$memory$flatten\lut.$auto$proc_rom.cc:150:do_switch$485$rdmux[0][6][19]$b$1483
      New ports: A=2'10, B=2'01, Y={ $memory$flatten\lut.$auto$proc_rom.cc:150:do_switch$485$rdmux[0][6][19]$b$1483 [5] $memory$flatten\lut.$auto$proc_rom.cc:150:do_switch$485$rdmux[0][6][19]$b$1483 [1] }
      New connections: { $memory$flatten\lut.$auto$proc_rom.cc:150:do_switch$485$rdmux[0][6][19]$b$1483 [15:6] $memory$flatten\lut.$auto$proc_rom.cc:150:do_switch$485$rdmux[0][6][19]$b$1483 [4:2] $memory$flatten\lut.$auto$proc_rom.cc:150:do_switch$485$rdmux[0][6][19]$b$1483 [0] } = 14'00000001111010
    Consolidated identical input bits for $mux cell $memory$flatten\lut.$auto$proc_rom.cc:150:do_switch$485$rdmux[0][7][54]$1778:
      Old ports: A=16'0000000001001101, B=16'0000000001001000, Y=$memory$flatten\lut.$auto$proc_rom.cc:150:do_switch$485$rdmux[0][6][27]$a$1506
      New ports: A=1'1, B=1'0, Y=$memory$flatten\lut.$auto$proc_rom.cc:150:do_switch$485$rdmux[0][6][27]$a$1506 [0]
      New connections: $memory$flatten\lut.$auto$proc_rom.cc:150:do_switch$485$rdmux[0][6][27]$a$1506 [15:1] = { 13'0000000001001 $memory$flatten\lut.$auto$proc_rom.cc:150:do_switch$485$rdmux[0][6][27]$a$1506 [0] 1'0 }
    Consolidated identical input bits for $mux cell $memory$flatten\lut.$auto$proc_rom.cc:150:do_switch$485$rdmux[0][7][57]$1787:
      Old ports: A=16'0000000000110101, B=16'0000000000110010, Y=$memory$flatten\lut.$auto$proc_rom.cc:150:do_switch$485$rdmux[0][6][28]$b$1510
      New ports: A=2'01, B=2'10, Y=$memory$flatten\lut.$auto$proc_rom.cc:150:do_switch$485$rdmux[0][6][28]$b$1510 [1:0]
      New connections: $memory$flatten\lut.$auto$proc_rom.cc:150:do_switch$485$rdmux[0][6][28]$b$1510 [15:2] = { 13'0000000000110 $memory$flatten\lut.$auto$proc_rom.cc:150:do_switch$485$rdmux[0][6][28]$b$1510 [0] }
    Consolidated identical input bits for $mux cell $memory$flatten\lut.$auto$proc_rom.cc:150:do_switch$485$rdmux[0][7][50]$1766:
      Old ports: A=16'0000000001111111, B=16'0000000001110111, Y=$memory$flatten\lut.$auto$proc_rom.cc:150:do_switch$485$rdmux[0][6][25]$a$1500
      New ports: A=1'1, B=1'0, Y=$memory$flatten\lut.$auto$proc_rom.cc:150:do_switch$485$rdmux[0][6][25]$a$1500 [3]
      New connections: { $memory$flatten\lut.$auto$proc_rom.cc:150:do_switch$485$rdmux[0][6][25]$a$1500 [15:4] $memory$flatten\lut.$auto$proc_rom.cc:150:do_switch$485$rdmux[0][6][25]$a$1500 [2:0] } = 15'000000000111111
    Consolidated identical input bits for $mux cell $memory$flatten\lut.$auto$proc_rom.cc:150:do_switch$485$rdmux[0][7][47]$1757:
      Old ports: A=16'0000000010111000, B=16'0000000010101101, Y=$memory$flatten\lut.$auto$proc_rom.cc:150:do_switch$485$rdmux[0][6][23]$b$1495
      New ports: A=2'10, B=2'01, Y={ $memory$flatten\lut.$auto$proc_rom.cc:150:do_switch$485$rdmux[0][6][23]$b$1495 [4] $memory$flatten\lut.$auto$proc_rom.cc:150:do_switch$485$rdmux[0][6][23]$b$1495 [0] }
      New connections: { $memory$flatten\lut.$auto$proc_rom.cc:150:do_switch$485$rdmux[0][6][23]$b$1495 [15:5] $memory$flatten\lut.$auto$proc_rom.cc:150:do_switch$485$rdmux[0][6][23]$b$1495 [3:1] } = { 12'000000001011 $memory$flatten\lut.$auto$proc_rom.cc:150:do_switch$485$rdmux[0][6][23]$b$1495 [0] 1'0 }
    Consolidated identical input bits for $mux cell $memory$flatten\lut.$auto$proc_rom.cc:150:do_switch$485$rdmux[0][7][48]$1760:
      Old ports: A=16'0000000010100010, B=16'0000000010011001, Y=$memory$flatten\lut.$auto$proc_rom.cc:150:do_switch$485$rdmux[0][6][24]$a$1497
      New ports: A=2'10, B=2'01, Y=$memory$flatten\lut.$auto$proc_rom.cc:150:do_switch$485$rdmux[0][6][24]$a$1497 [1:0]
      New connections: $memory$flatten\lut.$auto$proc_rom.cc:150:do_switch$485$rdmux[0][6][24]$a$1497 [15:2] = { 10'0000000010 $memory$flatten\lut.$auto$proc_rom.cc:150:do_switch$485$rdmux[0][6][24]$a$1497 [1:0] $memory$flatten\lut.$auto$proc_rom.cc:150:do_switch$485$rdmux[0][6][24]$a$1497 [0] 1'0 }
    Consolidated identical input bits for $mux cell $memory$flatten\lut.$auto$proc_rom.cc:150:do_switch$485$rdmux[0][7][85]$1871:
      Old ports: A=16'0000000000000010, B=16'0000000000000001, Y=$memory$flatten\lut.$auto$proc_rom.cc:150:do_switch$485$rdmux[0][6][42]$b$1552
      New ports: A=2'10, B=2'01, Y=$memory$flatten\lut.$auto$proc_rom.cc:150:do_switch$485$rdmux[0][6][42]$b$1552 [1:0]
      New connections: $memory$flatten\lut.$auto$proc_rom.cc:150:do_switch$485$rdmux[0][6][42]$b$1552 [15:2] = 14'00000000000000
    Consolidated identical input bits for $mux cell $memory$flatten\lut.$auto$proc_rom.cc:150:do_switch$485$rdmux[0][7][43]$1745:
      Old ports: A=16'0000000100101111, B=16'0000000100011101, Y=$memory$flatten\lut.$auto$proc_rom.cc:150:do_switch$485$rdmux[0][6][21]$b$1489
      New ports: A=2'01, B=2'10, Y={ $memory$flatten\lut.$auto$proc_rom.cc:150:do_switch$485$rdmux[0][6][21]$b$1489 [4] $memory$flatten\lut.$auto$proc_rom.cc:150:do_switch$485$rdmux[0][6][21]$b$1489 [1] }
      New connections: { $memory$flatten\lut.$auto$proc_rom.cc:150:do_switch$485$rdmux[0][6][21]$b$1489 [15:5] $memory$flatten\lut.$auto$proc_rom.cc:150:do_switch$485$rdmux[0][6][21]$b$1489 [3:2] $memory$flatten\lut.$auto$proc_rom.cc:150:do_switch$485$rdmux[0][6][21]$b$1489 [0] } = { 10'0000000100 $memory$flatten\lut.$auto$proc_rom.cc:150:do_switch$485$rdmux[0][6][21]$b$1489 [1] 3'111 }
    Consolidated identical input bits for $mux cell $memory$flatten\lut.$auto$proc_rom.cc:150:do_switch$485$rdmux[0][7][41]$1739:
      Old ports: A=16'0000000110000110, B=16'0000000101101110, Y=$memory$flatten\lut.$auto$proc_rom.cc:150:do_switch$485$rdmux[0][6][20]$b$1486
      New ports: A=2'10, B=2'01, Y={ $memory$flatten\lut.$auto$proc_rom.cc:150:do_switch$485$rdmux[0][6][20]$b$1486 [7] $memory$flatten\lut.$auto$proc_rom.cc:150:do_switch$485$rdmux[0][6][20]$b$1486 [3] }
      New connections: { $memory$flatten\lut.$auto$proc_rom.cc:150:do_switch$485$rdmux[0][6][20]$b$1486 [15:8] $memory$flatten\lut.$auto$proc_rom.cc:150:do_switch$485$rdmux[0][6][20]$b$1486 [6:4] $memory$flatten\lut.$auto$proc_rom.cc:150:do_switch$485$rdmux[0][6][20]$b$1486 [2:0] } = { 8'00000001 $memory$flatten\lut.$auto$proc_rom.cc:150:do_switch$485$rdmux[0][6][20]$b$1486 [3] $memory$flatten\lut.$auto$proc_rom.cc:150:do_switch$485$rdmux[0][6][20]$b$1486 [3] 4'0110 }
    Consolidated identical input bits for $mux cell $memory$flatten\lut.$auto$proc_rom.cc:150:do_switch$485$rdmux[0][7][59]$1793:
      Old ports: A=16'0000000000101001, B=16'0000000000100111, Y=$memory$flatten\lut.$auto$proc_rom.cc:150:do_switch$485$rdmux[0][6][29]$b$1513
      New ports: A=2'10, B=2'01, Y={ $memory$flatten\lut.$auto$proc_rom.cc:150:do_switch$485$rdmux[0][6][29]$b$1513 [3] $memory$flatten\lut.$auto$proc_rom.cc:150:do_switch$485$rdmux[0][6][29]$b$1513 [1] }
      New connections: { $memory$flatten\lut.$auto$proc_rom.cc:150:do_switch$485$rdmux[0][6][29]$b$1513 [15:4] $memory$flatten\lut.$auto$proc_rom.cc:150:do_switch$485$rdmux[0][6][29]$b$1513 [2] $memory$flatten\lut.$auto$proc_rom.cc:150:do_switch$485$rdmux[0][6][29]$b$1513 [0] } = { 12'000000000010 $memory$flatten\lut.$auto$proc_rom.cc:150:do_switch$485$rdmux[0][6][29]$b$1513 [1] 1'1 }
    Consolidated identical input bits for $mux cell $memory$flatten\lut.$auto$proc_rom.cc:150:do_switch$485$rdmux[0][7][55]$1781:
      Old ports: A=16'0000000001000100, B=16'0000000001000000, Y=$memory$flatten\lut.$auto$proc_rom.cc:150:do_switch$485$rdmux[0][6][27]$b$1507
      New ports: A=1'1, B=1'0, Y=$memory$flatten\lut.$auto$proc_rom.cc:150:do_switch$485$rdmux[0][6][27]$b$1507 [2]
      New connections: { $memory$flatten\lut.$auto$proc_rom.cc:150:do_switch$485$rdmux[0][6][27]$b$1507 [15:3] $memory$flatten\lut.$auto$proc_rom.cc:150:do_switch$485$rdmux[0][6][27]$b$1507 [1:0] } = 15'000000000100000
    Consolidated identical input bits for $mux cell $memory$flatten\lut.$auto$proc_rom.cc:150:do_switch$485$rdmux[0][7][40]$1736:
      Old ports: A=16'0000000110111010, B=16'0000000110011111, Y=$memory$flatten\lut.$auto$proc_rom.cc:150:do_switch$485$rdmux[0][6][20]$a$1485
      New ports: A=2'10, B=2'01, Y={ $memory$flatten\lut.$auto$proc_rom.cc:150:do_switch$485$rdmux[0][6][20]$a$1485 [5] $memory$flatten\lut.$auto$proc_rom.cc:150:do_switch$485$rdmux[0][6][20]$a$1485 [0] }
      New connections: { $memory$flatten\lut.$auto$proc_rom.cc:150:do_switch$485$rdmux[0][6][20]$a$1485 [15:6] $memory$flatten\lut.$auto$proc_rom.cc:150:do_switch$485$rdmux[0][6][20]$a$1485 [4:1] } = { 12'000000011011 $memory$flatten\lut.$auto$proc_rom.cc:150:do_switch$485$rdmux[0][6][20]$a$1485 [0] 1'1 }
    Consolidated identical input bits for $mux cell $memory$flatten\lut.$auto$proc_rom.cc:150:do_switch$485$rdmux[0][7][94]$1898:
      Old ports: A=16'0000000000000001, B=16'0000000000000000, Y=$memory$flatten\lut.$auto$proc_rom.cc:150:do_switch$485$rdmux[0][6][47]$a$1566
      New ports: A=1'1, B=1'0, Y=$memory$flatten\lut.$auto$proc_rom.cc:150:do_switch$485$rdmux[0][6][47]$a$1566 [0]
      New connections: $memory$flatten\lut.$auto$proc_rom.cc:150:do_switch$485$rdmux[0][6][47]$a$1566 [15:1] = 15'000000000000000
    Consolidated identical input bits for $mux cell $memory$flatten\lut.$auto$proc_rom.cc:150:do_switch$485$rdmux[0][7][52]$1772:
      Old ports: A=16'0000000001100011, B=16'0000000001011101, Y=$memory$flatten\lut.$auto$proc_rom.cc:150:do_switch$485$rdmux[0][6][26]$a$1503
      New ports: A=2'01, B=2'10, Y=$memory$flatten\lut.$auto$proc_rom.cc:150:do_switch$485$rdmux[0][6][26]$a$1503 [2:1]
      New connections: { $memory$flatten\lut.$auto$proc_rom.cc:150:do_switch$485$rdmux[0][6][26]$a$1503 [15:3] $memory$flatten\lut.$auto$proc_rom.cc:150:do_switch$485$rdmux[0][6][26]$a$1503 [0] } = { 10'0000000001 $memory$flatten\lut.$auto$proc_rom.cc:150:do_switch$485$rdmux[0][6][26]$a$1503 [1] $memory$flatten\lut.$auto$proc_rom.cc:150:do_switch$485$rdmux[0][6][26]$a$1503 [2] $memory$flatten\lut.$auto$proc_rom.cc:150:do_switch$485$rdmux[0][6][26]$a$1503 [2] 1'1 }
    Consolidated identical input bits for $mux cell $memory$flatten\lut.$auto$proc_rom.cc:150:do_switch$485$rdmux[0][7][65]$1811:
      Old ports: A=16'0000000000010011, B=16'0000000000010010, Y=$memory$flatten\lut.$auto$proc_rom.cc:150:do_switch$485$rdmux[0][6][32]$b$1522
      New ports: A=1'1, B=1'0, Y=$memory$flatten\lut.$auto$proc_rom.cc:150:do_switch$485$rdmux[0][6][32]$b$1522 [0]
      New connections: $memory$flatten\lut.$auto$proc_rom.cc:150:do_switch$485$rdmux[0][6][32]$b$1522 [15:1] = 15'000000000001001
    Consolidated identical input bits for $mux cell $memory$flatten\lut.$auto$proc_rom.cc:150:do_switch$485$rdmux[0][7][75]$1841:
      Old ports: A=16'0000000000000110, B=16'0000000000000101, Y=$memory$flatten\lut.$auto$proc_rom.cc:150:do_switch$485$rdmux[0][6][37]$b$1537
      New ports: A=2'10, B=2'01, Y=$memory$flatten\lut.$auto$proc_rom.cc:150:do_switch$485$rdmux[0][6][37]$b$1537 [1:0]
      New connections: $memory$flatten\lut.$auto$proc_rom.cc:150:do_switch$485$rdmux[0][6][37]$b$1537 [15:2] = 14'00000000000001
    Consolidated identical input bits for $mux cell $memory$flatten\lut.$auto$proc_rom.cc:150:do_switch$485$rdmux[0][7][62]$1802:
      Old ports: A=16'0000000000011100, B=16'0000000000011011, Y=$memory$flatten\lut.$auto$proc_rom.cc:150:do_switch$485$rdmux[0][6][31]$a$1518
      New ports: A=2'10, B=2'01, Y={ $memory$flatten\lut.$auto$proc_rom.cc:150:do_switch$485$rdmux[0][6][31]$a$1518 [2] $memory$flatten\lut.$auto$proc_rom.cc:150:do_switch$485$rdmux[0][6][31]$a$1518 [0] }
      New connections: { $memory$flatten\lut.$auto$proc_rom.cc:150:do_switch$485$rdmux[0][6][31]$a$1518 [15:3] $memory$flatten\lut.$auto$proc_rom.cc:150:do_switch$485$rdmux[0][6][31]$a$1518 [1] } = { 13'0000000000011 $memory$flatten\lut.$auto$proc_rom.cc:150:do_switch$485$rdmux[0][6][31]$a$1518 [0] }
    Consolidated identical input bits for $mux cell $memory$flatten\lut.$auto$proc_rom.cc:150:do_switch$485$rdmux[0][7][67]$1817:
      Old ports: A=16'0000000000001111, B=16'0000000000001110, Y=$memory$flatten\lut.$auto$proc_rom.cc:150:do_switch$485$rdmux[0][6][33]$b$1525
      New ports: A=1'1, B=1'0, Y=$memory$flatten\lut.$auto$proc_rom.cc:150:do_switch$485$rdmux[0][6][33]$b$1525 [0]
      New connections: $memory$flatten\lut.$auto$proc_rom.cc:150:do_switch$485$rdmux[0][6][33]$b$1525 [15:1] = 15'000000000000111
    Consolidated identical input bits for $mux cell $memory$flatten\lut.$auto$proc_rom.cc:150:do_switch$485$rdmux[0][6][39]$1541:
      Old ports: A=16'0000000000000100, B=16'0000000000000011, Y=$memory$flatten\lut.$auto$proc_rom.cc:150:do_switch$485$rdmux[0][5][19]$b$1387
      New ports: A=2'10, B=2'01, Y={ $memory$flatten\lut.$auto$proc_rom.cc:150:do_switch$485$rdmux[0][5][19]$b$1387 [2] $memory$flatten\lut.$auto$proc_rom.cc:150:do_switch$485$rdmux[0][5][19]$b$1387 [0] }
      New connections: { $memory$flatten\lut.$auto$proc_rom.cc:150:do_switch$485$rdmux[0][5][19]$b$1387 [15:3] $memory$flatten\lut.$auto$proc_rom.cc:150:do_switch$485$rdmux[0][5][19]$b$1387 [1] } = { 13'0000000000000 $memory$flatten\lut.$auto$proc_rom.cc:150:do_switch$485$rdmux[0][5][19]$b$1387 [0] }
    Consolidated identical input bits for $mux cell $memory$flatten\lut.$auto$proc_rom.cc:150:do_switch$485$rdmux[0][6][38]$1538:
      Old ports: A=16'0000000000000101, B=16'0000000000000100, Y=$memory$flatten\lut.$auto$proc_rom.cc:150:do_switch$485$rdmux[0][5][19]$a$1386
      New ports: A=1'1, B=1'0, Y=$memory$flatten\lut.$auto$proc_rom.cc:150:do_switch$485$rdmux[0][5][19]$a$1386 [0]
      New connections: $memory$flatten\lut.$auto$proc_rom.cc:150:do_switch$485$rdmux[0][5][19]$a$1386 [15:1] = 15'000000000000010
    Consolidated identical input bits for $mux cell $memory$flatten\lut.$auto$proc_rom.cc:150:do_switch$485$rdmux[0][6][36]$1532:
      Old ports: A=16'0000000000001000, B=16'0000000000000111, Y=$memory$flatten\lut.$auto$proc_rom.cc:150:do_switch$485$rdmux[0][5][18]$a$1383
      New ports: A=2'10, B=2'01, Y={ $memory$flatten\lut.$auto$proc_rom.cc:150:do_switch$485$rdmux[0][5][18]$a$1383 [3] $memory$flatten\lut.$auto$proc_rom.cc:150:do_switch$485$rdmux[0][5][18]$a$1383 [0] }
      New connections: { $memory$flatten\lut.$auto$proc_rom.cc:150:do_switch$485$rdmux[0][5][18]$a$1383 [15:4] $memory$flatten\lut.$auto$proc_rom.cc:150:do_switch$485$rdmux[0][5][18]$a$1383 [2:1] } = { 12'000000000000 $memory$flatten\lut.$auto$proc_rom.cc:150:do_switch$485$rdmux[0][5][18]$a$1383 [0] $memory$flatten\lut.$auto$proc_rom.cc:150:do_switch$485$rdmux[0][5][18]$a$1383 [0] }
    Consolidated identical input bits for $mux cell $memory$flatten\lut.$auto$proc_rom.cc:150:do_switch$485$rdmux[0][6][35]$1529:
      Old ports: A=16'0000000000001010, B=16'0000000000001001, Y=$memory$flatten\lut.$auto$proc_rom.cc:150:do_switch$485$rdmux[0][5][17]$b$1381
      New ports: A=2'10, B=2'01, Y=$memory$flatten\lut.$auto$proc_rom.cc:150:do_switch$485$rdmux[0][5][17]$b$1381 [1:0]
      New connections: $memory$flatten\lut.$auto$proc_rom.cc:150:do_switch$485$rdmux[0][5][17]$b$1381 [15:2] = 14'00000000000010
    Consolidated identical input bits for $mux cell $memory$flatten\lut.$auto$proc_rom.cc:150:do_switch$485$rdmux[0][7][49]$1763:
      Old ports: A=16'0000000010001111, B=16'0000000010000111, Y=$memory$flatten\lut.$auto$proc_rom.cc:150:do_switch$485$rdmux[0][6][24]$b$1498
      New ports: A=1'1, B=1'0, Y=$memory$flatten\lut.$auto$proc_rom.cc:150:do_switch$485$rdmux[0][6][24]$b$1498 [3]
      New connections: { $memory$flatten\lut.$auto$proc_rom.cc:150:do_switch$485$rdmux[0][6][24]$b$1498 [15:4] $memory$flatten\lut.$auto$proc_rom.cc:150:do_switch$485$rdmux[0][6][24]$b$1498 [2:0] } = 15'000000001000111
    Consolidated identical input bits for $mux cell $memory$flatten\lut.$auto$proc_rom.cc:150:do_switch$485$rdmux[0][7][38]$1730:
      Old ports: A=16'0000001000110111, B=16'0000001000010101, Y=$memory$flatten\lut.$auto$proc_rom.cc:150:do_switch$485$rdmux[0][6][19]$a$1482
      New ports: A=1'1, B=1'0, Y=$memory$flatten\lut.$auto$proc_rom.cc:150:do_switch$485$rdmux[0][6][19]$a$1482 [1]
      New connections: { $memory$flatten\lut.$auto$proc_rom.cc:150:do_switch$485$rdmux[0][6][19]$a$1482 [15:2] $memory$flatten\lut.$auto$proc_rom.cc:150:do_switch$485$rdmux[0][6][19]$a$1482 [0] } = { 10'0000001000 $memory$flatten\lut.$auto$proc_rom.cc:150:do_switch$485$rdmux[0][6][19]$a$1482 [1] 4'1011 }
    Consolidated identical input bits for $mux cell $memory$flatten\lut.$auto$proc_rom.cc:150:do_switch$485$rdmux[0][7][53]$1775:
      Old ports: A=16'0000000001010111, B=16'0000000001010010, Y=$memory$flatten\lut.$auto$proc_rom.cc:150:do_switch$485$rdmux[0][6][26]$b$1504
      New ports: A=1'1, B=1'0, Y=$memory$flatten\lut.$auto$proc_rom.cc:150:do_switch$485$rdmux[0][6][26]$b$1504 [0]
      New connections: $memory$flatten\lut.$auto$proc_rom.cc:150:do_switch$485$rdmux[0][6][26]$b$1504 [15:1] = { 13'0000000001010 $memory$flatten\lut.$auto$proc_rom.cc:150:do_switch$485$rdmux[0][6][26]$b$1504 [0] 1'1 }
    Consolidated identical input bits for $mux cell $memory$flatten\lut.$auto$proc_rom.cc:150:do_switch$485$rdmux[0][7][46]$1754:
      Old ports: A=16'0000000011010001, B=16'0000000011000100, Y=$memory$flatten\lut.$auto$proc_rom.cc:150:do_switch$485$rdmux[0][6][23]$a$1494
      New ports: A=2'01, B=2'10, Y={ $memory$flatten\lut.$auto$proc_rom.cc:150:do_switch$485$rdmux[0][6][23]$a$1494 [2] $memory$flatten\lut.$auto$proc_rom.cc:150:do_switch$485$rdmux[0][6][23]$a$1494 [0] }
      New connections: { $memory$flatten\lut.$auto$proc_rom.cc:150:do_switch$485$rdmux[0][6][23]$a$1494 [15:3] $memory$flatten\lut.$auto$proc_rom.cc:150:do_switch$485$rdmux[0][6][23]$a$1494 [1] } = { 11'00000000110 $memory$flatten\lut.$auto$proc_rom.cc:150:do_switch$485$rdmux[0][6][23]$a$1494 [0] 2'00 }
    Consolidated identical input bits for $mux cell $memory$flatten\lut.$auto$proc_rom.cc:150:do_switch$485$rdmux[0][7][66]$1814:
      Old ports: A=16'0000000000010001, B=16'0000000000010000, Y=$memory$flatten\lut.$auto$proc_rom.cc:150:do_switch$485$rdmux[0][6][33]$a$1524
      New ports: A=1'1, B=1'0, Y=$memory$flatten\lut.$auto$proc_rom.cc:150:do_switch$485$rdmux[0][6][33]$a$1524 [0]
      New connections: $memory$flatten\lut.$auto$proc_rom.cc:150:do_switch$485$rdmux[0][6][33]$a$1524 [15:1] = 15'000000000001000
    Consolidated identical input bits for $mux cell $memory$flatten\lut.$auto$proc_rom.cc:150:do_switch$485$rdmux[0][7][60]$1796:
      Old ports: A=16'0000000000100100, B=16'0000000000100010, Y=$memory$flatten\lut.$auto$proc_rom.cc:150:do_switch$485$rdmux[0][6][30]$a$1515
      New ports: A=2'10, B=2'01, Y=$memory$flatten\lut.$auto$proc_rom.cc:150:do_switch$485$rdmux[0][6][30]$a$1515 [2:1]
      New connections: { $memory$flatten\lut.$auto$proc_rom.cc:150:do_switch$485$rdmux[0][6][30]$a$1515 [15:3] $memory$flatten\lut.$auto$proc_rom.cc:150:do_switch$485$rdmux[0][6][30]$a$1515 [0] } = 14'00000000001000
    Consolidated identical input bits for $mux cell $memory$flatten\lut.$auto$proc_rom.cc:150:do_switch$485$rdmux[0][7][81]$1859:
      Old ports: A=16'0000000000000011, B=16'0000000000000010, Y=$memory$flatten\lut.$auto$proc_rom.cc:150:do_switch$485$rdmux[0][6][40]$b$1546
      New ports: A=1'1, B=1'0, Y=$memory$flatten\lut.$auto$proc_rom.cc:150:do_switch$485$rdmux[0][6][40]$b$1546 [0]
      New connections: $memory$flatten\lut.$auto$proc_rom.cc:150:do_switch$485$rdmux[0][6][40]$b$1546 [15:1] = 15'000000000000001
    Consolidated identical input bits for $mux cell $memory$flatten\lut.$auto$proc_rom.cc:150:do_switch$485$rdmux[0][7][61]$1799:
      Old ports: A=16'0000000000100000, B=16'0000000000011110, Y=$memory$flatten\lut.$auto$proc_rom.cc:150:do_switch$485$rdmux[0][6][30]$b$1516
      New ports: A=2'10, B=2'01, Y={ $memory$flatten\lut.$auto$proc_rom.cc:150:do_switch$485$rdmux[0][6][30]$b$1516 [5] $memory$flatten\lut.$auto$proc_rom.cc:150:do_switch$485$rdmux[0][6][30]$b$1516 [1] }
      New connections: { $memory$flatten\lut.$auto$proc_rom.cc:150:do_switch$485$rdmux[0][6][30]$b$1516 [15:6] $memory$flatten\lut.$auto$proc_rom.cc:150:do_switch$485$rdmux[0][6][30]$b$1516 [4:2] $memory$flatten\lut.$auto$proc_rom.cc:150:do_switch$485$rdmux[0][6][30]$b$1516 [0] } = { 10'0000000000 $memory$flatten\lut.$auto$proc_rom.cc:150:do_switch$485$rdmux[0][6][30]$b$1516 [1] $memory$flatten\lut.$auto$proc_rom.cc:150:do_switch$485$rdmux[0][6][30]$b$1516 [1] $memory$flatten\lut.$auto$proc_rom.cc:150:do_switch$485$rdmux[0][6][30]$b$1516 [1] 1'0 }
    Consolidated identical input bits for $mux cell $memory$flatten\lut.$auto$proc_rom.cc:150:do_switch$485$rdmux[0][7][44]$1748:
      Old ports: A=16'0000000100001100, B=16'0000000011111100, Y=$memory$flatten\lut.$auto$proc_rom.cc:150:do_switch$485$rdmux[0][6][22]$a$1491
      New ports: A=2'10, B=2'01, Y={ $memory$flatten\lut.$auto$proc_rom.cc:150:do_switch$485$rdmux[0][6][22]$a$1491 [8] $memory$flatten\lut.$auto$proc_rom.cc:150:do_switch$485$rdmux[0][6][22]$a$1491 [4] }
      New connections: { $memory$flatten\lut.$auto$proc_rom.cc:150:do_switch$485$rdmux[0][6][22]$a$1491 [15:9] $memory$flatten\lut.$auto$proc_rom.cc:150:do_switch$485$rdmux[0][6][22]$a$1491 [7:5] $memory$flatten\lut.$auto$proc_rom.cc:150:do_switch$485$rdmux[0][6][22]$a$1491 [3:0] } = { 7'0000000 $memory$flatten\lut.$auto$proc_rom.cc:150:do_switch$485$rdmux[0][6][22]$a$1491 [4] $memory$flatten\lut.$auto$proc_rom.cc:150:do_switch$485$rdmux[0][6][22]$a$1491 [4] $memory$flatten\lut.$auto$proc_rom.cc:150:do_switch$485$rdmux[0][6][22]$a$1491 [4] 4'1100 }
    Consolidated identical input bits for $mux cell $memory$flatten\lut.$auto$proc_rom.cc:150:do_switch$485$rdmux[0][7][37]$1727:
      Old ports: A=16'0000001010000010, B=16'0000001001011100, Y=$memory$flatten\lut.$auto$proc_rom.cc:150:do_switch$485$rdmux[0][6][18]$b$1480
      New ports: A=2'01, B=2'10, Y=$memory$flatten\lut.$auto$proc_rom.cc:150:do_switch$485$rdmux[0][6][18]$b$1480 [2:1]
      New connections: { $memory$flatten\lut.$auto$proc_rom.cc:150:do_switch$485$rdmux[0][6][18]$b$1480 [15:3] $memory$flatten\lut.$auto$proc_rom.cc:150:do_switch$485$rdmux[0][6][18]$b$1480 [0] } = { 8'00000010 $memory$flatten\lut.$auto$proc_rom.cc:150:do_switch$485$rdmux[0][6][18]$b$1480 [1] $memory$flatten\lut.$auto$proc_rom.cc:150:do_switch$485$rdmux[0][6][18]$b$1480 [2] 1'0 $memory$flatten\lut.$auto$proc_rom.cc:150:do_switch$485$rdmux[0][6][18]$b$1480 [2] $memory$flatten\lut.$auto$proc_rom.cc:150:do_switch$485$rdmux[0][6][18]$b$1480 [2] 1'0 }
    Consolidated identical input bits for $mux cell $memory$flatten\lut.$auto$proc_rom.cc:150:do_switch$485$rdmux[0][7][45]$1751:
      Old ports: A=16'0000000011101100, B=16'0000000011011110, Y=$memory$flatten\lut.$auto$proc_rom.cc:150:do_switch$485$rdmux[0][6][22]$b$1492
      New ports: A=2'10, B=2'01, Y={ $memory$flatten\lut.$auto$proc_rom.cc:150:do_switch$485$rdmux[0][6][22]$b$1492 [5] $memory$flatten\lut.$auto$proc_rom.cc:150:do_switch$485$rdmux[0][6][22]$b$1492 [1] }
      New connections: { $memory$flatten\lut.$auto$proc_rom.cc:150:do_switch$485$rdmux[0][6][22]$b$1492 [15:6] $memory$flatten\lut.$auto$proc_rom.cc:150:do_switch$485$rdmux[0][6][22]$b$1492 [4:2] $memory$flatten\lut.$auto$proc_rom.cc:150:do_switch$485$rdmux[0][6][22]$b$1492 [0] } = { 10'0000000011 $memory$flatten\lut.$auto$proc_rom.cc:150:do_switch$485$rdmux[0][6][22]$b$1492 [1] 3'110 }
    Consolidated identical input bits for $mux cell $memory$flatten\lut.$auto$proc_rom.cc:150:do_switch$485$rdmux[0][7][69]$1823:
      Old ports: A=16'0000000000001100, B=16'0000000000001011, Y=$memory$flatten\lut.$auto$proc_rom.cc:150:do_switch$485$rdmux[0][6][34]$b$1528
      New ports: A=2'10, B=2'01, Y={ $memory$flatten\lut.$auto$proc_rom.cc:150:do_switch$485$rdmux[0][6][34]$b$1528 [2] $memory$flatten\lut.$auto$proc_rom.cc:150:do_switch$485$rdmux[0][6][34]$b$1528 [0] }
      New connections: { $memory$flatten\lut.$auto$proc_rom.cc:150:do_switch$485$rdmux[0][6][34]$b$1528 [15:3] $memory$flatten\lut.$auto$proc_rom.cc:150:do_switch$485$rdmux[0][6][34]$b$1528 [1] } = { 13'0000000000001 $memory$flatten\lut.$auto$proc_rom.cc:150:do_switch$485$rdmux[0][6][34]$b$1528 [0] }
    Consolidated identical input bits for $mux cell $memory$flatten\lut.$auto$proc_rom.cc:150:do_switch$485$rdmux[0][7][64]$1808:
      Old ports: A=16'0000000000010110, B=16'0000000000010101, Y=$memory$flatten\lut.$auto$proc_rom.cc:150:do_switch$485$rdmux[0][6][32]$a$1521
      New ports: A=2'10, B=2'01, Y=$memory$flatten\lut.$auto$proc_rom.cc:150:do_switch$485$rdmux[0][6][32]$a$1521 [1:0]
      New connections: $memory$flatten\lut.$auto$proc_rom.cc:150:do_switch$485$rdmux[0][6][32]$a$1521 [15:2] = 14'00000000000101
    Consolidated identical input bits for $mux cell $memory$flatten\lut.$auto$proc_rom.cc:150:do_switch$485$rdmux[0][7][36]$1724:
      Old ports: A=16'0000001011011000, B=16'0000001010101100, Y=$memory$flatten\lut.$auto$proc_rom.cc:150:do_switch$485$rdmux[0][6][18]$a$1479
      New ports: A=2'10, B=2'01, Y={ $memory$flatten\lut.$auto$proc_rom.cc:150:do_switch$485$rdmux[0][6][18]$a$1479 [4] $memory$flatten\lut.$auto$proc_rom.cc:150:do_switch$485$rdmux[0][6][18]$a$1479 [2] }
      New connections: { $memory$flatten\lut.$auto$proc_rom.cc:150:do_switch$485$rdmux[0][6][18]$a$1479 [15:5] $memory$flatten\lut.$auto$proc_rom.cc:150:do_switch$485$rdmux[0][6][18]$a$1479 [3] $memory$flatten\lut.$auto$proc_rom.cc:150:do_switch$485$rdmux[0][6][18]$a$1479 [1:0] } = { 9'000000101 $memory$flatten\lut.$auto$proc_rom.cc:150:do_switch$485$rdmux[0][6][18]$a$1479 [4] $memory$flatten\lut.$auto$proc_rom.cc:150:do_switch$485$rdmux[0][6][18]$a$1479 [2] 3'100 }
    Consolidated identical input bits for $mux cell $memory$flatten\lut.$auto$proc_rom.cc:150:do_switch$485$rdmux[0][7][63]$1805:
      Old ports: A=16'0000000000011001, B=16'0000000000010111, Y=$memory$flatten\lut.$auto$proc_rom.cc:150:do_switch$485$rdmux[0][6][31]$b$1519
      New ports: A=2'10, B=2'01, Y={ $memory$flatten\lut.$auto$proc_rom.cc:150:do_switch$485$rdmux[0][6][31]$b$1519 [3] $memory$flatten\lut.$auto$proc_rom.cc:150:do_switch$485$rdmux[0][6][31]$b$1519 [1] }
      New connections: { $memory$flatten\lut.$auto$proc_rom.cc:150:do_switch$485$rdmux[0][6][31]$b$1519 [15:4] $memory$flatten\lut.$auto$proc_rom.cc:150:do_switch$485$rdmux[0][6][31]$b$1519 [2] $memory$flatten\lut.$auto$proc_rom.cc:150:do_switch$485$rdmux[0][6][31]$b$1519 [0] } = { 12'000000000001 $memory$flatten\lut.$auto$proc_rom.cc:150:do_switch$485$rdmux[0][6][31]$b$1519 [1] 1'1 }
    Consolidated identical input bits for $mux cell $memory$flatten\lut.$auto$proc_rom.cc:150:do_switch$485$rdmux[0][7][35]$1721:
      Old ports: A=16'0000001100111001, B=16'0000001100000111, Y=$memory$flatten\lut.$auto$proc_rom.cc:150:do_switch$485$rdmux[0][6][17]$b$1477
      New ports: A=2'10, B=2'01, Y={ $memory$flatten\lut.$auto$proc_rom.cc:150:do_switch$485$rdmux[0][6][17]$b$1477 [3] $memory$flatten\lut.$auto$proc_rom.cc:150:do_switch$485$rdmux[0][6][17]$b$1477 [1] }
      New connections: { $memory$flatten\lut.$auto$proc_rom.cc:150:do_switch$485$rdmux[0][6][17]$b$1477 [15:4] $memory$flatten\lut.$auto$proc_rom.cc:150:do_switch$485$rdmux[0][6][17]$b$1477 [2] $memory$flatten\lut.$auto$proc_rom.cc:150:do_switch$485$rdmux[0][6][17]$b$1477 [0] } = { 10'0000001100 $memory$flatten\lut.$auto$proc_rom.cc:150:do_switch$485$rdmux[0][6][17]$b$1477 [3] $memory$flatten\lut.$auto$proc_rom.cc:150:do_switch$485$rdmux[0][6][17]$b$1477 [3] $memory$flatten\lut.$auto$proc_rom.cc:150:do_switch$485$rdmux[0][6][17]$b$1477 [1] 1'1 }
    Consolidated identical input bits for $mux cell $memory$flatten\lut.$auto$proc_rom.cc:150:do_switch$485$rdmux[0][7][56]$1784:
      Old ports: A=16'0000000000111100, B=16'0000000000111000, Y=$memory$flatten\lut.$auto$proc_rom.cc:150:do_switch$485$rdmux[0][6][28]$a$1509
      New ports: A=1'1, B=1'0, Y=$memory$flatten\lut.$auto$proc_rom.cc:150:do_switch$485$rdmux[0][6][28]$a$1509 [2]
      New connections: { $memory$flatten\lut.$auto$proc_rom.cc:150:do_switch$485$rdmux[0][6][28]$a$1509 [15:3] $memory$flatten\lut.$auto$proc_rom.cc:150:do_switch$485$rdmux[0][6][28]$a$1509 [1:0] } = 15'000000000011100
  Optimizing cells in module \ga2_sm.
    Consolidated identical input bits for $mux cell $memory$flatten\lut.$auto$proc_rom.cc:150:do_switch$485$rdmux[0][6][47]$1565:
      Old ports: A=$memory$flatten\lut.$auto$proc_rom.cc:150:do_switch$485$rdmux[0][6][47]$a$1566, B=16'0000000000000000, Y=$memory$flatten\lut.$auto$proc_rom.cc:150:do_switch$485$rdmux[0][5][23]$b$1399
      New ports: A=$memory$flatten\lut.$auto$proc_rom.cc:150:do_switch$485$rdmux[0][6][47]$a$1566 [0], B=1'0, Y=$memory$flatten\lut.$auto$proc_rom.cc:150:do_switch$485$rdmux[0][5][23]$b$1399 [0]
      New connections: $memory$flatten\lut.$auto$proc_rom.cc:150:do_switch$485$rdmux[0][5][23]$b$1399 [15:1] = 15'000000000000000
    Consolidated identical input bits for $mux cell $memory$flatten\lut.$auto$proc_rom.cc:150:do_switch$485$rdmux[0][6][42]$1550:
      Old ports: A=16'0000000000000010, B=$memory$flatten\lut.$auto$proc_rom.cc:150:do_switch$485$rdmux[0][6][42]$b$1552, Y=$memory$flatten\lut.$auto$proc_rom.cc:150:do_switch$485$rdmux[0][5][21]$a$1392
      New ports: A=2'10, B=$memory$flatten\lut.$auto$proc_rom.cc:150:do_switch$485$rdmux[0][6][42]$b$1552 [1:0], Y=$memory$flatten\lut.$auto$proc_rom.cc:150:do_switch$485$rdmux[0][5][21]$a$1392 [1:0]
      New connections: $memory$flatten\lut.$auto$proc_rom.cc:150:do_switch$485$rdmux[0][5][21]$a$1392 [15:2] = 14'00000000000000
    Consolidated identical input bits for $mux cell $memory$flatten\lut.$auto$proc_rom.cc:150:do_switch$485$rdmux[0][6][40]$1544:
      Old ports: A=16'0000000000000011, B=$memory$flatten\lut.$auto$proc_rom.cc:150:do_switch$485$rdmux[0][6][40]$b$1546, Y=$memory$flatten\lut.$auto$proc_rom.cc:150:do_switch$485$rdmux[0][5][20]$a$1389
      New ports: A=1'1, B=$memory$flatten\lut.$auto$proc_rom.cc:150:do_switch$485$rdmux[0][6][40]$b$1546 [0], Y=$memory$flatten\lut.$auto$proc_rom.cc:150:do_switch$485$rdmux[0][5][20]$a$1389 [0]
      New connections: $memory$flatten\lut.$auto$proc_rom.cc:150:do_switch$485$rdmux[0][5][20]$a$1389 [15:1] = 15'000000000000001
    Consolidated identical input bits for $mux cell $memory$flatten\lut.$auto$proc_rom.cc:150:do_switch$485$rdmux[0][6][37]$1535:
      Old ports: A=16'0000000000000110, B=$memory$flatten\lut.$auto$proc_rom.cc:150:do_switch$485$rdmux[0][6][37]$b$1537, Y=$memory$flatten\lut.$auto$proc_rom.cc:150:do_switch$485$rdmux[0][5][18]$b$1384
      New ports: A=2'10, B=$memory$flatten\lut.$auto$proc_rom.cc:150:do_switch$485$rdmux[0][6][37]$b$1537 [1:0], Y=$memory$flatten\lut.$auto$proc_rom.cc:150:do_switch$485$rdmux[0][5][18]$b$1384 [1:0]
      New connections: $memory$flatten\lut.$auto$proc_rom.cc:150:do_switch$485$rdmux[0][5][18]$b$1384 [15:2] = 14'00000000000001
    Consolidated identical input bits for $mux cell $memory$flatten\lut.$auto$proc_rom.cc:150:do_switch$485$rdmux[0][6][34]$1526:
      Old ports: A=16'0000000000001101, B=$memory$flatten\lut.$auto$proc_rom.cc:150:do_switch$485$rdmux[0][6][34]$b$1528, Y=$memory$flatten\lut.$auto$proc_rom.cc:150:do_switch$485$rdmux[0][5][17]$a$1380
      New ports: A=3'101, B={ $memory$flatten\lut.$auto$proc_rom.cc:150:do_switch$485$rdmux[0][6][34]$b$1528 [2] $memory$flatten\lut.$auto$proc_rom.cc:150:do_switch$485$rdmux[0][6][34]$b$1528 [0] $memory$flatten\lut.$auto$proc_rom.cc:150:do_switch$485$rdmux[0][6][34]$b$1528 [0] }, Y=$memory$flatten\lut.$auto$proc_rom.cc:150:do_switch$485$rdmux[0][5][17]$a$1380 [2:0]
      New connections: $memory$flatten\lut.$auto$proc_rom.cc:150:do_switch$485$rdmux[0][5][17]$a$1380 [15:3] = 13'0000000000001
    Consolidated identical input bits for $mux cell $memory$flatten\lut.$auto$proc_rom.cc:150:do_switch$485$rdmux[0][6][33]$1523:
      Old ports: A=$memory$flatten\lut.$auto$proc_rom.cc:150:do_switch$485$rdmux[0][6][33]$a$1524, B=$memory$flatten\lut.$auto$proc_rom.cc:150:do_switch$485$rdmux[0][6][33]$b$1525, Y=$memory$flatten\lut.$auto$proc_rom.cc:150:do_switch$485$rdmux[0][5][16]$b$1378
      New ports: A={ 2'10 $memory$flatten\lut.$auto$proc_rom.cc:150:do_switch$485$rdmux[0][6][33]$a$1524 [0] }, B={ 2'01 $memory$flatten\lut.$auto$proc_rom.cc:150:do_switch$485$rdmux[0][6][33]$b$1525 [0] }, Y={ $memory$flatten\lut.$auto$proc_rom.cc:150:do_switch$485$rdmux[0][5][16]$b$1378 [4] $memory$flatten\lut.$auto$proc_rom.cc:150:do_switch$485$rdmux[0][5][16]$b$1378 [1:0] }
      New connections: { $memory$flatten\lut.$auto$proc_rom.cc:150:do_switch$485$rdmux[0][5][16]$b$1378 [15:5] $memory$flatten\lut.$auto$proc_rom.cc:150:do_switch$485$rdmux[0][5][16]$b$1378 [3:2] } = { 11'00000000000 $memory$flatten\lut.$auto$proc_rom.cc:150:do_switch$485$rdmux[0][5][16]$b$1378 [1] $memory$flatten\lut.$auto$proc_rom.cc:150:do_switch$485$rdmux[0][5][16]$b$1378 [1] }
    Consolidated identical input bits for $mux cell $memory$flatten\lut.$auto$proc_rom.cc:150:do_switch$485$rdmux[0][6][32]$1520:
      Old ports: A=$memory$flatten\lut.$auto$proc_rom.cc:150:do_switch$485$rdmux[0][6][32]$a$1521, B=$memory$flatten\lut.$auto$proc_rom.cc:150:do_switch$485$rdmux[0][6][32]$b$1522, Y=$memory$flatten\lut.$auto$proc_rom.cc:150:do_switch$485$rdmux[0][5][16]$a$1377
      New ports: A={ 1'1 $memory$flatten\lut.$auto$proc_rom.cc:150:do_switch$485$rdmux[0][6][32]$a$1521 [1:0] }, B={ 2'01 $memory$flatten\lut.$auto$proc_rom.cc:150:do_switch$485$rdmux[0][6][32]$b$1522 [0] }, Y=$memory$flatten\lut.$auto$proc_rom.cc:150:do_switch$485$rdmux[0][5][16]$a$1377 [2:0]
      New connections: $memory$flatten\lut.$auto$proc_rom.cc:150:do_switch$485$rdmux[0][5][16]$a$1377 [15:3] = 13'0000000000010
    Consolidated identical input bits for $mux cell $memory$flatten\lut.$auto$proc_rom.cc:150:do_switch$485$rdmux[0][6][31]$1517:
      Old ports: A=$memory$flatten\lut.$auto$proc_rom.cc:150:do_switch$485$rdmux[0][6][31]$a$1518, B=$memory$flatten\lut.$auto$proc_rom.cc:150:do_switch$485$rdmux[0][6][31]$b$1519, Y=$memory$flatten\lut.$auto$proc_rom.cc:150:do_switch$485$rdmux[0][5][15]$b$1375
      New ports: A={ 1'1 $memory$flatten\lut.$auto$proc_rom.cc:150:do_switch$485$rdmux[0][6][31]$a$1518 [2] $memory$flatten\lut.$auto$proc_rom.cc:150:do_switch$485$rdmux[0][6][31]$a$1518 [0] $memory$flatten\lut.$auto$proc_rom.cc:150:do_switch$485$rdmux[0][6][31]$a$1518 [0] }, B={ $memory$flatten\lut.$auto$proc_rom.cc:150:do_switch$485$rdmux[0][6][31]$b$1519 [3] $memory$flatten\lut.$auto$proc_rom.cc:150:do_switch$485$rdmux[0][6][31]$b$1519 [1] $memory$flatten\lut.$auto$proc_rom.cc:150:do_switch$485$rdmux[0][6][31]$b$1519 [1] 1'1 }, Y=$memory$flatten\lut.$auto$proc_rom.cc:150:do_switch$485$rdmux[0][5][15]$b$1375 [3:0]
      New connections: $memory$flatten\lut.$auto$proc_rom.cc:150:do_switch$485$rdmux[0][5][15]$b$1375 [15:4] = 12'000000000001
    Consolidated identical input bits for $mux cell $memory$flatten\lut.$auto$proc_rom.cc:150:do_switch$485$rdmux[0][6][30]$1514:
      Old ports: A=$memory$flatten\lut.$auto$proc_rom.cc:150:do_switch$485$rdmux[0][6][30]$a$1515, B=$memory$flatten\lut.$auto$proc_rom.cc:150:do_switch$485$rdmux[0][6][30]$b$1516, Y=$memory$flatten\lut.$auto$proc_rom.cc:150:do_switch$485$rdmux[0][5][15]$a$1374
      New ports: A={ 2'10 $memory$flatten\lut.$auto$proc_rom.cc:150:do_switch$485$rdmux[0][6][30]$a$1515 [2:1] }, B={ $memory$flatten\lut.$auto$proc_rom.cc:150:do_switch$485$rdmux[0][6][30]$b$1516 [5] $memory$flatten\lut.$auto$proc_rom.cc:150:do_switch$485$rdmux[0][6][30]$b$1516 [1] $memory$flatten\lut.$auto$proc_rom.cc:150:do_switch$485$rdmux[0][6][30]$b$1516 [1] $memory$flatten\lut.$auto$proc_rom.cc:150:do_switch$485$rdmux[0][6][30]$b$1516 [1] }, Y={ $memory$flatten\lut.$auto$proc_rom.cc:150:do_switch$485$rdmux[0][5][15]$a$1374 [5] $memory$flatten\lut.$auto$proc_rom.cc:150:do_switch$485$rdmux[0][5][15]$a$1374 [3:1] }
      New connections: { $memory$flatten\lut.$auto$proc_rom.cc:150:do_switch$485$rdmux[0][5][15]$a$1374 [15:6] $memory$flatten\lut.$auto$proc_rom.cc:150:do_switch$485$rdmux[0][5][15]$a$1374 [4] $memory$flatten\lut.$auto$proc_rom.cc:150:do_switch$485$rdmux[0][5][15]$a$1374 [0] } = { 10'0000000000 $memory$flatten\lut.$auto$proc_rom.cc:150:do_switch$485$rdmux[0][5][15]$a$1374 [3] 1'0 }
    Consolidated identical input bits for $mux cell $memory$flatten\lut.$auto$proc_rom.cc:150:do_switch$485$rdmux[0][6][29]$1511:
      Old ports: A=$memory$flatten\lut.$auto$proc_rom.cc:150:do_switch$485$rdmux[0][6][29]$a$1512, B=$memory$flatten\lut.$auto$proc_rom.cc:150:do_switch$485$rdmux[0][6][29]$b$1513, Y=$memory$flatten\lut.$auto$proc_rom.cc:150:do_switch$485$rdmux[0][5][14]$b$1372
      New ports: A={ 2'11 $memory$flatten\lut.$auto$proc_rom.cc:150:do_switch$485$rdmux[0][6][29]$a$1512 [0] $memory$flatten\lut.$auto$proc_rom.cc:150:do_switch$485$rdmux[0][6][29]$a$1512 [0] }, B={ $memory$flatten\lut.$auto$proc_rom.cc:150:do_switch$485$rdmux[0][6][29]$b$1513 [3] $memory$flatten\lut.$auto$proc_rom.cc:150:do_switch$485$rdmux[0][6][29]$b$1513 [1] $memory$flatten\lut.$auto$proc_rom.cc:150:do_switch$485$rdmux[0][6][29]$b$1513 [1] 1'1 }, Y=$memory$flatten\lut.$auto$proc_rom.cc:150:do_switch$485$rdmux[0][5][14]$b$1372 [3:0]
      New connections: $memory$flatten\lut.$auto$proc_rom.cc:150:do_switch$485$rdmux[0][5][14]$b$1372 [15:4] = 12'000000000010
    Consolidated identical input bits for $mux cell $memory$flatten\lut.$auto$proc_rom.cc:150:do_switch$485$rdmux[0][6][28]$1508:
      Old ports: A=$memory$flatten\lut.$auto$proc_rom.cc:150:do_switch$485$rdmux[0][6][28]$a$1509, B=$memory$flatten\lut.$auto$proc_rom.cc:150:do_switch$485$rdmux[0][6][28]$b$1510, Y=$memory$flatten\lut.$auto$proc_rom.cc:150:do_switch$485$rdmux[0][5][14]$a$1371
      New ports: A={ 1'1 $memory$flatten\lut.$auto$proc_rom.cc:150:do_switch$485$rdmux[0][6][28]$a$1509 [2] 2'00 }, B={ 1'0 $memory$flatten\lut.$auto$proc_rom.cc:150:do_switch$485$rdmux[0][6][28]$b$1510 [0] $memory$flatten\lut.$auto$proc_rom.cc:150:do_switch$485$rdmux[0][6][28]$b$1510 [1:0] }, Y=$memory$flatten\lut.$auto$proc_rom.cc:150:do_switch$485$rdmux[0][5][14]$a$1371 [3:0]
      New connections: $memory$flatten\lut.$auto$proc_rom.cc:150:do_switch$485$rdmux[0][5][14]$a$1371 [15:4] = 12'000000000011
    Consolidated identical input bits for $mux cell $memory$flatten\lut.$auto$proc_rom.cc:150:do_switch$485$rdmux[0][6][27]$1505:
      Old ports: A=$memory$flatten\lut.$auto$proc_rom.cc:150:do_switch$485$rdmux[0][6][27]$a$1506, B=$memory$flatten\lut.$auto$proc_rom.cc:150:do_switch$485$rdmux[0][6][27]$b$1507, Y=$memory$flatten\lut.$auto$proc_rom.cc:150:do_switch$485$rdmux[0][5][13]$b$1369
      New ports: A={ 1'1 $memory$flatten\lut.$auto$proc_rom.cc:150:do_switch$485$rdmux[0][6][27]$a$1506 [0] $memory$flatten\lut.$auto$proc_rom.cc:150:do_switch$485$rdmux[0][6][27]$a$1506 [0] }, B={ 1'0 $memory$flatten\lut.$auto$proc_rom.cc:150:do_switch$485$rdmux[0][6][27]$b$1507 [2] 1'0 }, Y={ $memory$flatten\lut.$auto$proc_rom.cc:150:do_switch$485$rdmux[0][5][13]$b$1369 [3:2] $memory$flatten\lut.$auto$proc_rom.cc:150:do_switch$485$rdmux[0][5][13]$b$1369 [0] }
      New connections: { $memory$flatten\lut.$auto$proc_rom.cc:150:do_switch$485$rdmux[0][5][13]$b$1369 [15:4] $memory$flatten\lut.$auto$proc_rom.cc:150:do_switch$485$rdmux[0][5][13]$b$1369 [1] } = 13'0000000001000
    Consolidated identical input bits for $mux cell $memory$flatten\lut.$auto$proc_rom.cc:150:do_switch$485$rdmux[0][6][26]$1502:
      Old ports: A=$memory$flatten\lut.$auto$proc_rom.cc:150:do_switch$485$rdmux[0][6][26]$a$1503, B=$memory$flatten\lut.$auto$proc_rom.cc:150:do_switch$485$rdmux[0][6][26]$b$1504, Y=$memory$flatten\lut.$auto$proc_rom.cc:150:do_switch$485$rdmux[0][5][13]$a$1368
      New ports: A={ $memory$flatten\lut.$auto$proc_rom.cc:150:do_switch$485$rdmux[0][6][26]$a$1503 [1] $memory$flatten\lut.$auto$proc_rom.cc:150:do_switch$485$rdmux[0][6][26]$a$1503 [2] $memory$flatten\lut.$auto$proc_rom.cc:150:do_switch$485$rdmux[0][6][26]$a$1503 [2] $memory$flatten\lut.$auto$proc_rom.cc:150:do_switch$485$rdmux[0][6][26]$a$1503 [2:1] 1'1 }, B={ 3'010 $memory$flatten\lut.$auto$proc_rom.cc:150:do_switch$485$rdmux[0][6][26]$b$1504 [0] 1'1 $memory$flatten\lut.$auto$proc_rom.cc:150:do_switch$485$rdmux[0][6][26]$b$1504 [0] }, Y=$memory$flatten\lut.$auto$proc_rom.cc:150:do_switch$485$rdmux[0][5][13]$a$1368 [5:0]
      New connections: $memory$flatten\lut.$auto$proc_rom.cc:150:do_switch$485$rdmux[0][5][13]$a$1368 [15:6] = 10'0000000001
    Consolidated identical input bits for $mux cell $memory$flatten\lut.$auto$proc_rom.cc:150:do_switch$485$rdmux[0][6][25]$1499:
      Old ports: A=$memory$flatten\lut.$auto$proc_rom.cc:150:do_switch$485$rdmux[0][6][25]$a$1500, B=$memory$flatten\lut.$auto$proc_rom.cc:150:do_switch$485$rdmux[0][6][25]$b$1501, Y=$memory$flatten\lut.$auto$proc_rom.cc:150:do_switch$485$rdmux[0][5][12]$b$1366
      New ports: A={ 1'1 $memory$flatten\lut.$auto$proc_rom.cc:150:do_switch$485$rdmux[0][6][25]$a$1500 [3] 2'11 }, B={ $memory$flatten\lut.$auto$proc_rom.cc:150:do_switch$485$rdmux[0][6][25]$b$1501 [4] $memory$flatten\lut.$auto$proc_rom.cc:150:do_switch$485$rdmux[0][6][25]$b$1501 [0] 1'0 $memory$flatten\lut.$auto$proc_rom.cc:150:do_switch$485$rdmux[0][6][25]$b$1501 [0] }, Y={ $memory$flatten\lut.$auto$proc_rom.cc:150:do_switch$485$rdmux[0][5][12]$b$1366 [4:3] $memory$flatten\lut.$auto$proc_rom.cc:150:do_switch$485$rdmux[0][5][12]$b$1366 [1:0] }
      New connections: { $memory$flatten\lut.$auto$proc_rom.cc:150:do_switch$485$rdmux[0][5][12]$b$1366 [15:5] $memory$flatten\lut.$auto$proc_rom.cc:150:do_switch$485$rdmux[0][5][12]$b$1366 [2] } = { 11'00000000011 $memory$flatten\lut.$auto$proc_rom.cc:150:do_switch$485$rdmux[0][5][12]$b$1366 [1] }
    Consolidated identical input bits for $mux cell $memory$flatten\lut.$auto$proc_rom.cc:150:do_switch$485$rdmux[0][6][24]$1496:
      Old ports: A=$memory$flatten\lut.$auto$proc_rom.cc:150:do_switch$485$rdmux[0][6][24]$a$1497, B=$memory$flatten\lut.$auto$proc_rom.cc:150:do_switch$485$rdmux[0][6][24]$b$1498, Y=$memory$flatten\lut.$auto$proc_rom.cc:150:do_switch$485$rdmux[0][5][12]$a$1365
      New ports: A={ $memory$flatten\lut.$auto$proc_rom.cc:150:do_switch$485$rdmux[0][6][24]$a$1497 [1:0] $memory$flatten\lut.$auto$proc_rom.cc:150:do_switch$485$rdmux[0][6][24]$a$1497 [0] 1'0 $memory$flatten\lut.$auto$proc_rom.cc:150:do_switch$485$rdmux[0][6][24]$a$1497 [1:0] }, B={ 2'00 $memory$flatten\lut.$auto$proc_rom.cc:150:do_switch$485$rdmux[0][6][24]$b$1498 [3] 3'111 }, Y=$memory$flatten\lut.$auto$proc_rom.cc:150:do_switch$485$rdmux[0][5][12]$a$1365 [5:0]
      New connections: $memory$flatten\lut.$auto$proc_rom.cc:150:do_switch$485$rdmux[0][5][12]$a$1365 [15:6] = 10'0000000010
    Consolidated identical input bits for $mux cell $memory$flatten\lut.$auto$proc_rom.cc:150:do_switch$485$rdmux[0][6][23]$1493:
      Old ports: A=$memory$flatten\lut.$auto$proc_rom.cc:150:do_switch$485$rdmux[0][6][23]$a$1494, B=$memory$flatten\lut.$auto$proc_rom.cc:150:do_switch$485$rdmux[0][6][23]$b$1495, Y=$memory$flatten\lut.$auto$proc_rom.cc:150:do_switch$485$rdmux[0][5][11]$b$1363
      New ports: A={ 1'1 $memory$flatten\lut.$auto$proc_rom.cc:150:do_switch$485$rdmux[0][6][23]$a$1494 [0] 1'0 $memory$flatten\lut.$auto$proc_rom.cc:150:do_switch$485$rdmux[0][6][23]$a$1494 [2] $memory$flatten\lut.$auto$proc_rom.cc:150:do_switch$485$rdmux[0][6][23]$a$1494 [0] }, B={ 1'0 $memory$flatten\lut.$auto$proc_rom.cc:150:do_switch$485$rdmux[0][6][23]$b$1495 [4] 1'1 $memory$flatten\lut.$auto$proc_rom.cc:150:do_switch$485$rdmux[0][6][23]$b$1495 [0] $memory$flatten\lut.$auto$proc_rom.cc:150:do_switch$485$rdmux[0][6][23]$b$1495 [0] }, Y={ $memory$flatten\lut.$auto$proc_rom.cc:150:do_switch$485$rdmux[0][5][11]$b$1363 [6] $memory$flatten\lut.$auto$proc_rom.cc:150:do_switch$485$rdmux[0][5][11]$b$1363 [4:2] $memory$flatten\lut.$auto$proc_rom.cc:150:do_switch$485$rdmux[0][5][11]$b$1363 [0] }
      New connections: { $memory$flatten\lut.$auto$proc_rom.cc:150:do_switch$485$rdmux[0][5][11]$b$1363 [15:7] $memory$flatten\lut.$auto$proc_rom.cc:150:do_switch$485$rdmux[0][5][11]$b$1363 [5] $memory$flatten\lut.$auto$proc_rom.cc:150:do_switch$485$rdmux[0][5][11]$b$1363 [1] } = { 9'000000001 $memory$flatten\lut.$auto$proc_rom.cc:150:do_switch$485$rdmux[0][5][11]$b$1363 [3] 1'0 }
    Consolidated identical input bits for $mux cell $memory$flatten\lut.$auto$proc_rom.cc:150:do_switch$485$rdmux[0][6][22]$1490:
      Old ports: A=$memory$flatten\lut.$auto$proc_rom.cc:150:do_switch$485$rdmux[0][6][22]$a$1491, B=$memory$flatten\lut.$auto$proc_rom.cc:150:do_switch$485$rdmux[0][6][22]$b$1492, Y=$memory$flatten\lut.$auto$proc_rom.cc:150:do_switch$485$rdmux[0][5][11]$a$1362
      New ports: A={ $memory$flatten\lut.$auto$proc_rom.cc:150:do_switch$485$rdmux[0][6][22]$a$1491 [8] $memory$flatten\lut.$auto$proc_rom.cc:150:do_switch$485$rdmux[0][6][22]$a$1491 [4] $memory$flatten\lut.$auto$proc_rom.cc:150:do_switch$485$rdmux[0][6][22]$a$1491 [4] $memory$flatten\lut.$auto$proc_rom.cc:150:do_switch$485$rdmux[0][6][22]$a$1491 [4] 1'0 }, B={ 2'01 $memory$flatten\lut.$auto$proc_rom.cc:150:do_switch$485$rdmux[0][6][22]$b$1492 [5] $memory$flatten\lut.$auto$proc_rom.cc:150:do_switch$485$rdmux[0][6][22]$b$1492 [1] $memory$flatten\lut.$auto$proc_rom.cc:150:do_switch$485$rdmux[0][6][22]$b$1492 [1] }, Y={ $memory$flatten\lut.$auto$proc_rom.cc:150:do_switch$485$rdmux[0][5][11]$a$1362 [8] $memory$flatten\lut.$auto$proc_rom.cc:150:do_switch$485$rdmux[0][5][11]$a$1362 [6:4] $memory$flatten\lut.$auto$proc_rom.cc:150:do_switch$485$rdmux[0][5][11]$a$1362 [1] }
      New connections: { $memory$flatten\lut.$auto$proc_rom.cc:150:do_switch$485$rdmux[0][5][11]$a$1362 [15:9] $memory$flatten\lut.$auto$proc_rom.cc:150:do_switch$485$rdmux[0][5][11]$a$1362 [7] $memory$flatten\lut.$auto$proc_rom.cc:150:do_switch$485$rdmux[0][5][11]$a$1362 [3:2] $memory$flatten\lut.$auto$proc_rom.cc:150:do_switch$485$rdmux[0][5][11]$a$1362 [0] } = { 7'0000000 $memory$flatten\lut.$auto$proc_rom.cc:150:do_switch$485$rdmux[0][5][11]$a$1362 [6] 3'110 }
    Consolidated identical input bits for $mux cell $memory$flatten\lut.$auto$proc_rom.cc:150:do_switch$485$rdmux[0][6][21]$1487:
      Old ports: A=$memory$flatten\lut.$auto$proc_rom.cc:150:do_switch$485$rdmux[0][6][21]$a$1488, B=$memory$flatten\lut.$auto$proc_rom.cc:150:do_switch$485$rdmux[0][6][21]$b$1489, Y=$memory$flatten\lut.$auto$proc_rom.cc:150:do_switch$485$rdmux[0][5][10]$b$1360
      New ports: A={ 2'10 $memory$flatten\lut.$auto$proc_rom.cc:150:do_switch$485$rdmux[0][6][21]$a$1488 [3] $memory$flatten\lut.$auto$proc_rom.cc:150:do_switch$485$rdmux[0][6][21]$a$1488 [3] 1'0 $memory$flatten\lut.$auto$proc_rom.cc:150:do_switch$485$rdmux[0][6][21]$a$1488 [0] $memory$flatten\lut.$auto$proc_rom.cc:150:do_switch$485$rdmux[0][6][21]$a$1488 [0] }, B={ 1'0 $memory$flatten\lut.$auto$proc_rom.cc:150:do_switch$485$rdmux[0][6][21]$b$1489 [1] $memory$flatten\lut.$auto$proc_rom.cc:150:do_switch$485$rdmux[0][6][21]$b$1489 [4] 2'11 $memory$flatten\lut.$auto$proc_rom.cc:150:do_switch$485$rdmux[0][6][21]$b$1489 [1] 1'1 }, Y=$memory$flatten\lut.$auto$proc_rom.cc:150:do_switch$485$rdmux[0][5][10]$b$1360 [6:0]
      New connections: $memory$flatten\lut.$auto$proc_rom.cc:150:do_switch$485$rdmux[0][5][10]$b$1360 [15:7] = 9'000000010
    Consolidated identical input bits for $mux cell $memory$flatten\lut.$auto$proc_rom.cc:150:do_switch$485$rdmux[0][6][20]$1484:
      Old ports: A=$memory$flatten\lut.$auto$proc_rom.cc:150:do_switch$485$rdmux[0][6][20]$a$1485, B=$memory$flatten\lut.$auto$proc_rom.cc:150:do_switch$485$rdmux[0][6][20]$b$1486, Y=$memory$flatten\lut.$auto$proc_rom.cc:150:do_switch$485$rdmux[0][5][10]$a$1359
      New ports: A={ 2'10 $memory$flatten\lut.$auto$proc_rom.cc:150:do_switch$485$rdmux[0][6][20]$a$1485 [5] 2'11 $memory$flatten\lut.$auto$proc_rom.cc:150:do_switch$485$rdmux[0][6][20]$a$1485 [0] $memory$flatten\lut.$auto$proc_rom.cc:150:do_switch$485$rdmux[0][6][20]$a$1485 [0] }, B={ $memory$flatten\lut.$auto$proc_rom.cc:150:do_switch$485$rdmux[0][6][20]$b$1486 [7] $memory$flatten\lut.$auto$proc_rom.cc:150:do_switch$485$rdmux[0][6][20]$b$1486 [3] $memory$flatten\lut.$auto$proc_rom.cc:150:do_switch$485$rdmux[0][6][20]$b$1486 [3] 1'0 $memory$flatten\lut.$auto$proc_rom.cc:150:do_switch$485$rdmux[0][6][20]$b$1486 [3] 2'10 }, Y={ $memory$flatten\lut.$auto$proc_rom.cc:150:do_switch$485$rdmux[0][5][10]$a$1359 [7:2] $memory$flatten\lut.$auto$proc_rom.cc:150:do_switch$485$rdmux[0][5][10]$a$1359 [0] }
      New connections: { $memory$flatten\lut.$auto$proc_rom.cc:150:do_switch$485$rdmux[0][5][10]$a$1359 [15:8] $memory$flatten\lut.$auto$proc_rom.cc:150:do_switch$485$rdmux[0][5][10]$a$1359 [1] } = 9'000000011
    Consolidated identical input bits for $mux cell $memory$flatten\lut.$auto$proc_rom.cc:150:do_switch$485$rdmux[0][6][19]$1481:
      Old ports: A=$memory$flatten\lut.$auto$proc_rom.cc:150:do_switch$485$rdmux[0][6][19]$a$1482, B=$memory$flatten\lut.$auto$proc_rom.cc:150:do_switch$485$rdmux[0][6][19]$b$1483, Y=$memory$flatten\lut.$auto$proc_rom.cc:150:do_switch$485$rdmux[0][5][9]$b$1357
      New ports: A={ 1'0 $memory$flatten\lut.$auto$proc_rom.cc:150:do_switch$485$rdmux[0][6][19]$a$1482 [1] $memory$flatten\lut.$auto$proc_rom.cc:150:do_switch$485$rdmux[0][6][19]$a$1482 [1] 1'1 }, B={ 1'1 $memory$flatten\lut.$auto$proc_rom.cc:150:do_switch$485$rdmux[0][6][19]$b$1483 [5] $memory$flatten\lut.$auto$proc_rom.cc:150:do_switch$485$rdmux[0][6][19]$b$1483 [1] 1'0 }, Y={ $memory$flatten\lut.$auto$proc_rom.cc:150:do_switch$485$rdmux[0][5][9]$b$1357 [6:5] $memory$flatten\lut.$auto$proc_rom.cc:150:do_switch$485$rdmux[0][5][9]$b$1357 [1:0] }
      New connections: { $memory$flatten\lut.$auto$proc_rom.cc:150:do_switch$485$rdmux[0][5][9]$b$1357 [15:7] $memory$flatten\lut.$auto$proc_rom.cc:150:do_switch$485$rdmux[0][5][9]$b$1357 [4:2] } = { 6'000000 $memory$flatten\lut.$auto$proc_rom.cc:150:do_switch$485$rdmux[0][5][9]$b$1357 [0] $memory$flatten\lut.$auto$proc_rom.cc:150:do_switch$485$rdmux[0][5][9]$b$1357 [6] $memory$flatten\lut.$auto$proc_rom.cc:150:do_switch$485$rdmux[0][5][9]$b$1357 [6] 3'101 }
    Consolidated identical input bits for $mux cell $memory$flatten\lut.$auto$proc_rom.cc:150:do_switch$485$rdmux[0][6][18]$1478:
      Old ports: A=$memory$flatten\lut.$auto$proc_rom.cc:150:do_switch$485$rdmux[0][6][18]$a$1479, B=$memory$flatten\lut.$auto$proc_rom.cc:150:do_switch$485$rdmux[0][6][18]$b$1480, Y=$memory$flatten\lut.$auto$proc_rom.cc:150:do_switch$485$rdmux[0][5][9]$a$1356
      New ports: A={ 1'1 $memory$flatten\lut.$auto$proc_rom.cc:150:do_switch$485$rdmux[0][6][18]$a$1479 [2] $memory$flatten\lut.$auto$proc_rom.cc:150:do_switch$485$rdmux[0][6][18]$a$1479 [4] 1'1 $memory$flatten\lut.$auto$proc_rom.cc:150:do_switch$485$rdmux[0][6][18]$a$1479 [2] 1'0 }, B={ $memory$flatten\lut.$auto$proc_rom.cc:150:do_switch$485$rdmux[0][6][18]$b$1480 [1] 1'0 $memory$flatten\lut.$auto$proc_rom.cc:150:do_switch$485$rdmux[0][6][18]$b$1480 [2] $memory$flatten\lut.$auto$proc_rom.cc:150:do_switch$485$rdmux[0][6][18]$b$1480 [2] $memory$flatten\lut.$auto$proc_rom.cc:150:do_switch$485$rdmux[0][6][18]$b$1480 [2:1] }, Y={ $memory$flatten\lut.$auto$proc_rom.cc:150:do_switch$485$rdmux[0][5][9]$a$1356 [7] $memory$flatten\lut.$auto$proc_rom.cc:150:do_switch$485$rdmux[0][5][9]$a$1356 [5:1] }
      New connections: { $memory$flatten\lut.$auto$proc_rom.cc:150:do_switch$485$rdmux[0][5][9]$a$1356 [15:8] $memory$flatten\lut.$auto$proc_rom.cc:150:do_switch$485$rdmux[0][5][9]$a$1356 [6] $memory$flatten\lut.$auto$proc_rom.cc:150:do_switch$485$rdmux[0][5][9]$a$1356 [0] } = { 8'00000010 $memory$flatten\lut.$auto$proc_rom.cc:150:do_switch$485$rdmux[0][5][9]$a$1356 [4] 1'0 }
    Consolidated identical input bits for $mux cell $memory$flatten\lut.$auto$proc_rom.cc:150:do_switch$485$rdmux[0][6][17]$1475:
      Old ports: A=$memory$flatten\lut.$auto$proc_rom.cc:150:do_switch$485$rdmux[0][6][17]$a$1476, B=$memory$flatten\lut.$auto$proc_rom.cc:150:do_switch$485$rdmux[0][6][17]$b$1477, Y=$memory$flatten\lut.$auto$proc_rom.cc:150:do_switch$485$rdmux[0][5][8]$b$1354
      New ports: A={ $memory$flatten\lut.$auto$proc_rom.cc:150:do_switch$485$rdmux[0][6][17]$a$1476 [0] $memory$flatten\lut.$auto$proc_rom.cc:150:do_switch$485$rdmux[0][6][17]$a$1476 [3] 2'10 $memory$flatten\lut.$auto$proc_rom.cc:150:do_switch$485$rdmux[0][6][17]$a$1476 [3] 1'1 $memory$flatten\lut.$auto$proc_rom.cc:150:do_switch$485$rdmux[0][6][17]$a$1476 [0] }, B={ 2'00 $memory$flatten\lut.$auto$proc_rom.cc:150:do_switch$485$rdmux[0][6][17]$b$1477 [3] $memory$flatten\lut.$auto$proc_rom.cc:150:do_switch$485$rdmux[0][6][17]$b$1477 [3] $memory$flatten\lut.$auto$proc_rom.cc:150:do_switch$485$rdmux[0][6][17]$b$1477 [3] $memory$flatten\lut.$auto$proc_rom.cc:150:do_switch$485$rdmux[0][6][17]$b$1477 [1] 1'1 }, Y={ $memory$flatten\lut.$auto$proc_rom.cc:150:do_switch$485$rdmux[0][5][8]$b$1354 [7:3] $memory$flatten\lut.$auto$proc_rom.cc:150:do_switch$485$rdmux[0][5][8]$b$1354 [1:0] }
      New connections: { $memory$flatten\lut.$auto$proc_rom.cc:150:do_switch$485$rdmux[0][5][8]$b$1354 [15:8] $memory$flatten\lut.$auto$proc_rom.cc:150:do_switch$485$rdmux[0][5][8]$b$1354 [2] } = { 8'00000011 $memory$flatten\lut.$auto$proc_rom.cc:150:do_switch$485$rdmux[0][5][8]$b$1354 [1] }
    Consolidated identical input bits for $mux cell $memory$flatten\lut.$auto$proc_rom.cc:150:do_switch$485$rdmux[0][6][16]$1472:
      Old ports: A=$memory$flatten\lut.$auto$proc_rom.cc:150:do_switch$485$rdmux[0][6][16]$a$1473, B=$memory$flatten\lut.$auto$proc_rom.cc:150:do_switch$485$rdmux[0][6][16]$b$1474, Y=$memory$flatten\lut.$auto$proc_rom.cc:150:do_switch$485$rdmux[0][5][8]$a$1353
      New ports: A={ 2'10 $memory$flatten\lut.$auto$proc_rom.cc:150:do_switch$485$rdmux[0][6][16]$a$1473 [4:3] $memory$flatten\lut.$auto$proc_rom.cc:150:do_switch$485$rdmux[0][6][16]$a$1473 [4:3] 1'0 }, B={ $memory$flatten\lut.$auto$proc_rom.cc:150:do_switch$485$rdmux[0][6][16]$b$1474 [10] $memory$flatten\lut.$auto$proc_rom.cc:150:do_switch$485$rdmux[0][6][16]$b$1474 [6] $memory$flatten\lut.$auto$proc_rom.cc:150:do_switch$485$rdmux[0][6][16]$b$1474 [6] $memory$flatten\lut.$auto$proc_rom.cc:150:do_switch$485$rdmux[0][6][16]$b$1474 [6] 3'001 }, Y={ $memory$flatten\lut.$auto$proc_rom.cc:150:do_switch$485$rdmux[0][5][8]$a$1353 [10] $memory$flatten\lut.$auto$proc_rom.cc:150:do_switch$485$rdmux[0][5][8]$a$1353 [8:6] $memory$flatten\lut.$auto$proc_rom.cc:150:do_switch$485$rdmux[0][5][8]$a$1353 [4:3] $memory$flatten\lut.$auto$proc_rom.cc:150:do_switch$485$rdmux[0][5][8]$a$1353 [0] }
      New connections: { $memory$flatten\lut.$auto$proc_rom.cc:150:do_switch$485$rdmux[0][5][8]$a$1353 [15:11] $memory$flatten\lut.$auto$proc_rom.cc:150:do_switch$485$rdmux[0][5][8]$a$1353 [9] $memory$flatten\lut.$auto$proc_rom.cc:150:do_switch$485$rdmux[0][5][8]$a$1353 [5] $memory$flatten\lut.$auto$proc_rom.cc:150:do_switch$485$rdmux[0][5][8]$a$1353 [2:1] } = { 5'00000 $memory$flatten\lut.$auto$proc_rom.cc:150:do_switch$485$rdmux[0][5][8]$a$1353 [8] 2'10 $memory$flatten\lut.$auto$proc_rom.cc:150:do_switch$485$rdmux[0][5][8]$a$1353 [0] }
    Consolidated identical input bits for $mux cell $memory$flatten\lut.$auto$proc_rom.cc:150:do_switch$485$rdmux[0][6][15]$1469:
      Old ports: A=$memory$flatten\lut.$auto$proc_rom.cc:150:do_switch$485$rdmux[0][6][15]$a$1470, B=$memory$flatten\lut.$auto$proc_rom.cc:150:do_switch$485$rdmux[0][6][15]$b$1471, Y=$memory$flatten\lut.$auto$proc_rom.cc:150:do_switch$485$rdmux[0][5][7]$b$1351
      New ports: A={ $memory$flatten\lut.$auto$proc_rom.cc:150:do_switch$485$rdmux[0][6][15]$a$1470 [3] 1'0 $memory$flatten\lut.$auto$proc_rom.cc:150:do_switch$485$rdmux[0][6][15]$a$1470 [3] $memory$flatten\lut.$auto$proc_rom.cc:150:do_switch$485$rdmux[0][6][15]$a$1470 [0] 1'0 $memory$flatten\lut.$auto$proc_rom.cc:150:do_switch$485$rdmux[0][6][15]$a$1470 [0] }, B={ $memory$flatten\lut.$auto$proc_rom.cc:150:do_switch$485$rdmux[0][6][15]$b$1471 [8] 1'1 $memory$flatten\lut.$auto$proc_rom.cc:150:do_switch$485$rdmux[0][6][15]$b$1471 [1] $memory$flatten\lut.$auto$proc_rom.cc:150:do_switch$485$rdmux[0][6][15]$b$1471 [1] $memory$flatten\lut.$auto$proc_rom.cc:150:do_switch$485$rdmux[0][6][15]$b$1471 [1] 1'0 }, Y={ $memory$flatten\lut.$auto$proc_rom.cc:150:do_switch$485$rdmux[0][5][7]$b$1351 [8] $memory$flatten\lut.$auto$proc_rom.cc:150:do_switch$485$rdmux[0][5][7]$b$1351 [4:0] }
      New connections: { $memory$flatten\lut.$auto$proc_rom.cc:150:do_switch$485$rdmux[0][5][7]$b$1351 [15:9] $memory$flatten\lut.$auto$proc_rom.cc:150:do_switch$485$rdmux[0][5][7]$b$1351 [7:5] } = { 6'000001 $memory$flatten\lut.$auto$proc_rom.cc:150:do_switch$485$rdmux[0][5][7]$b$1351 [0] $memory$flatten\lut.$auto$proc_rom.cc:150:do_switch$485$rdmux[0][5][7]$b$1351 [3] $memory$flatten\lut.$auto$proc_rom.cc:150:do_switch$485$rdmux[0][5][7]$b$1351 [4:3] }
    Consolidated identical input bits for $mux cell $memory$flatten\lut.$auto$proc_rom.cc:150:do_switch$485$rdmux[0][6][14]$1466:
      Old ports: A=$memory$flatten\lut.$auto$proc_rom.cc:150:do_switch$485$rdmux[0][6][14]$a$1467, B=$memory$flatten\lut.$auto$proc_rom.cc:150:do_switch$485$rdmux[0][6][14]$b$1468, Y=$memory$flatten\lut.$auto$proc_rom.cc:150:do_switch$485$rdmux[0][5][7]$a$1350
      New ports: A={ 1'1 $memory$flatten\lut.$auto$proc_rom.cc:150:do_switch$485$rdmux[0][6][14]$a$1467 [6] $memory$flatten\lut.$auto$proc_rom.cc:150:do_switch$485$rdmux[0][6][14]$a$1467 [3] $memory$flatten\lut.$auto$proc_rom.cc:150:do_switch$485$rdmux[0][6][14]$a$1467 [3] 2'11 }, B={ 2'01 $memory$flatten\lut.$auto$proc_rom.cc:150:do_switch$485$rdmux[0][6][14]$b$1468 [1:0] $memory$flatten\lut.$auto$proc_rom.cc:150:do_switch$485$rdmux[0][6][14]$b$1468 [1:0] }, Y={ $memory$flatten\lut.$auto$proc_rom.cc:150:do_switch$485$rdmux[0][5][7]$a$1350 [8] $memory$flatten\lut.$auto$proc_rom.cc:150:do_switch$485$rdmux[0][5][7]$a$1350 [6] $memory$flatten\lut.$auto$proc_rom.cc:150:do_switch$485$rdmux[0][5][7]$a$1350 [4:3] $memory$flatten\lut.$auto$proc_rom.cc:150:do_switch$485$rdmux[0][5][7]$a$1350 [1:0] }
      New connections: { $memory$flatten\lut.$auto$proc_rom.cc:150:do_switch$485$rdmux[0][5][7]$a$1350 [15:9] $memory$flatten\lut.$auto$proc_rom.cc:150:do_switch$485$rdmux[0][5][7]$a$1350 [7] $memory$flatten\lut.$auto$proc_rom.cc:150:do_switch$485$rdmux[0][5][7]$a$1350 [5] $memory$flatten\lut.$auto$proc_rom.cc:150:do_switch$485$rdmux[0][5][7]$a$1350 [2] } = { 7'0000011 $memory$flatten\lut.$auto$proc_rom.cc:150:do_switch$485$rdmux[0][5][7]$a$1350 [4:3] 1'0 }
    Consolidated identical input bits for $mux cell $memory$flatten\lut.$auto$proc_rom.cc:150:do_switch$485$rdmux[0][6][13]$1463:
      Old ports: A=$memory$flatten\lut.$auto$proc_rom.cc:150:do_switch$485$rdmux[0][6][13]$a$1464, B=$memory$flatten\lut.$auto$proc_rom.cc:150:do_switch$485$rdmux[0][6][13]$b$1465, Y=$memory$flatten\lut.$auto$proc_rom.cc:150:do_switch$485$rdmux[0][5][6]$b$1348
      New ports: A={ 1'1 $memory$flatten\lut.$auto$proc_rom.cc:150:do_switch$485$rdmux[0][6][13]$a$1464 [2] 1'1 $memory$flatten\lut.$auto$proc_rom.cc:150:do_switch$485$rdmux[0][6][13]$a$1464 [1] $memory$flatten\lut.$auto$proc_rom.cc:150:do_switch$485$rdmux[0][6][13]$a$1464 [2] $memory$flatten\lut.$auto$proc_rom.cc:150:do_switch$485$rdmux[0][6][13]$a$1464 [2:1] 1'1 }, B={ 1'0 $memory$flatten\lut.$auto$proc_rom.cc:150:do_switch$485$rdmux[0][6][13]$b$1465 [6] $memory$flatten\lut.$auto$proc_rom.cc:150:do_switch$485$rdmux[0][6][13]$b$1465 [6] $memory$flatten\lut.$auto$proc_rom.cc:150:do_switch$485$rdmux[0][6][13]$b$1465 [0] $memory$flatten\lut.$auto$proc_rom.cc:150:do_switch$485$rdmux[0][6][13]$b$1465 [0] 2'01 $memory$flatten\lut.$auto$proc_rom.cc:150:do_switch$485$rdmux[0][6][13]$b$1465 [0] }, Y={ $memory$flatten\lut.$auto$proc_rom.cc:150:do_switch$485$rdmux[0][5][6]$b$1348 [8:6] $memory$flatten\lut.$auto$proc_rom.cc:150:do_switch$485$rdmux[0][5][6]$b$1348 [4:0] }
      New connections: { $memory$flatten\lut.$auto$proc_rom.cc:150:do_switch$485$rdmux[0][5][6]$b$1348 [15:9] $memory$flatten\lut.$auto$proc_rom.cc:150:do_switch$485$rdmux[0][5][6]$b$1348 [5] } = { 7'0000100 $memory$flatten\lut.$auto$proc_rom.cc:150:do_switch$485$rdmux[0][5][6]$b$1348 [3] }
    Consolidated identical input bits for $mux cell $memory$flatten\lut.$auto$proc_rom.cc:150:do_switch$485$rdmux[0][6][12]$1460:
      Old ports: A=$memory$flatten\lut.$auto$proc_rom.cc:150:do_switch$485$rdmux[0][6][12]$a$1461, B=$memory$flatten\lut.$auto$proc_rom.cc:150:do_switch$485$rdmux[0][6][12]$b$1462, Y=$memory$flatten\lut.$auto$proc_rom.cc:150:do_switch$485$rdmux[0][5][6]$a$1347
      New ports: A={ $memory$flatten\lut.$auto$proc_rom.cc:150:do_switch$485$rdmux[0][6][12]$a$1461 [1] $memory$flatten\lut.$auto$proc_rom.cc:150:do_switch$485$rdmux[0][6][12]$a$1461 [6] $memory$flatten\lut.$auto$proc_rom.cc:150:do_switch$485$rdmux[0][6][12]$a$1461 [6] 1'1 $memory$flatten\lut.$auto$proc_rom.cc:150:do_switch$485$rdmux[0][6][12]$a$1461 [6] 1'1 $memory$flatten\lut.$auto$proc_rom.cc:150:do_switch$485$rdmux[0][6][12]$a$1461 [1] }, B={ 2'01 $memory$flatten\lut.$auto$proc_rom.cc:150:do_switch$485$rdmux[0][6][12]$b$1462 [1] $memory$flatten\lut.$auto$proc_rom.cc:150:do_switch$485$rdmux[0][6][12]$b$1462 [7] 1'0 $memory$flatten\lut.$auto$proc_rom.cc:150:do_switch$485$rdmux[0][6][12]$b$1462 [1] $memory$flatten\lut.$auto$proc_rom.cc:150:do_switch$485$rdmux[0][6][12]$b$1462 [1] }, Y={ $memory$flatten\lut.$auto$proc_rom.cc:150:do_switch$485$rdmux[0][5][6]$a$1347 [10:6] $memory$flatten\lut.$auto$proc_rom.cc:150:do_switch$485$rdmux[0][5][6]$a$1347 [3] $memory$flatten\lut.$auto$proc_rom.cc:150:do_switch$485$rdmux[0][5][6]$a$1347 [1] }
      New connections: { $memory$flatten\lut.$auto$proc_rom.cc:150:do_switch$485$rdmux[0][5][6]$a$1347 [15:11] $memory$flatten\lut.$auto$proc_rom.cc:150:do_switch$485$rdmux[0][5][6]$a$1347 [5:4] $memory$flatten\lut.$auto$proc_rom.cc:150:do_switch$485$rdmux[0][5][6]$a$1347 [2] $memory$flatten\lut.$auto$proc_rom.cc:150:do_switch$485$rdmux[0][5][6]$a$1347 [0] } = { 5'00001 $memory$flatten\lut.$auto$proc_rom.cc:150:do_switch$485$rdmux[0][5][6]$a$1347 [3] 1'1 $memory$flatten\lut.$auto$proc_rom.cc:150:do_switch$485$rdmux[0][5][6]$a$1347 [1] 1'1 }
    Consolidated identical input bits for $mux cell $memory$flatten\lut.$auto$proc_rom.cc:150:do_switch$485$rdmux[0][6][11]$1457:
      Old ports: A=$memory$flatten\lut.$auto$proc_rom.cc:150:do_switch$485$rdmux[0][6][11]$a$1458, B=$memory$flatten\lut.$auto$proc_rom.cc:150:do_switch$485$rdmux[0][6][11]$b$1459, Y=$memory$flatten\lut.$auto$proc_rom.cc:150:do_switch$485$rdmux[0][5][5]$b$1345
      New ports: A={ $memory$flatten\lut.$auto$proc_rom.cc:150:do_switch$485$rdmux[0][6][11]$a$1458 [5] $memory$flatten\lut.$auto$proc_rom.cc:150:do_switch$485$rdmux[0][6][11]$a$1458 [5] 2'01 $memory$flatten\lut.$auto$proc_rom.cc:150:do_switch$485$rdmux[0][6][11]$a$1458 [5] $memory$flatten\lut.$auto$proc_rom.cc:150:do_switch$485$rdmux[0][6][11]$a$1458 [1] $memory$flatten\lut.$auto$proc_rom.cc:150:do_switch$485$rdmux[0][6][11]$a$1458 [1] 1'0 }, B={ 1'1 $memory$flatten\lut.$auto$proc_rom.cc:150:do_switch$485$rdmux[0][6][11]$b$1459 [7] $memory$flatten\lut.$auto$proc_rom.cc:150:do_switch$485$rdmux[0][6][11]$b$1459 [7] $memory$flatten\lut.$auto$proc_rom.cc:150:do_switch$485$rdmux[0][6][11]$b$1459 [5] $memory$flatten\lut.$auto$proc_rom.cc:150:do_switch$485$rdmux[0][6][11]$b$1459 [5] 3'101 }, Y={ $memory$flatten\lut.$auto$proc_rom.cc:150:do_switch$485$rdmux[0][5][5]$b$1345 [10] $memory$flatten\lut.$auto$proc_rom.cc:150:do_switch$485$rdmux[0][5][5]$b$1345 [8:4] $memory$flatten\lut.$auto$proc_rom.cc:150:do_switch$485$rdmux[0][5][5]$b$1345 [1:0] }
      New connections: { $memory$flatten\lut.$auto$proc_rom.cc:150:do_switch$485$rdmux[0][5][5]$b$1345 [15:11] $memory$flatten\lut.$auto$proc_rom.cc:150:do_switch$485$rdmux[0][5][5]$b$1345 [9] $memory$flatten\lut.$auto$proc_rom.cc:150:do_switch$485$rdmux[0][5][5]$b$1345 [3:2] } = { 3'000 $memory$flatten\lut.$auto$proc_rom.cc:150:do_switch$485$rdmux[0][5][5]$b$1345 [1] $memory$flatten\lut.$auto$proc_rom.cc:150:do_switch$485$rdmux[0][5][5]$b$1345 [10] $memory$flatten\lut.$auto$proc_rom.cc:150:do_switch$485$rdmux[0][5][5]$b$1345 [5] $memory$flatten\lut.$auto$proc_rom.cc:150:do_switch$485$rdmux[0][5][5]$b$1345 [1] $memory$flatten\lut.$auto$proc_rom.cc:150:do_switch$485$rdmux[0][5][5]$b$1345 [1] }
    Consolidated identical input bits for $mux cell $memory$flatten\lut.$auto$proc_rom.cc:150:do_switch$485$rdmux[0][6][10]$1454:
      Old ports: A=$memory$flatten\lut.$auto$proc_rom.cc:150:do_switch$485$rdmux[0][6][10]$a$1455, B=$memory$flatten\lut.$auto$proc_rom.cc:150:do_switch$485$rdmux[0][6][10]$b$1456, Y=$memory$flatten\lut.$auto$proc_rom.cc:150:do_switch$485$rdmux[0][5][5]$a$1344
      New ports: A={ $memory$flatten\lut.$auto$proc_rom.cc:150:do_switch$485$rdmux[0][6][10]$a$1455 [0] 1'1 $memory$flatten\lut.$auto$proc_rom.cc:150:do_switch$485$rdmux[0][6][10]$a$1455 [2] 1'0 $memory$flatten\lut.$auto$proc_rom.cc:150:do_switch$485$rdmux[0][6][10]$a$1455 [2] $memory$flatten\lut.$auto$proc_rom.cc:150:do_switch$485$rdmux[0][6][10]$a$1455 [2] $memory$flatten\lut.$auto$proc_rom.cc:150:do_switch$485$rdmux[0][6][10]$a$1455 [2] 1'1 $memory$flatten\lut.$auto$proc_rom.cc:150:do_switch$485$rdmux[0][6][10]$a$1455 [0] }, B={ 1'0 $memory$flatten\lut.$auto$proc_rom.cc:150:do_switch$485$rdmux[0][6][10]$b$1456 [2] $memory$flatten\lut.$auto$proc_rom.cc:150:do_switch$485$rdmux[0][6][10]$b$1456 [0] $memory$flatten\lut.$auto$proc_rom.cc:150:do_switch$485$rdmux[0][6][10]$b$1456 [2] 2'01 $memory$flatten\lut.$auto$proc_rom.cc:150:do_switch$485$rdmux[0][6][10]$b$1456 [2] $memory$flatten\lut.$auto$proc_rom.cc:150:do_switch$485$rdmux[0][6][10]$b$1456 [0] $memory$flatten\lut.$auto$proc_rom.cc:150:do_switch$485$rdmux[0][6][10]$b$1456 [0] }, Y={ $memory$flatten\lut.$auto$proc_rom.cc:150:do_switch$485$rdmux[0][5][5]$a$1344 [10] $memory$flatten\lut.$auto$proc_rom.cc:150:do_switch$485$rdmux[0][5][5]$a$1344 [8:6] $memory$flatten\lut.$auto$proc_rom.cc:150:do_switch$485$rdmux[0][5][5]$a$1344 [4:0] }
      New connections: { $memory$flatten\lut.$auto$proc_rom.cc:150:do_switch$485$rdmux[0][5][5]$a$1344 [15:11] $memory$flatten\lut.$auto$proc_rom.cc:150:do_switch$485$rdmux[0][5][5]$a$1344 [9] $memory$flatten\lut.$auto$proc_rom.cc:150:do_switch$485$rdmux[0][5][5]$a$1344 [5] } = { 5'00010 $memory$flatten\lut.$auto$proc_rom.cc:150:do_switch$485$rdmux[0][5][5]$a$1344 [7] $memory$flatten\lut.$auto$proc_rom.cc:150:do_switch$485$rdmux[0][5][5]$a$1344 [2] }
    Consolidated identical input bits for $mux cell $memory$flatten\lut.$auto$proc_rom.cc:150:do_switch$485$rdmux[0][6][9]$1451:
      Old ports: A=$memory$flatten\lut.$auto$proc_rom.cc:150:do_switch$485$rdmux[0][6][9]$a$1452, B=$memory$flatten\lut.$auto$proc_rom.cc:150:do_switch$485$rdmux[0][6][9]$b$1453, Y=$memory$flatten\lut.$auto$proc_rom.cc:150:do_switch$485$rdmux[0][5][4]$b$1342
      New ports: A={ 1'0 $memory$flatten\lut.$auto$proc_rom.cc:150:do_switch$485$rdmux[0][6][9]$a$1452 [1] $memory$flatten\lut.$auto$proc_rom.cc:150:do_switch$485$rdmux[0][6][9]$a$1452 [8] $memory$flatten\lut.$auto$proc_rom.cc:150:do_switch$485$rdmux[0][6][9]$a$1452 [1] $memory$flatten\lut.$auto$proc_rom.cc:150:do_switch$485$rdmux[0][6][9]$a$1452 [1] 2'10 $memory$flatten\lut.$auto$proc_rom.cc:150:do_switch$485$rdmux[0][6][9]$a$1452 [1] 1'1 }, B={ 2'11 $memory$flatten\lut.$auto$proc_rom.cc:150:do_switch$485$rdmux[0][6][9]$b$1453 [7] $memory$flatten\lut.$auto$proc_rom.cc:150:do_switch$485$rdmux[0][6][9]$b$1453 [7] 1'0 $memory$flatten\lut.$auto$proc_rom.cc:150:do_switch$485$rdmux[0][6][9]$b$1453 [1] $memory$flatten\lut.$auto$proc_rom.cc:150:do_switch$485$rdmux[0][6][9]$b$1453 [1] $memory$flatten\lut.$auto$proc_rom.cc:150:do_switch$485$rdmux[0][6][9]$b$1453 [1] 1'0 }, Y={ $memory$flatten\lut.$auto$proc_rom.cc:150:do_switch$485$rdmux[0][5][4]$b$1342 [10:7] $memory$flatten\lut.$auto$proc_rom.cc:150:do_switch$485$rdmux[0][5][4]$b$1342 [5] $memory$flatten\lut.$auto$proc_rom.cc:150:do_switch$485$rdmux[0][5][4]$b$1342 [3:0] }
      New connections: { $memory$flatten\lut.$auto$proc_rom.cc:150:do_switch$485$rdmux[0][5][4]$b$1342 [15:11] $memory$flatten\lut.$auto$proc_rom.cc:150:do_switch$485$rdmux[0][5][4]$b$1342 [6] $memory$flatten\lut.$auto$proc_rom.cc:150:do_switch$485$rdmux[0][5][4]$b$1342 [4] } = { 4'0001 $memory$flatten\lut.$auto$proc_rom.cc:150:do_switch$485$rdmux[0][5][4]$b$1342 [0] 2'11 }
    Consolidated identical input bits for $mux cell $memory$flatten\lut.$auto$proc_rom.cc:150:do_switch$485$rdmux[0][6][8]$1448:
      Old ports: A=$memory$flatten\lut.$auto$proc_rom.cc:150:do_switch$485$rdmux[0][6][8]$a$1449, B=$memory$flatten\lut.$auto$proc_rom.cc:150:do_switch$485$rdmux[0][6][8]$b$1450, Y=$memory$flatten\lut.$auto$proc_rom.cc:150:do_switch$485$rdmux[0][5][4]$a$1341
      New ports: A={ $memory$flatten\lut.$auto$proc_rom.cc:150:do_switch$485$rdmux[0][6][8]$a$1449 [0] $memory$flatten\lut.$auto$proc_rom.cc:150:do_switch$485$rdmux[0][6][8]$a$1449 [0] 1'0 $memory$flatten\lut.$auto$proc_rom.cc:150:do_switch$485$rdmux[0][6][8]$a$1449 [3] 2'10 $memory$flatten\lut.$auto$proc_rom.cc:150:do_switch$485$rdmux[0][6][8]$a$1449 [0] }, B={ $memory$flatten\lut.$auto$proc_rom.cc:150:do_switch$485$rdmux[0][6][8]$b$1450 [1] $memory$flatten\lut.$auto$proc_rom.cc:150:do_switch$485$rdmux[0][6][8]$b$1450 [3] 1'1 $memory$flatten\lut.$auto$proc_rom.cc:150:do_switch$485$rdmux[0][6][8]$b$1450 [3] 1'0 $memory$flatten\lut.$auto$proc_rom.cc:150:do_switch$485$rdmux[0][6][8]$b$1450 [1] 1'1 }, Y={ $memory$flatten\lut.$auto$proc_rom.cc:150:do_switch$485$rdmux[0][5][4]$a$1341 [9] $memory$flatten\lut.$auto$proc_rom.cc:150:do_switch$485$rdmux[0][5][4]$a$1341 [5:0] }
      New connections: { $memory$flatten\lut.$auto$proc_rom.cc:150:do_switch$485$rdmux[0][5][4]$a$1341 [15:10] $memory$flatten\lut.$auto$proc_rom.cc:150:do_switch$485$rdmux[0][5][4]$a$1341 [8:6] } = { 2'00 $memory$flatten\lut.$auto$proc_rom.cc:150:do_switch$485$rdmux[0][5][4]$a$1341 [2] $memory$flatten\lut.$auto$proc_rom.cc:150:do_switch$485$rdmux[0][5][4]$a$1341 [4] $memory$flatten\lut.$auto$proc_rom.cc:150:do_switch$485$rdmux[0][5][4]$a$1341 [4] $memory$flatten\lut.$auto$proc_rom.cc:150:do_switch$485$rdmux[0][5][4]$a$1341 [4] 3'010 }
    Consolidated identical input bits for $mux cell $memory$flatten\lut.$auto$proc_rom.cc:150:do_switch$485$rdmux[0][6][7]$1445:
      Old ports: A=$memory$flatten\lut.$auto$proc_rom.cc:150:do_switch$485$rdmux[0][6][7]$a$1446, B=$memory$flatten\lut.$auto$proc_rom.cc:150:do_switch$485$rdmux[0][6][7]$b$1447, Y=$memory$flatten\lut.$auto$proc_rom.cc:150:do_switch$485$rdmux[0][5][3]$b$1339
      New ports: A={ $memory$flatten\lut.$auto$proc_rom.cc:150:do_switch$485$rdmux[0][6][7]$a$1446 [2] 1'0 $memory$flatten\lut.$auto$proc_rom.cc:150:do_switch$485$rdmux[0][6][7]$a$1446 [1] $memory$flatten\lut.$auto$proc_rom.cc:150:do_switch$485$rdmux[0][6][7]$a$1446 [2] 1'1 $memory$flatten\lut.$auto$proc_rom.cc:150:do_switch$485$rdmux[0][6][7]$a$1446 [2:1] 1'0 }, B={ 1'1 $memory$flatten\lut.$auto$proc_rom.cc:150:do_switch$485$rdmux[0][6][7]$b$1447 [1:0] $memory$flatten\lut.$auto$proc_rom.cc:150:do_switch$485$rdmux[0][6][7]$b$1447 [0] 2'00 $memory$flatten\lut.$auto$proc_rom.cc:150:do_switch$485$rdmux[0][6][7]$b$1447 [1:0] }, Y={ $memory$flatten\lut.$auto$proc_rom.cc:150:do_switch$485$rdmux[0][5][3]$b$1339 [10:9] $memory$flatten\lut.$auto$proc_rom.cc:150:do_switch$485$rdmux[0][5][3]$b$1339 [7] $memory$flatten\lut.$auto$proc_rom.cc:150:do_switch$485$rdmux[0][5][3]$b$1339 [5] $memory$flatten\lut.$auto$proc_rom.cc:150:do_switch$485$rdmux[0][5][3]$b$1339 [3:0] }
      New connections: { $memory$flatten\lut.$auto$proc_rom.cc:150:do_switch$485$rdmux[0][5][3]$b$1339 [15:11] $memory$flatten\lut.$auto$proc_rom.cc:150:do_switch$485$rdmux[0][5][3]$b$1339 [8] $memory$flatten\lut.$auto$proc_rom.cc:150:do_switch$485$rdmux[0][5][3]$b$1339 [6] $memory$flatten\lut.$auto$proc_rom.cc:150:do_switch$485$rdmux[0][5][3]$b$1339 [4] } = { 4'0010 $memory$flatten\lut.$auto$proc_rom.cc:150:do_switch$485$rdmux[0][5][3]$b$1339 [3] $memory$flatten\lut.$auto$proc_rom.cc:150:do_switch$485$rdmux[0][5][3]$b$1339 [1] 1'1 $memory$flatten\lut.$auto$proc_rom.cc:150:do_switch$485$rdmux[0][5][3]$b$1339 [2] }
    Consolidated identical input bits for $mux cell $memory$flatten\lut.$auto$proc_rom.cc:150:do_switch$485$rdmux[0][6][6]$1442:
      Old ports: A=$memory$flatten\lut.$auto$proc_rom.cc:150:do_switch$485$rdmux[0][6][6]$a$1443, B=$memory$flatten\lut.$auto$proc_rom.cc:150:do_switch$485$rdmux[0][6][6]$b$1444, Y=$memory$flatten\lut.$auto$proc_rom.cc:150:do_switch$485$rdmux[0][5][3]$a$1338
      New ports: A={ 1'1 $memory$flatten\lut.$auto$proc_rom.cc:150:do_switch$485$rdmux[0][6][6]$a$1443 [5] 1'1 $memory$flatten\lut.$auto$proc_rom.cc:150:do_switch$485$rdmux[0][6][6]$a$1443 [5] 1'0 $memory$flatten\lut.$auto$proc_rom.cc:150:do_switch$485$rdmux[0][6][6]$a$1443 [5] $memory$flatten\lut.$auto$proc_rom.cc:150:do_switch$485$rdmux[0][6][6]$a$1443 [1] $memory$flatten\lut.$auto$proc_rom.cc:150:do_switch$485$rdmux[0][6][6]$a$1443 [1] }, B={ $memory$flatten\lut.$auto$proc_rom.cc:150:do_switch$485$rdmux[0][6][6]$b$1444 [5] $memory$flatten\lut.$auto$proc_rom.cc:150:do_switch$485$rdmux[0][6][6]$b$1444 [1] $memory$flatten\lut.$auto$proc_rom.cc:150:do_switch$485$rdmux[0][6][6]$b$1444 [1] 2'01 $memory$flatten\lut.$auto$proc_rom.cc:150:do_switch$485$rdmux[0][6][6]$b$1444 [5] 1'0 $memory$flatten\lut.$auto$proc_rom.cc:150:do_switch$485$rdmux[0][6][6]$b$1444 [1] }, Y={ $memory$flatten\lut.$auto$proc_rom.cc:150:do_switch$485$rdmux[0][5][3]$a$1338 [12] $memory$flatten\lut.$auto$proc_rom.cc:150:do_switch$485$rdmux[0][5][3]$a$1338 [10] $memory$flatten\lut.$auto$proc_rom.cc:150:do_switch$485$rdmux[0][5][3]$a$1338 [8:5] $memory$flatten\lut.$auto$proc_rom.cc:150:do_switch$485$rdmux[0][5][3]$a$1338 [2:1] }
      New connections: { $memory$flatten\lut.$auto$proc_rom.cc:150:do_switch$485$rdmux[0][5][3]$a$1338 [15:13] $memory$flatten\lut.$auto$proc_rom.cc:150:do_switch$485$rdmux[0][5][3]$a$1338 [11] $memory$flatten\lut.$auto$proc_rom.cc:150:do_switch$485$rdmux[0][5][3]$a$1338 [9] $memory$flatten\lut.$auto$proc_rom.cc:150:do_switch$485$rdmux[0][5][3]$a$1338 [4:3] $memory$flatten\lut.$auto$proc_rom.cc:150:do_switch$485$rdmux[0][5][3]$a$1338 [0] } = { 3'001 $memory$flatten\lut.$auto$proc_rom.cc:150:do_switch$485$rdmux[0][5][3]$a$1338 [1] $memory$flatten\lut.$auto$proc_rom.cc:150:do_switch$485$rdmux[0][5][3]$a$1338 [6] $memory$flatten\lut.$auto$proc_rom.cc:150:do_switch$485$rdmux[0][5][3]$a$1338 [1] 2'11 }
    Consolidated identical input bits for $mux cell $memory$flatten\lut.$auto$proc_rom.cc:150:do_switch$485$rdmux[0][6][5]$1439:
      Old ports: A=$memory$flatten\lut.$auto$proc_rom.cc:150:do_switch$485$rdmux[0][6][5]$a$1440, B=$memory$flatten\lut.$auto$proc_rom.cc:150:do_switch$485$rdmux[0][6][5]$b$1441, Y=$memory$flatten\lut.$auto$proc_rom.cc:150:do_switch$485$rdmux[0][5][2]$b$1336
      New ports: A={ 2'10 $memory$flatten\lut.$auto$proc_rom.cc:150:do_switch$485$rdmux[0][6][5]$a$1440 [3] $memory$flatten\lut.$auto$proc_rom.cc:150:do_switch$485$rdmux[0][6][5]$a$1440 [3] 1'1 $memory$flatten\lut.$auto$proc_rom.cc:150:do_switch$485$rdmux[0][6][5]$a$1440 [0] $memory$flatten\lut.$auto$proc_rom.cc:150:do_switch$485$rdmux[0][6][5]$a$1440 [3] $memory$flatten\lut.$auto$proc_rom.cc:150:do_switch$485$rdmux[0][6][5]$a$1440 [3] $memory$flatten\lut.$auto$proc_rom.cc:150:do_switch$485$rdmux[0][6][5]$a$1440 [0] $memory$flatten\lut.$auto$proc_rom.cc:150:do_switch$485$rdmux[0][6][5]$a$1440 [0] $memory$flatten\lut.$auto$proc_rom.cc:150:do_switch$485$rdmux[0][6][5]$a$1440 [0] }, B={ $memory$flatten\lut.$auto$proc_rom.cc:150:do_switch$485$rdmux[0][6][5]$b$1441 [4] $memory$flatten\lut.$auto$proc_rom.cc:150:do_switch$485$rdmux[0][6][5]$b$1441 [2] $memory$flatten\lut.$auto$proc_rom.cc:150:do_switch$485$rdmux[0][6][5]$b$1441 [2] 1'0 $memory$flatten\lut.$auto$proc_rom.cc:150:do_switch$485$rdmux[0][6][5]$b$1441 [2] $memory$flatten\lut.$auto$proc_rom.cc:150:do_switch$485$rdmux[0][6][5]$b$1441 [4] $memory$flatten\lut.$auto$proc_rom.cc:150:do_switch$485$rdmux[0][6][5]$b$1441 [4] 1'1 $memory$flatten\lut.$auto$proc_rom.cc:150:do_switch$485$rdmux[0][6][5]$b$1441 [2] 2'10 }, Y={ $memory$flatten\lut.$auto$proc_rom.cc:150:do_switch$485$rdmux[0][5][2]$b$1336 [14] $memory$flatten\lut.$auto$proc_rom.cc:150:do_switch$485$rdmux[0][5][2]$b$1336 [12:11] $memory$flatten\lut.$auto$proc_rom.cc:150:do_switch$485$rdmux[0][5][2]$b$1336 [8] $memory$flatten\lut.$auto$proc_rom.cc:150:do_switch$485$rdmux[0][5][2]$b$1336 [6:0] }
      New connections: { $memory$flatten\lut.$auto$proc_rom.cc:150:do_switch$485$rdmux[0][5][2]$b$1336 [15] $memory$flatten\lut.$auto$proc_rom.cc:150:do_switch$485$rdmux[0][5][2]$b$1336 [13] $memory$flatten\lut.$auto$proc_rom.cc:150:do_switch$485$rdmux[0][5][2]$b$1336 [10:9] $memory$flatten\lut.$auto$proc_rom.cc:150:do_switch$485$rdmux[0][5][2]$b$1336 [7] } = { 1'0 $memory$flatten\lut.$auto$proc_rom.cc:150:do_switch$485$rdmux[0][5][2]$b$1336 [12] $memory$flatten\lut.$auto$proc_rom.cc:150:do_switch$485$rdmux[0][5][2]$b$1336 [2] 1'0 $memory$flatten\lut.$auto$proc_rom.cc:150:do_switch$485$rdmux[0][5][2]$b$1336 [1] }
    Consolidated identical input bits for $mux cell $memory$flatten\lut.$auto$proc_rom.cc:150:do_switch$485$rdmux[0][6][4]$1436:
      Old ports: A=$memory$flatten\lut.$auto$proc_rom.cc:150:do_switch$485$rdmux[0][6][4]$a$1437, B=$memory$flatten\lut.$auto$proc_rom.cc:150:do_switch$485$rdmux[0][6][4]$b$1438, Y=$memory$flatten\lut.$auto$proc_rom.cc:150:do_switch$485$rdmux[0][5][2]$a$1335
      New ports: A={ 1'1 $memory$flatten\lut.$auto$proc_rom.cc:150:do_switch$485$rdmux[0][6][4]$a$1437 [0] 1'0 $memory$flatten\lut.$auto$proc_rom.cc:150:do_switch$485$rdmux[0][6][4]$a$1437 [4] 1'1 $memory$flatten\lut.$auto$proc_rom.cc:150:do_switch$485$rdmux[0][6][4]$a$1437 [4] 1'1 $memory$flatten\lut.$auto$proc_rom.cc:150:do_switch$485$rdmux[0][6][4]$a$1437 [0] 1'0 $memory$flatten\lut.$auto$proc_rom.cc:150:do_switch$485$rdmux[0][6][4]$a$1437 [0] }, B={ $memory$flatten\lut.$auto$proc_rom.cc:150:do_switch$485$rdmux[0][6][4]$b$1438 [0] 1'1 $memory$flatten\lut.$auto$proc_rom.cc:150:do_switch$485$rdmux[0][6][4]$b$1438 [2] 3'001 $memory$flatten\lut.$auto$proc_rom.cc:150:do_switch$485$rdmux[0][6][4]$b$1438 [2] $memory$flatten\lut.$auto$proc_rom.cc:150:do_switch$485$rdmux[0][6][4]$b$1438 [2] $memory$flatten\lut.$auto$proc_rom.cc:150:do_switch$485$rdmux[0][6][4]$b$1438 [0] $memory$flatten\lut.$auto$proc_rom.cc:150:do_switch$485$rdmux[0][6][4]$b$1438 [0] }, Y={ $memory$flatten\lut.$auto$proc_rom.cc:150:do_switch$485$rdmux[0][5][2]$a$1335 [11] $memory$flatten\lut.$auto$proc_rom.cc:150:do_switch$485$rdmux[0][5][2]$a$1335 [9:8] $memory$flatten\lut.$auto$proc_rom.cc:150:do_switch$485$rdmux[0][5][2]$a$1335 [6:0] }
      New connections: { $memory$flatten\lut.$auto$proc_rom.cc:150:do_switch$485$rdmux[0][5][2]$a$1335 [15:12] $memory$flatten\lut.$auto$proc_rom.cc:150:do_switch$485$rdmux[0][5][2]$a$1335 [10] $memory$flatten\lut.$auto$proc_rom.cc:150:do_switch$485$rdmux[0][5][2]$a$1335 [7] } = { 3'010 $memory$flatten\lut.$auto$proc_rom.cc:150:do_switch$485$rdmux[0][5][2]$a$1335 [3] $memory$flatten\lut.$auto$proc_rom.cc:150:do_switch$485$rdmux[0][5][2]$a$1335 [0] 1'0 }
    Consolidated identical input bits for $mux cell $memory$flatten\lut.$auto$proc_rom.cc:150:do_switch$485$rdmux[0][6][3]$1433:
      Old ports: A=$memory$flatten\lut.$auto$proc_rom.cc:150:do_switch$485$rdmux[0][6][3]$a$1434, B=$memory$flatten\lut.$auto$proc_rom.cc:150:do_switch$485$rdmux[0][6][3]$b$1435, Y=$memory$flatten\lut.$auto$proc_rom.cc:150:do_switch$485$rdmux[0][5][1]$b$1333
      New ports: A={ 1'0 $memory$flatten\lut.$auto$proc_rom.cc:150:do_switch$485$rdmux[0][6][3]$a$1434 [4] $memory$flatten\lut.$auto$proc_rom.cc:150:do_switch$485$rdmux[0][6][3]$a$1434 [2] $memory$flatten\lut.$auto$proc_rom.cc:150:do_switch$485$rdmux[0][6][3]$a$1434 [4] 1'1 $memory$flatten\lut.$auto$proc_rom.cc:150:do_switch$485$rdmux[0][6][3]$a$1434 [2] 2'01 }, B={ $memory$flatten\lut.$auto$proc_rom.cc:150:do_switch$485$rdmux[0][6][3]$b$1435 [6] 1'0 $memory$flatten\lut.$auto$proc_rom.cc:150:do_switch$485$rdmux[0][6][3]$b$1435 [6] $memory$flatten\lut.$auto$proc_rom.cc:150:do_switch$485$rdmux[0][6][3]$b$1435 [0] 1'0 $memory$flatten\lut.$auto$proc_rom.cc:150:do_switch$485$rdmux[0][6][3]$b$1435 [0] $memory$flatten\lut.$auto$proc_rom.cc:150:do_switch$485$rdmux[0][6][3]$b$1435 [0] $memory$flatten\lut.$auto$proc_rom.cc:150:do_switch$485$rdmux[0][6][3]$b$1435 [0] }, Y={ $memory$flatten\lut.$auto$proc_rom.cc:150:do_switch$485$rdmux[0][5][1]$b$1333 [10] $memory$flatten\lut.$auto$proc_rom.cc:150:do_switch$485$rdmux[0][5][1]$b$1333 [8] $memory$flatten\lut.$auto$proc_rom.cc:150:do_switch$485$rdmux[0][5][1]$b$1333 [6] $memory$flatten\lut.$auto$proc_rom.cc:150:do_switch$485$rdmux[0][5][1]$b$1333 [4:0] }
      New connections: { $memory$flatten\lut.$auto$proc_rom.cc:150:do_switch$485$rdmux[0][5][1]$b$1333 [15:11] $memory$flatten\lut.$auto$proc_rom.cc:150:do_switch$485$rdmux[0][5][1]$b$1333 [9] $memory$flatten\lut.$auto$proc_rom.cc:150:do_switch$485$rdmux[0][5][1]$b$1333 [7] $memory$flatten\lut.$auto$proc_rom.cc:150:do_switch$485$rdmux[0][5][1]$b$1333 [5] } = { 3'011 $memory$flatten\lut.$auto$proc_rom.cc:150:do_switch$485$rdmux[0][5][1]$b$1333 [3:0] $memory$flatten\lut.$auto$proc_rom.cc:150:do_switch$485$rdmux[0][5][1]$b$1333 [2] }
    Consolidated identical input bits for $mux cell $memory$flatten\lut.$auto$proc_rom.cc:150:do_switch$485$rdmux[0][6][2]$1430:
      Old ports: A=$memory$flatten\lut.$auto$proc_rom.cc:150:do_switch$485$rdmux[0][6][2]$a$1431, B=$memory$flatten\lut.$auto$proc_rom.cc:150:do_switch$485$rdmux[0][6][2]$b$1432, Y=$memory$flatten\lut.$auto$proc_rom.cc:150:do_switch$485$rdmux[0][5][1]$a$1332
      New ports: A={ $memory$flatten\lut.$auto$proc_rom.cc:150:do_switch$485$rdmux[0][6][2]$a$1431 [9] $memory$flatten\lut.$auto$proc_rom.cc:150:do_switch$485$rdmux[0][6][2]$a$1431 [9] 2'10 $memory$flatten\lut.$auto$proc_rom.cc:150:do_switch$485$rdmux[0][6][2]$a$1431 [3] 3'101 }, B={ $memory$flatten\lut.$auto$proc_rom.cc:150:do_switch$485$rdmux[0][6][2]$b$1432 [1] 2'00 $memory$flatten\lut.$auto$proc_rom.cc:150:do_switch$485$rdmux[0][6][2]$b$1432 [0] $memory$flatten\lut.$auto$proc_rom.cc:150:do_switch$485$rdmux[0][6][2]$b$1432 [0] $memory$flatten\lut.$auto$proc_rom.cc:150:do_switch$485$rdmux[0][6][2]$b$1432 [1] $memory$flatten\lut.$auto$proc_rom.cc:150:do_switch$485$rdmux[0][6][2]$b$1432 [1:0] }, Y={ $memory$flatten\lut.$auto$proc_rom.cc:150:do_switch$485$rdmux[0][5][1]$a$1332 [11] $memory$flatten\lut.$auto$proc_rom.cc:150:do_switch$485$rdmux[0][5][1]$a$1332 [9] $memory$flatten\lut.$auto$proc_rom.cc:150:do_switch$485$rdmux[0][5][1]$a$1332 [6:5] $memory$flatten\lut.$auto$proc_rom.cc:150:do_switch$485$rdmux[0][5][1]$a$1332 [3:0] }
      New connections: { $memory$flatten\lut.$auto$proc_rom.cc:150:do_switch$485$rdmux[0][5][1]$a$1332 [15:12] $memory$flatten\lut.$auto$proc_rom.cc:150:do_switch$485$rdmux[0][5][1]$a$1332 [10] $memory$flatten\lut.$auto$proc_rom.cc:150:do_switch$485$rdmux[0][5][1]$a$1332 [8:7] $memory$flatten\lut.$auto$proc_rom.cc:150:do_switch$485$rdmux[0][5][1]$a$1332 [4] } = { 3'100 $memory$flatten\lut.$auto$proc_rom.cc:150:do_switch$485$rdmux[0][5][1]$a$1332 [6] 1'0 $memory$flatten\lut.$auto$proc_rom.cc:150:do_switch$485$rdmux[0][5][1]$a$1332 [2] $memory$flatten\lut.$auto$proc_rom.cc:150:do_switch$485$rdmux[0][5][1]$a$1332 [3] $memory$flatten\lut.$auto$proc_rom.cc:150:do_switch$485$rdmux[0][5][1]$a$1332 [3] }
    Consolidated identical input bits for $mux cell $memory$flatten\lut.$auto$proc_rom.cc:150:do_switch$485$rdmux[0][6][1]$1427:
      Old ports: A=$memory$flatten\lut.$auto$proc_rom.cc:150:do_switch$485$rdmux[0][6][1]$a$1428, B=$memory$flatten\lut.$auto$proc_rom.cc:150:do_switch$485$rdmux[0][6][1]$b$1429, Y=$memory$flatten\lut.$auto$proc_rom.cc:150:do_switch$485$rdmux[0][5][0]$b$1330
      New ports: A={ $memory$flatten\lut.$auto$proc_rom.cc:150:do_switch$485$rdmux[0][6][1]$a$1428 [11] $memory$flatten\lut.$auto$proc_rom.cc:150:do_switch$485$rdmux[0][6][1]$a$1428 [11] $memory$flatten\lut.$auto$proc_rom.cc:150:do_switch$485$rdmux[0][6][1]$a$1428 [11] $memory$flatten\lut.$auto$proc_rom.cc:150:do_switch$485$rdmux[0][6][1]$a$1428 [0] 1'0 $memory$flatten\lut.$auto$proc_rom.cc:150:do_switch$485$rdmux[0][6][1]$a$1428 [0] 1'1 $memory$flatten\lut.$auto$proc_rom.cc:150:do_switch$485$rdmux[0][6][1]$a$1428 [0] 1'1 $memory$flatten\lut.$auto$proc_rom.cc:150:do_switch$485$rdmux[0][6][1]$a$1428 [0] }, B={ 2'10 $memory$flatten\lut.$auto$proc_rom.cc:150:do_switch$485$rdmux[0][6][1]$b$1429 [1] 1'1 $memory$flatten\lut.$auto$proc_rom.cc:150:do_switch$485$rdmux[0][6][1]$b$1429 [1] $memory$flatten\lut.$auto$proc_rom.cc:150:do_switch$485$rdmux[0][6][1]$b$1429 [1:0] 1'0 $memory$flatten\lut.$auto$proc_rom.cc:150:do_switch$485$rdmux[0][6][1]$b$1429 [1:0] }, Y={ $memory$flatten\lut.$auto$proc_rom.cc:150:do_switch$485$rdmux[0][5][0]$b$1330 [13:10] $memory$flatten\lut.$auto$proc_rom.cc:150:do_switch$485$rdmux[0][5][0]$b$1330 [5:0] }
      New connections: { $memory$flatten\lut.$auto$proc_rom.cc:150:do_switch$485$rdmux[0][5][0]$b$1330 [15:14] $memory$flatten\lut.$auto$proc_rom.cc:150:do_switch$485$rdmux[0][5][0]$b$1330 [9:6] } = { 1'1 $memory$flatten\lut.$auto$proc_rom.cc:150:do_switch$485$rdmux[0][5][0]$b$1330 [2:1] 1'1 $memory$flatten\lut.$auto$proc_rom.cc:150:do_switch$485$rdmux[0][5][0]$b$1330 [5] 1'1 }
    Consolidated identical input bits for $mux cell $memory$flatten\lut.$auto$proc_rom.cc:150:do_switch$485$rdmux[0][6][0]$1424:
      Old ports: A=$memory$flatten\lut.$auto$proc_rom.cc:150:do_switch$485$rdmux[0][6][0]$a$1425, B=$memory$flatten\lut.$auto$proc_rom.cc:150:do_switch$485$rdmux[0][6][0]$b$1426, Y=$memory$flatten\lut.$auto$proc_rom.cc:150:do_switch$485$rdmux[0][5][0]$a$1329
      New ports: A={ $memory$flatten\lut.$auto$proc_rom.cc:150:do_switch$485$rdmux[0][6][0]$a$1425 [0] $memory$flatten\lut.$auto$proc_rom.cc:150:do_switch$485$rdmux[0][6][0]$a$1425 [0] 3'111 $memory$flatten\lut.$auto$proc_rom.cc:150:do_switch$485$rdmux[0][6][0]$a$1425 [0] $memory$flatten\lut.$auto$proc_rom.cc:150:do_switch$485$rdmux[0][6][0]$a$1425 [0] }, B={ $memory$flatten\lut.$auto$proc_rom.cc:150:do_switch$485$rdmux[0][6][0]$b$1426 [4] $memory$flatten\lut.$auto$proc_rom.cc:150:do_switch$485$rdmux[0][6][0]$b$1426 [6] $memory$flatten\lut.$auto$proc_rom.cc:150:do_switch$485$rdmux[0][6][0]$b$1426 [6] $memory$flatten\lut.$auto$proc_rom.cc:150:do_switch$485$rdmux[0][6][0]$b$1426 [4] 3'010 }, Y={ $memory$flatten\lut.$auto$proc_rom.cc:150:do_switch$485$rdmux[0][5][0]$a$1329 [10] $memory$flatten\lut.$auto$proc_rom.cc:150:do_switch$485$rdmux[0][5][0]$a$1329 [7:6] $memory$flatten\lut.$auto$proc_rom.cc:150:do_switch$485$rdmux[0][5][0]$a$1329 [4] $memory$flatten\lut.$auto$proc_rom.cc:150:do_switch$485$rdmux[0][5][0]$a$1329 [2:0] }
      New connections: { $memory$flatten\lut.$auto$proc_rom.cc:150:do_switch$485$rdmux[0][5][0]$a$1329 [15:11] $memory$flatten\lut.$auto$proc_rom.cc:150:do_switch$485$rdmux[0][5][0]$a$1329 [9:8] $memory$flatten\lut.$auto$proc_rom.cc:150:do_switch$485$rdmux[0][5][0]$a$1329 [5] $memory$flatten\lut.$auto$proc_rom.cc:150:do_switch$485$rdmux[0][5][0]$a$1329 [3] } = { 2'11 $memory$flatten\lut.$auto$proc_rom.cc:150:do_switch$485$rdmux[0][5][0]$a$1329 [6] $memory$flatten\lut.$auto$proc_rom.cc:150:do_switch$485$rdmux[0][5][0]$a$1329 [4] $memory$flatten\lut.$auto$proc_rom.cc:150:do_switch$485$rdmux[0][5][0]$a$1329 [0] $memory$flatten\lut.$auto$proc_rom.cc:150:do_switch$485$rdmux[0][5][0]$a$1329 [0] $memory$flatten\lut.$auto$proc_rom.cc:150:do_switch$485$rdmux[0][5][0]$a$1329 [7] 2'11 }
    Consolidated identical input bits for $mux cell $memory$flatten\lut.$auto$proc_rom.cc:150:do_switch$485$rdmux[0][5][19]$1385:
      Old ports: A=$memory$flatten\lut.$auto$proc_rom.cc:150:do_switch$485$rdmux[0][5][19]$a$1386, B=$memory$flatten\lut.$auto$proc_rom.cc:150:do_switch$485$rdmux[0][5][19]$b$1387, Y=$memory$flatten\lut.$auto$proc_rom.cc:150:do_switch$485$rdmux[0][4][9]$b$1309
      New ports: A={ 2'10 $memory$flatten\lut.$auto$proc_rom.cc:150:do_switch$485$rdmux[0][5][19]$a$1386 [0] }, B={ $memory$flatten\lut.$auto$proc_rom.cc:150:do_switch$485$rdmux[0][5][19]$b$1387 [2] $memory$flatten\lut.$auto$proc_rom.cc:150:do_switch$485$rdmux[0][5][19]$b$1387 [0] $memory$flatten\lut.$auto$proc_rom.cc:150:do_switch$485$rdmux[0][5][19]$b$1387 [0] }, Y=$memory$flatten\lut.$auto$proc_rom.cc:150:do_switch$485$rdmux[0][4][9]$b$1309 [2:0]
      New connections: $memory$flatten\lut.$auto$proc_rom.cc:150:do_switch$485$rdmux[0][4][9]$b$1309 [15:3] = 13'0000000000000
  Optimizing cells in module \ga2_sm.
    Consolidated identical input bits for $mux cell $memory$flatten\lut.$auto$proc_rom.cc:150:do_switch$485$rdmux[0][5][23]$1397:
      Old ports: A=16'0000000000000001, B=$memory$flatten\lut.$auto$proc_rom.cc:150:do_switch$485$rdmux[0][5][23]$b$1399, Y=$memory$flatten\lut.$auto$proc_rom.cc:150:do_switch$485$rdmux[0][4][11]$b$1315
      New ports: A=1'1, B=$memory$flatten\lut.$auto$proc_rom.cc:150:do_switch$485$rdmux[0][5][23]$b$1399 [0], Y=$memory$flatten\lut.$auto$proc_rom.cc:150:do_switch$485$rdmux[0][4][11]$b$1315 [0]
      New connections: $memory$flatten\lut.$auto$proc_rom.cc:150:do_switch$485$rdmux[0][4][11]$b$1315 [15:1] = 15'000000000000000
    Consolidated identical input bits for $mux cell $memory$flatten\lut.$auto$proc_rom.cc:150:do_switch$485$rdmux[0][5][21]$1391:
      Old ports: A=$memory$flatten\lut.$auto$proc_rom.cc:150:do_switch$485$rdmux[0][5][21]$a$1392, B=16'0000000000000001, Y=$memory$flatten\lut.$auto$proc_rom.cc:150:do_switch$485$rdmux[0][4][10]$b$1312
      New ports: A=$memory$flatten\lut.$auto$proc_rom.cc:150:do_switch$485$rdmux[0][5][21]$a$1392 [1:0], B=2'01, Y=$memory$flatten\lut.$auto$proc_rom.cc:150:do_switch$485$rdmux[0][4][10]$b$1312 [1:0]
      New connections: $memory$flatten\lut.$auto$proc_rom.cc:150:do_switch$485$rdmux[0][4][10]$b$1312 [15:2] = 14'00000000000000
    Consolidated identical input bits for $mux cell $memory$flatten\lut.$auto$proc_rom.cc:150:do_switch$485$rdmux[0][5][20]$1388:
      Old ports: A=$memory$flatten\lut.$auto$proc_rom.cc:150:do_switch$485$rdmux[0][5][20]$a$1389, B=16'0000000000000010, Y=$memory$flatten\lut.$auto$proc_rom.cc:150:do_switch$485$rdmux[0][4][10]$a$1311
      New ports: A=$memory$flatten\lut.$auto$proc_rom.cc:150:do_switch$485$rdmux[0][5][20]$a$1389 [0], B=1'0, Y=$memory$flatten\lut.$auto$proc_rom.cc:150:do_switch$485$rdmux[0][4][10]$a$1311 [0]
      New connections: $memory$flatten\lut.$auto$proc_rom.cc:150:do_switch$485$rdmux[0][4][10]$a$1311 [15:1] = 15'000000000000001
    Consolidated identical input bits for $mux cell $memory$flatten\lut.$auto$proc_rom.cc:150:do_switch$485$rdmux[0][5][18]$1382:
      Old ports: A=$memory$flatten\lut.$auto$proc_rom.cc:150:do_switch$485$rdmux[0][5][18]$a$1383, B=$memory$flatten\lut.$auto$proc_rom.cc:150:do_switch$485$rdmux[0][5][18]$b$1384, Y=$memory$flatten\lut.$auto$proc_rom.cc:150:do_switch$485$rdmux[0][4][9]$a$1308
      New ports: A={ $memory$flatten\lut.$auto$proc_rom.cc:150:do_switch$485$rdmux[0][5][18]$a$1383 [3] $memory$flatten\lut.$auto$proc_rom.cc:150:do_switch$485$rdmux[0][5][18]$a$1383 [0] $memory$flatten\lut.$auto$proc_rom.cc:150:do_switch$485$rdmux[0][5][18]$a$1383 [0] $memory$flatten\lut.$auto$proc_rom.cc:150:do_switch$485$rdmux[0][5][18]$a$1383 [0] }, B={ 2'01 $memory$flatten\lut.$auto$proc_rom.cc:150:do_switch$485$rdmux[0][5][18]$b$1384 [1:0] }, Y=$memory$flatten\lut.$auto$proc_rom.cc:150:do_switch$485$rdmux[0][4][9]$a$1308 [3:0]
      New connections: $memory$flatten\lut.$auto$proc_rom.cc:150:do_switch$485$rdmux[0][4][9]$a$1308 [15:4] = 12'000000000000
    Consolidated identical input bits for $mux cell $memory$flatten\lut.$auto$proc_rom.cc:150:do_switch$485$rdmux[0][5][17]$1379:
      Old ports: A=$memory$flatten\lut.$auto$proc_rom.cc:150:do_switch$485$rdmux[0][5][17]$a$1380, B=$memory$flatten\lut.$auto$proc_rom.cc:150:do_switch$485$rdmux[0][5][17]$b$1381, Y=$memory$flatten\lut.$auto$proc_rom.cc:150:do_switch$485$rdmux[0][4][8]$b$1306
      New ports: A=$memory$flatten\lut.$auto$proc_rom.cc:150:do_switch$485$rdmux[0][5][17]$a$1380 [2:0], B={ 1'0 $memory$flatten\lut.$auto$proc_rom.cc:150:do_switch$485$rdmux[0][5][17]$b$1381 [1:0] }, Y=$memory$flatten\lut.$auto$proc_rom.cc:150:do_switch$485$rdmux[0][4][8]$b$1306 [2:0]
      New connections: $memory$flatten\lut.$auto$proc_rom.cc:150:do_switch$485$rdmux[0][4][8]$b$1306 [15:3] = 13'0000000000001
    Consolidated identical input bits for $mux cell $memory$flatten\lut.$auto$proc_rom.cc:150:do_switch$485$rdmux[0][5][16]$1376:
      Old ports: A=$memory$flatten\lut.$auto$proc_rom.cc:150:do_switch$485$rdmux[0][5][16]$a$1377, B=$memory$flatten\lut.$auto$proc_rom.cc:150:do_switch$485$rdmux[0][5][16]$b$1378, Y=$memory$flatten\lut.$auto$proc_rom.cc:150:do_switch$485$rdmux[0][4][8]$a$1305
      New ports: A={ 2'10 $memory$flatten\lut.$auto$proc_rom.cc:150:do_switch$485$rdmux[0][5][16]$a$1377 [2:0] }, B={ $memory$flatten\lut.$auto$proc_rom.cc:150:do_switch$485$rdmux[0][5][16]$b$1378 [4] $memory$flatten\lut.$auto$proc_rom.cc:150:do_switch$485$rdmux[0][5][16]$b$1378 [1] $memory$flatten\lut.$auto$proc_rom.cc:150:do_switch$485$rdmux[0][5][16]$b$1378 [1] $memory$flatten\lut.$auto$proc_rom.cc:150:do_switch$485$rdmux[0][5][16]$b$1378 [1:0] }, Y=$memory$flatten\lut.$auto$proc_rom.cc:150:do_switch$485$rdmux[0][4][8]$a$1305 [4:0]
      New connections: $memory$flatten\lut.$auto$proc_rom.cc:150:do_switch$485$rdmux[0][4][8]$a$1305 [15:5] = 11'00000000000
    Consolidated identical input bits for $mux cell $memory$flatten\lut.$auto$proc_rom.cc:150:do_switch$485$rdmux[0][5][15]$1373:
      Old ports: A=$memory$flatten\lut.$auto$proc_rom.cc:150:do_switch$485$rdmux[0][5][15]$a$1374, B=$memory$flatten\lut.$auto$proc_rom.cc:150:do_switch$485$rdmux[0][5][15]$b$1375, Y=$memory$flatten\lut.$auto$proc_rom.cc:150:do_switch$485$rdmux[0][4][7]$b$1303
      New ports: A={ $memory$flatten\lut.$auto$proc_rom.cc:150:do_switch$485$rdmux[0][5][15]$a$1374 [5] $memory$flatten\lut.$auto$proc_rom.cc:150:do_switch$485$rdmux[0][5][15]$a$1374 [3] $memory$flatten\lut.$auto$proc_rom.cc:150:do_switch$485$rdmux[0][5][15]$a$1374 [3:1] 1'0 }, B={ 2'01 $memory$flatten\lut.$auto$proc_rom.cc:150:do_switch$485$rdmux[0][5][15]$b$1375 [3:0] }, Y=$memory$flatten\lut.$auto$proc_rom.cc:150:do_switch$485$rdmux[0][4][7]$b$1303 [5:0]
      New connections: $memory$flatten\lut.$auto$proc_rom.cc:150:do_switch$485$rdmux[0][4][7]$b$1303 [15:6] = 10'0000000000
    Consolidated identical input bits for $mux cell $memory$flatten\lut.$auto$proc_rom.cc:150:do_switch$485$rdmux[0][5][14]$1370:
      Old ports: A=$memory$flatten\lut.$auto$proc_rom.cc:150:do_switch$485$rdmux[0][5][14]$a$1371, B=$memory$flatten\lut.$auto$proc_rom.cc:150:do_switch$485$rdmux[0][5][14]$b$1372, Y=$memory$flatten\lut.$auto$proc_rom.cc:150:do_switch$485$rdmux[0][4][7]$a$1302
      New ports: A={ 1'1 $memory$flatten\lut.$auto$proc_rom.cc:150:do_switch$485$rdmux[0][5][14]$a$1371 [3:0] }, B={ 1'0 $memory$flatten\lut.$auto$proc_rom.cc:150:do_switch$485$rdmux[0][5][14]$b$1372 [3:0] }, Y=$memory$flatten\lut.$auto$proc_rom.cc:150:do_switch$485$rdmux[0][4][7]$a$1302 [4:0]
      New connections: $memory$flatten\lut.$auto$proc_rom.cc:150:do_switch$485$rdmux[0][4][7]$a$1302 [15:5] = 11'00000000001
    Consolidated identical input bits for $mux cell $memory$flatten\lut.$auto$proc_rom.cc:150:do_switch$485$rdmux[0][5][13]$1367:
      Old ports: A=$memory$flatten\lut.$auto$proc_rom.cc:150:do_switch$485$rdmux[0][5][13]$a$1368, B=$memory$flatten\lut.$auto$proc_rom.cc:150:do_switch$485$rdmux[0][5][13]$b$1369, Y=$memory$flatten\lut.$auto$proc_rom.cc:150:do_switch$485$rdmux[0][4][6]$b$1300
      New ports: A=$memory$flatten\lut.$auto$proc_rom.cc:150:do_switch$485$rdmux[0][5][13]$a$1368 [5:0], B={ 2'00 $memory$flatten\lut.$auto$proc_rom.cc:150:do_switch$485$rdmux[0][5][13]$b$1369 [3:2] 1'0 $memory$flatten\lut.$auto$proc_rom.cc:150:do_switch$485$rdmux[0][5][13]$b$1369 [0] }, Y=$memory$flatten\lut.$auto$proc_rom.cc:150:do_switch$485$rdmux[0][4][6]$b$1300 [5:0]
      New connections: $memory$flatten\lut.$auto$proc_rom.cc:150:do_switch$485$rdmux[0][4][6]$b$1300 [15:6] = 10'0000000001
    Consolidated identical input bits for $mux cell $memory$flatten\lut.$auto$proc_rom.cc:150:do_switch$485$rdmux[0][5][12]$1364:
      Old ports: A=$memory$flatten\lut.$auto$proc_rom.cc:150:do_switch$485$rdmux[0][5][12]$a$1365, B=$memory$flatten\lut.$auto$proc_rom.cc:150:do_switch$485$rdmux[0][5][12]$b$1366, Y=$memory$flatten\lut.$auto$proc_rom.cc:150:do_switch$485$rdmux[0][4][6]$a$1299
      New ports: A={ 2'10 $memory$flatten\lut.$auto$proc_rom.cc:150:do_switch$485$rdmux[0][5][12]$a$1365 [5:0] }, B={ 3'011 $memory$flatten\lut.$auto$proc_rom.cc:150:do_switch$485$rdmux[0][5][12]$b$1366 [4:3] $memory$flatten\lut.$auto$proc_rom.cc:150:do_switch$485$rdmux[0][5][12]$b$1366 [1] $memory$flatten\lut.$auto$proc_rom.cc:150:do_switch$485$rdmux[0][5][12]$b$1366 [1:0] }, Y=$memory$flatten\lut.$auto$proc_rom.cc:150:do_switch$485$rdmux[0][4][6]$a$1299 [7:0]
      New connections: $memory$flatten\lut.$auto$proc_rom.cc:150:do_switch$485$rdmux[0][4][6]$a$1299 [15:8] = 8'00000000
    Consolidated identical input bits for $mux cell $memory$flatten\lut.$auto$proc_rom.cc:150:do_switch$485$rdmux[0][5][11]$1361:
      Old ports: A=$memory$flatten\lut.$auto$proc_rom.cc:150:do_switch$485$rdmux[0][5][11]$a$1362, B=$memory$flatten\lut.$auto$proc_rom.cc:150:do_switch$485$rdmux[0][5][11]$b$1363, Y=$memory$flatten\lut.$auto$proc_rom.cc:150:do_switch$485$rdmux[0][4][5]$b$1297
      New ports: A={ $memory$flatten\lut.$auto$proc_rom.cc:150:do_switch$485$rdmux[0][5][11]$a$1362 [8] $memory$flatten\lut.$auto$proc_rom.cc:150:do_switch$485$rdmux[0][5][11]$a$1362 [6] $memory$flatten\lut.$auto$proc_rom.cc:150:do_switch$485$rdmux[0][5][11]$a$1362 [6:4] 2'11 $memory$flatten\lut.$auto$proc_rom.cc:150:do_switch$485$rdmux[0][5][11]$a$1362 [1] 1'0 }, B={ 2'01 $memory$flatten\lut.$auto$proc_rom.cc:150:do_switch$485$rdmux[0][5][11]$b$1363 [6] $memory$flatten\lut.$auto$proc_rom.cc:150:do_switch$485$rdmux[0][5][11]$b$1363 [3] $memory$flatten\lut.$auto$proc_rom.cc:150:do_switch$485$rdmux[0][5][11]$b$1363 [4:2] 1'0 $memory$flatten\lut.$auto$proc_rom.cc:150:do_switch$485$rdmux[0][5][11]$b$1363 [0] }, Y=$memory$flatten\lut.$auto$proc_rom.cc:150:do_switch$485$rdmux[0][4][5]$b$1297 [8:0]
      New connections: $memory$flatten\lut.$auto$proc_rom.cc:150:do_switch$485$rdmux[0][4][5]$b$1297 [15:9] = 7'0000000
    Consolidated identical input bits for $mux cell $memory$flatten\lut.$auto$proc_rom.cc:150:do_switch$485$rdmux[0][5][10]$1358:
      Old ports: A=$memory$flatten\lut.$auto$proc_rom.cc:150:do_switch$485$rdmux[0][5][10]$a$1359, B=$memory$flatten\lut.$auto$proc_rom.cc:150:do_switch$485$rdmux[0][5][10]$b$1360, Y=$memory$flatten\lut.$auto$proc_rom.cc:150:do_switch$485$rdmux[0][4][5]$a$1296
      New ports: A={ $memory$flatten\lut.$auto$proc_rom.cc:150:do_switch$485$rdmux[0][5][10]$a$1359 [7:2] 1'1 $memory$flatten\lut.$auto$proc_rom.cc:150:do_switch$485$rdmux[0][5][10]$a$1359 [0] }, B={ 1'0 $memory$flatten\lut.$auto$proc_rom.cc:150:do_switch$485$rdmux[0][5][10]$b$1360 [6:0] }, Y=$memory$flatten\lut.$auto$proc_rom.cc:150:do_switch$485$rdmux[0][4][5]$a$1296 [7:0]
      New connections: $memory$flatten\lut.$auto$proc_rom.cc:150:do_switch$485$rdmux[0][4][5]$a$1296 [15:8] = 8'00000001
    Consolidated identical input bits for $mux cell $memory$flatten\lut.$auto$proc_rom.cc:150:do_switch$485$rdmux[0][5][9]$1355:
      Old ports: A=$memory$flatten\lut.$auto$proc_rom.cc:150:do_switch$485$rdmux[0][5][9]$a$1356, B=$memory$flatten\lut.$auto$proc_rom.cc:150:do_switch$485$rdmux[0][5][9]$b$1357, Y=$memory$flatten\lut.$auto$proc_rom.cc:150:do_switch$485$rdmux[0][4][4]$b$1294
      New ports: A={ 2'10 $memory$flatten\lut.$auto$proc_rom.cc:150:do_switch$485$rdmux[0][5][9]$a$1356 [7] $memory$flatten\lut.$auto$proc_rom.cc:150:do_switch$485$rdmux[0][5][9]$a$1356 [4] $memory$flatten\lut.$auto$proc_rom.cc:150:do_switch$485$rdmux[0][5][9]$a$1356 [5:1] 1'0 }, B={ $memory$flatten\lut.$auto$proc_rom.cc:150:do_switch$485$rdmux[0][5][9]$b$1357 [0] $memory$flatten\lut.$auto$proc_rom.cc:150:do_switch$485$rdmux[0][5][9]$b$1357 [6] $memory$flatten\lut.$auto$proc_rom.cc:150:do_switch$485$rdmux[0][5][9]$b$1357 [6] $memory$flatten\lut.$auto$proc_rom.cc:150:do_switch$485$rdmux[0][5][9]$b$1357 [6:5] 3'101 $memory$flatten\lut.$auto$proc_rom.cc:150:do_switch$485$rdmux[0][5][9]$b$1357 [1:0] }, Y=$memory$flatten\lut.$auto$proc_rom.cc:150:do_switch$485$rdmux[0][4][4]$b$1294 [9:0]
      New connections: $memory$flatten\lut.$auto$proc_rom.cc:150:do_switch$485$rdmux[0][4][4]$b$1294 [15:10] = 6'000000
    Consolidated identical input bits for $mux cell $memory$flatten\lut.$auto$proc_rom.cc:150:do_switch$485$rdmux[0][5][8]$1352:
      Old ports: A=$memory$flatten\lut.$auto$proc_rom.cc:150:do_switch$485$rdmux[0][5][8]$a$1353, B=$memory$flatten\lut.$auto$proc_rom.cc:150:do_switch$485$rdmux[0][5][8]$b$1354, Y=$memory$flatten\lut.$auto$proc_rom.cc:150:do_switch$485$rdmux[0][4][4]$a$1293
      New ports: A={ $memory$flatten\lut.$auto$proc_rom.cc:150:do_switch$485$rdmux[0][5][8]$a$1353 [10] $memory$flatten\lut.$auto$proc_rom.cc:150:do_switch$485$rdmux[0][5][8]$a$1353 [8:6] 1'1 $memory$flatten\lut.$auto$proc_rom.cc:150:do_switch$485$rdmux[0][5][8]$a$1353 [4:3] 1'0 $memory$flatten\lut.$auto$proc_rom.cc:150:do_switch$485$rdmux[0][5][8]$a$1353 [0] $memory$flatten\lut.$auto$proc_rom.cc:150:do_switch$485$rdmux[0][5][8]$a$1353 [0] }, B={ 2'01 $memory$flatten\lut.$auto$proc_rom.cc:150:do_switch$485$rdmux[0][5][8]$b$1354 [7:3] $memory$flatten\lut.$auto$proc_rom.cc:150:do_switch$485$rdmux[0][5][8]$b$1354 [1] $memory$flatten\lut.$auto$proc_rom.cc:150:do_switch$485$rdmux[0][5][8]$b$1354 [1:0] }, Y={ $memory$flatten\lut.$auto$proc_rom.cc:150:do_switch$485$rdmux[0][4][4]$a$1293 [10] $memory$flatten\lut.$auto$proc_rom.cc:150:do_switch$485$rdmux[0][4][4]$a$1293 [8:0] }
      New connections: { $memory$flatten\lut.$auto$proc_rom.cc:150:do_switch$485$rdmux[0][4][4]$a$1293 [15:11] $memory$flatten\lut.$auto$proc_rom.cc:150:do_switch$485$rdmux[0][4][4]$a$1293 [9] } = { 5'00000 $memory$flatten\lut.$auto$proc_rom.cc:150:do_switch$485$rdmux[0][4][4]$a$1293 [8] }
    Consolidated identical input bits for $mux cell $memory$flatten\lut.$auto$proc_rom.cc:150:do_switch$485$rdmux[0][5][7]$1349:
      Old ports: A=$memory$flatten\lut.$auto$proc_rom.cc:150:do_switch$485$rdmux[0][5][7]$a$1350, B=$memory$flatten\lut.$auto$proc_rom.cc:150:do_switch$485$rdmux[0][5][7]$b$1351, Y=$memory$flatten\lut.$auto$proc_rom.cc:150:do_switch$485$rdmux[0][4][3]$b$1291
      New ports: A={ 1'1 $memory$flatten\lut.$auto$proc_rom.cc:150:do_switch$485$rdmux[0][5][7]$a$1350 [8] $memory$flatten\lut.$auto$proc_rom.cc:150:do_switch$485$rdmux[0][5][7]$a$1350 [4] $memory$flatten\lut.$auto$proc_rom.cc:150:do_switch$485$rdmux[0][5][7]$a$1350 [6] $memory$flatten\lut.$auto$proc_rom.cc:150:do_switch$485$rdmux[0][5][7]$a$1350 [4:3] 1'0 $memory$flatten\lut.$auto$proc_rom.cc:150:do_switch$485$rdmux[0][5][7]$a$1350 [1:0] }, B={ $memory$flatten\lut.$auto$proc_rom.cc:150:do_switch$485$rdmux[0][5][7]$b$1351 [0] $memory$flatten\lut.$auto$proc_rom.cc:150:do_switch$485$rdmux[0][5][7]$b$1351 [8] $memory$flatten\lut.$auto$proc_rom.cc:150:do_switch$485$rdmux[0][5][7]$b$1351 [3] $memory$flatten\lut.$auto$proc_rom.cc:150:do_switch$485$rdmux[0][5][7]$b$1351 [4] $memory$flatten\lut.$auto$proc_rom.cc:150:do_switch$485$rdmux[0][5][7]$b$1351 [4:0] }, Y={ $memory$flatten\lut.$auto$proc_rom.cc:150:do_switch$485$rdmux[0][4][3]$b$1291 [9:6] $memory$flatten\lut.$auto$proc_rom.cc:150:do_switch$485$rdmux[0][4][3]$b$1291 [4:0] }
      New connections: { $memory$flatten\lut.$auto$proc_rom.cc:150:do_switch$485$rdmux[0][4][3]$b$1291 [15:10] $memory$flatten\lut.$auto$proc_rom.cc:150:do_switch$485$rdmux[0][4][3]$b$1291 [5] } = { 6'000001 $memory$flatten\lut.$auto$proc_rom.cc:150:do_switch$485$rdmux[0][4][3]$b$1291 [3] }
    Consolidated identical input bits for $mux cell $memory$flatten\lut.$auto$proc_rom.cc:150:do_switch$485$rdmux[0][5][6]$1346:
      Old ports: A=$memory$flatten\lut.$auto$proc_rom.cc:150:do_switch$485$rdmux[0][5][6]$a$1347, B=$memory$flatten\lut.$auto$proc_rom.cc:150:do_switch$485$rdmux[0][5][6]$b$1348, Y=$memory$flatten\lut.$auto$proc_rom.cc:150:do_switch$485$rdmux[0][4][3]$a$1290
      New ports: A={ $memory$flatten\lut.$auto$proc_rom.cc:150:do_switch$485$rdmux[0][5][6]$a$1347 [10:6] 1'1 $memory$flatten\lut.$auto$proc_rom.cc:150:do_switch$485$rdmux[0][5][6]$a$1347 [3] $memory$flatten\lut.$auto$proc_rom.cc:150:do_switch$485$rdmux[0][5][6]$a$1347 [1] $memory$flatten\lut.$auto$proc_rom.cc:150:do_switch$485$rdmux[0][5][6]$a$1347 [1] 1'1 }, B={ 2'00 $memory$flatten\lut.$auto$proc_rom.cc:150:do_switch$485$rdmux[0][5][6]$b$1348 [8:6] $memory$flatten\lut.$auto$proc_rom.cc:150:do_switch$485$rdmux[0][5][6]$b$1348 [4:0] }, Y={ $memory$flatten\lut.$auto$proc_rom.cc:150:do_switch$485$rdmux[0][4][3]$a$1290 [10:6] $memory$flatten\lut.$auto$proc_rom.cc:150:do_switch$485$rdmux[0][4][3]$a$1290 [4:0] }
      New connections: { $memory$flatten\lut.$auto$proc_rom.cc:150:do_switch$485$rdmux[0][4][3]$a$1290 [15:11] $memory$flatten\lut.$auto$proc_rom.cc:150:do_switch$485$rdmux[0][4][3]$a$1290 [5] } = { 5'00001 $memory$flatten\lut.$auto$proc_rom.cc:150:do_switch$485$rdmux[0][4][3]$a$1290 [3] }
    Consolidated identical input bits for $mux cell $memory$flatten\lut.$auto$proc_rom.cc:150:do_switch$485$rdmux[0][5][5]$1343:
      Old ports: A=$memory$flatten\lut.$auto$proc_rom.cc:150:do_switch$485$rdmux[0][5][5]$a$1344, B=$memory$flatten\lut.$auto$proc_rom.cc:150:do_switch$485$rdmux[0][5][5]$b$1345, Y=$memory$flatten\lut.$auto$proc_rom.cc:150:do_switch$485$rdmux[0][4][2]$b$1288
      New ports: A={ 2'10 $memory$flatten\lut.$auto$proc_rom.cc:150:do_switch$485$rdmux[0][5][5]$a$1344 [10] $memory$flatten\lut.$auto$proc_rom.cc:150:do_switch$485$rdmux[0][5][5]$a$1344 [7] $memory$flatten\lut.$auto$proc_rom.cc:150:do_switch$485$rdmux[0][5][5]$a$1344 [8:6] $memory$flatten\lut.$auto$proc_rom.cc:150:do_switch$485$rdmux[0][5][5]$a$1344 [2] $memory$flatten\lut.$auto$proc_rom.cc:150:do_switch$485$rdmux[0][5][5]$a$1344 [4:0] }, B={ $memory$flatten\lut.$auto$proc_rom.cc:150:do_switch$485$rdmux[0][5][5]$b$1345 [1] $memory$flatten\lut.$auto$proc_rom.cc:150:do_switch$485$rdmux[0][5][5]$b$1345 [10] $memory$flatten\lut.$auto$proc_rom.cc:150:do_switch$485$rdmux[0][5][5]$b$1345 [10] $memory$flatten\lut.$auto$proc_rom.cc:150:do_switch$485$rdmux[0][5][5]$b$1345 [5] $memory$flatten\lut.$auto$proc_rom.cc:150:do_switch$485$rdmux[0][5][5]$b$1345 [8:4] $memory$flatten\lut.$auto$proc_rom.cc:150:do_switch$485$rdmux[0][5][5]$b$1345 [1] $memory$flatten\lut.$auto$proc_rom.cc:150:do_switch$485$rdmux[0][5][5]$b$1345 [1] $memory$flatten\lut.$auto$proc_rom.cc:150:do_switch$485$rdmux[0][5][5]$b$1345 [1:0] }, Y=$memory$flatten\lut.$auto$proc_rom.cc:150:do_switch$485$rdmux[0][4][2]$b$1288 [12:0]
      New connections: $memory$flatten\lut.$auto$proc_rom.cc:150:do_switch$485$rdmux[0][4][2]$b$1288 [15:13] = 3'000
    Consolidated identical input bits for $mux cell $memory$flatten\lut.$auto$proc_rom.cc:150:do_switch$485$rdmux[0][5][4]$1340:
      Old ports: A=$memory$flatten\lut.$auto$proc_rom.cc:150:do_switch$485$rdmux[0][5][4]$a$1341, B=$memory$flatten\lut.$auto$proc_rom.cc:150:do_switch$485$rdmux[0][5][4]$b$1342, Y=$memory$flatten\lut.$auto$proc_rom.cc:150:do_switch$485$rdmux[0][4][2]$a$1287
      New ports: A={ $memory$flatten\lut.$auto$proc_rom.cc:150:do_switch$485$rdmux[0][5][4]$a$1341 [2] $memory$flatten\lut.$auto$proc_rom.cc:150:do_switch$485$rdmux[0][5][4]$a$1341 [4] $memory$flatten\lut.$auto$proc_rom.cc:150:do_switch$485$rdmux[0][5][4]$a$1341 [4] $memory$flatten\lut.$auto$proc_rom.cc:150:do_switch$485$rdmux[0][5][4]$a$1341 [9] 3'010 $memory$flatten\lut.$auto$proc_rom.cc:150:do_switch$485$rdmux[0][5][4]$a$1341 [5:0] }, B={ 1'0 $memory$flatten\lut.$auto$proc_rom.cc:150:do_switch$485$rdmux[0][5][4]$b$1342 [0] $memory$flatten\lut.$auto$proc_rom.cc:150:do_switch$485$rdmux[0][5][4]$b$1342 [10:7] 1'1 $memory$flatten\lut.$auto$proc_rom.cc:150:do_switch$485$rdmux[0][5][4]$b$1342 [5] 1'1 $memory$flatten\lut.$auto$proc_rom.cc:150:do_switch$485$rdmux[0][5][4]$b$1342 [3:0] }, Y={ $memory$flatten\lut.$auto$proc_rom.cc:150:do_switch$485$rdmux[0][4][2]$a$1287 [13] $memory$flatten\lut.$auto$proc_rom.cc:150:do_switch$485$rdmux[0][4][2]$a$1287 [11:0] }
      New connections: { $memory$flatten\lut.$auto$proc_rom.cc:150:do_switch$485$rdmux[0][4][2]$a$1287 [15:14] $memory$flatten\lut.$auto$proc_rom.cc:150:do_switch$485$rdmux[0][4][2]$a$1287 [12] } = { 2'00 $memory$flatten\lut.$auto$proc_rom.cc:150:do_switch$485$rdmux[0][4][2]$a$1287 [4] }
    Consolidated identical input bits for $mux cell $memory$flatten\lut.$auto$proc_rom.cc:150:do_switch$485$rdmux[0][5][3]$1337:
      Old ports: A=$memory$flatten\lut.$auto$proc_rom.cc:150:do_switch$485$rdmux[0][5][3]$a$1338, B=$memory$flatten\lut.$auto$proc_rom.cc:150:do_switch$485$rdmux[0][5][3]$b$1339, Y=$memory$flatten\lut.$auto$proc_rom.cc:150:do_switch$485$rdmux[0][4][1]$b$1285
      New ports: A={ $memory$flatten\lut.$auto$proc_rom.cc:150:do_switch$485$rdmux[0][5][3]$a$1338 [12] $memory$flatten\lut.$auto$proc_rom.cc:150:do_switch$485$rdmux[0][5][3]$a$1338 [1] $memory$flatten\lut.$auto$proc_rom.cc:150:do_switch$485$rdmux[0][5][3]$a$1338 [10] $memory$flatten\lut.$auto$proc_rom.cc:150:do_switch$485$rdmux[0][5][3]$a$1338 [6] $memory$flatten\lut.$auto$proc_rom.cc:150:do_switch$485$rdmux[0][5][3]$a$1338 [8:5] $memory$flatten\lut.$auto$proc_rom.cc:150:do_switch$485$rdmux[0][5][3]$a$1338 [1] 1'1 $memory$flatten\lut.$auto$proc_rom.cc:150:do_switch$485$rdmux[0][5][3]$a$1338 [2:1] 1'1 }, B={ 1'0 $memory$flatten\lut.$auto$proc_rom.cc:150:do_switch$485$rdmux[0][5][3]$b$1339 [3] $memory$flatten\lut.$auto$proc_rom.cc:150:do_switch$485$rdmux[0][5][3]$b$1339 [10:9] $memory$flatten\lut.$auto$proc_rom.cc:150:do_switch$485$rdmux[0][5][3]$b$1339 [1] $memory$flatten\lut.$auto$proc_rom.cc:150:do_switch$485$rdmux[0][5][3]$b$1339 [7] 1'1 $memory$flatten\lut.$auto$proc_rom.cc:150:do_switch$485$rdmux[0][5][3]$b$1339 [5] $memory$flatten\lut.$auto$proc_rom.cc:150:do_switch$485$rdmux[0][5][3]$b$1339 [2] $memory$flatten\lut.$auto$proc_rom.cc:150:do_switch$485$rdmux[0][5][3]$b$1339 [3:0] }, Y=$memory$flatten\lut.$auto$proc_rom.cc:150:do_switch$485$rdmux[0][4][1]$b$1285 [12:0]
      New connections: $memory$flatten\lut.$auto$proc_rom.cc:150:do_switch$485$rdmux[0][4][1]$b$1285 [15:13] = 3'001
    Consolidated identical input bits for $mux cell $memory$flatten\lut.$auto$proc_rom.cc:150:do_switch$485$rdmux[0][5][2]$1334:
      Old ports: A=$memory$flatten\lut.$auto$proc_rom.cc:150:do_switch$485$rdmux[0][5][2]$a$1335, B=$memory$flatten\lut.$auto$proc_rom.cc:150:do_switch$485$rdmux[0][5][2]$b$1336, Y=$memory$flatten\lut.$auto$proc_rom.cc:150:do_switch$485$rdmux[0][4][1]$a$1284
      New ports: A={ 2'10 $memory$flatten\lut.$auto$proc_rom.cc:150:do_switch$485$rdmux[0][5][2]$a$1335 [3] $memory$flatten\lut.$auto$proc_rom.cc:150:do_switch$485$rdmux[0][5][2]$a$1335 [11] $memory$flatten\lut.$auto$proc_rom.cc:150:do_switch$485$rdmux[0][5][2]$a$1335 [0] $memory$flatten\lut.$auto$proc_rom.cc:150:do_switch$485$rdmux[0][5][2]$a$1335 [9:8] 1'0 $memory$flatten\lut.$auto$proc_rom.cc:150:do_switch$485$rdmux[0][5][2]$a$1335 [6:0] }, B={ $memory$flatten\lut.$auto$proc_rom.cc:150:do_switch$485$rdmux[0][5][2]$b$1336 [14] $memory$flatten\lut.$auto$proc_rom.cc:150:do_switch$485$rdmux[0][5][2]$b$1336 [12] $memory$flatten\lut.$auto$proc_rom.cc:150:do_switch$485$rdmux[0][5][2]$b$1336 [12:11] $memory$flatten\lut.$auto$proc_rom.cc:150:do_switch$485$rdmux[0][5][2]$b$1336 [2] 1'0 $memory$flatten\lut.$auto$proc_rom.cc:150:do_switch$485$rdmux[0][5][2]$b$1336 [8] $memory$flatten\lut.$auto$proc_rom.cc:150:do_switch$485$rdmux[0][5][2]$b$1336 [1] $memory$flatten\lut.$auto$proc_rom.cc:150:do_switch$485$rdmux[0][5][2]$b$1336 [6:0] }, Y=$memory$flatten\lut.$auto$proc_rom.cc:150:do_switch$485$rdmux[0][4][1]$a$1284 [14:0]
      New connections: $memory$flatten\lut.$auto$proc_rom.cc:150:do_switch$485$rdmux[0][4][1]$a$1284 [15] = 1'0
    Consolidated identical input bits for $mux cell $memory$flatten\lut.$auto$proc_rom.cc:150:do_switch$485$rdmux[0][5][1]$1331:
      Old ports: A=$memory$flatten\lut.$auto$proc_rom.cc:150:do_switch$485$rdmux[0][5][1]$a$1332, B=$memory$flatten\lut.$auto$proc_rom.cc:150:do_switch$485$rdmux[0][5][1]$b$1333, Y=$memory$flatten\lut.$auto$proc_rom.cc:150:do_switch$485$rdmux[0][4][0]$b$1282
      New ports: A={ 2'10 $memory$flatten\lut.$auto$proc_rom.cc:150:do_switch$485$rdmux[0][5][1]$a$1332 [6] $memory$flatten\lut.$auto$proc_rom.cc:150:do_switch$485$rdmux[0][5][1]$a$1332 [11] 1'0 $memory$flatten\lut.$auto$proc_rom.cc:150:do_switch$485$rdmux[0][5][1]$a$1332 [9] $memory$flatten\lut.$auto$proc_rom.cc:150:do_switch$485$rdmux[0][5][1]$a$1332 [2] $memory$flatten\lut.$auto$proc_rom.cc:150:do_switch$485$rdmux[0][5][1]$a$1332 [3] $memory$flatten\lut.$auto$proc_rom.cc:150:do_switch$485$rdmux[0][5][1]$a$1332 [6:5] $memory$flatten\lut.$auto$proc_rom.cc:150:do_switch$485$rdmux[0][5][1]$a$1332 [3] $memory$flatten\lut.$auto$proc_rom.cc:150:do_switch$485$rdmux[0][5][1]$a$1332 [3:0] }, B={ 2'01 $memory$flatten\lut.$auto$proc_rom.cc:150:do_switch$485$rdmux[0][5][1]$b$1333 [3:2] $memory$flatten\lut.$auto$proc_rom.cc:150:do_switch$485$rdmux[0][5][1]$b$1333 [10] $memory$flatten\lut.$auto$proc_rom.cc:150:do_switch$485$rdmux[0][5][1]$b$1333 [1] $memory$flatten\lut.$auto$proc_rom.cc:150:do_switch$485$rdmux[0][5][1]$b$1333 [8] $memory$flatten\lut.$auto$proc_rom.cc:150:do_switch$485$rdmux[0][5][1]$b$1333 [0] $memory$flatten\lut.$auto$proc_rom.cc:150:do_switch$485$rdmux[0][5][1]$b$1333 [6] $memory$flatten\lut.$auto$proc_rom.cc:150:do_switch$485$rdmux[0][5][1]$b$1333 [2] $memory$flatten\lut.$auto$proc_rom.cc:150:do_switch$485$rdmux[0][5][1]$b$1333 [4:0] }, Y={ $memory$flatten\lut.$auto$proc_rom.cc:150:do_switch$485$rdmux[0][4][0]$b$1282 [15] $memory$flatten\lut.$auto$proc_rom.cc:150:do_switch$485$rdmux[0][4][0]$b$1282 [13:0] }
      New connections: $memory$flatten\lut.$auto$proc_rom.cc:150:do_switch$485$rdmux[0][4][0]$b$1282 [14] = $memory$flatten\lut.$auto$proc_rom.cc:150:do_switch$485$rdmux[0][4][0]$b$1282 [13]
    Consolidated identical input bits for $mux cell $memory$flatten\lut.$auto$proc_rom.cc:150:do_switch$485$rdmux[0][5][0]$1328:
      Old ports: A=$memory$flatten\lut.$auto$proc_rom.cc:150:do_switch$485$rdmux[0][5][0]$a$1329, B=$memory$flatten\lut.$auto$proc_rom.cc:150:do_switch$485$rdmux[0][5][0]$b$1330, Y=$memory$flatten\lut.$auto$proc_rom.cc:150:do_switch$485$rdmux[0][4][0]$a$1281
      New ports: A={ 1'1 $memory$flatten\lut.$auto$proc_rom.cc:150:do_switch$485$rdmux[0][5][0]$a$1329 [6] $memory$flatten\lut.$auto$proc_rom.cc:150:do_switch$485$rdmux[0][5][0]$a$1329 [4] $memory$flatten\lut.$auto$proc_rom.cc:150:do_switch$485$rdmux[0][5][0]$a$1329 [0] $memory$flatten\lut.$auto$proc_rom.cc:150:do_switch$485$rdmux[0][5][0]$a$1329 [10] $memory$flatten\lut.$auto$proc_rom.cc:150:do_switch$485$rdmux[0][5][0]$a$1329 [0] $memory$flatten\lut.$auto$proc_rom.cc:150:do_switch$485$rdmux[0][5][0]$a$1329 [7] $memory$flatten\lut.$auto$proc_rom.cc:150:do_switch$485$rdmux[0][5][0]$a$1329 [7:6] 1'1 $memory$flatten\lut.$auto$proc_rom.cc:150:do_switch$485$rdmux[0][5][0]$a$1329 [4] 1'1 $memory$flatten\lut.$auto$proc_rom.cc:150:do_switch$485$rdmux[0][5][0]$a$1329 [2:0] }, B={ $memory$flatten\lut.$auto$proc_rom.cc:150:do_switch$485$rdmux[0][5][0]$b$1330 [2] $memory$flatten\lut.$auto$proc_rom.cc:150:do_switch$485$rdmux[0][5][0]$b$1330 [13:10] $memory$flatten\lut.$auto$proc_rom.cc:150:do_switch$485$rdmux[0][5][0]$b$1330 [1] 1'1 $memory$flatten\lut.$auto$proc_rom.cc:150:do_switch$485$rdmux[0][5][0]$b$1330 [5] 1'1 $memory$flatten\lut.$auto$proc_rom.cc:150:do_switch$485$rdmux[0][5][0]$b$1330 [5:0] }, Y=$memory$flatten\lut.$auto$proc_rom.cc:150:do_switch$485$rdmux[0][4][0]$a$1281 [14:0]
      New connections: $memory$flatten\lut.$auto$proc_rom.cc:150:do_switch$485$rdmux[0][4][0]$a$1281 [15] = 1'1
  Optimizing cells in module \ga2_sm.
    Consolidated identical input bits for $mux cell $memory$flatten\lut.$auto$proc_rom.cc:150:do_switch$485$rdmux[0][4][11]$1313:
      Old ports: A=16'0000000000000001, B=$memory$flatten\lut.$auto$proc_rom.cc:150:do_switch$485$rdmux[0][4][11]$b$1315, Y=$memory$flatten\lut.$auto$proc_rom.cc:150:do_switch$485$rdmux[0][3][5]$b$1273
      New ports: A=1'1, B=$memory$flatten\lut.$auto$proc_rom.cc:150:do_switch$485$rdmux[0][4][11]$b$1315 [0], Y=$memory$flatten\lut.$auto$proc_rom.cc:150:do_switch$485$rdmux[0][3][5]$b$1273 [0]
      New connections: $memory$flatten\lut.$auto$proc_rom.cc:150:do_switch$485$rdmux[0][3][5]$b$1273 [15:1] = 15'000000000000000
    Consolidated identical input bits for $mux cell $memory$flatten\lut.$auto$proc_rom.cc:150:do_switch$485$rdmux[0][4][10]$1310:
      Old ports: A=$memory$flatten\lut.$auto$proc_rom.cc:150:do_switch$485$rdmux[0][4][10]$a$1311, B=$memory$flatten\lut.$auto$proc_rom.cc:150:do_switch$485$rdmux[0][4][10]$b$1312, Y=$memory$flatten\lut.$auto$proc_rom.cc:150:do_switch$485$rdmux[0][3][5]$a$1272
      New ports: A={ 1'1 $memory$flatten\lut.$auto$proc_rom.cc:150:do_switch$485$rdmux[0][4][10]$a$1311 [0] }, B=$memory$flatten\lut.$auto$proc_rom.cc:150:do_switch$485$rdmux[0][4][10]$b$1312 [1:0], Y=$memory$flatten\lut.$auto$proc_rom.cc:150:do_switch$485$rdmux[0][3][5]$a$1272 [1:0]
      New connections: $memory$flatten\lut.$auto$proc_rom.cc:150:do_switch$485$rdmux[0][3][5]$a$1272 [15:2] = 14'00000000000000
    Consolidated identical input bits for $mux cell $memory$flatten\lut.$auto$proc_rom.cc:150:do_switch$485$rdmux[0][4][9]$1307:
      Old ports: A=$memory$flatten\lut.$auto$proc_rom.cc:150:do_switch$485$rdmux[0][4][9]$a$1308, B=$memory$flatten\lut.$auto$proc_rom.cc:150:do_switch$485$rdmux[0][4][9]$b$1309, Y=$memory$flatten\lut.$auto$proc_rom.cc:150:do_switch$485$rdmux[0][3][4]$b$1270
      New ports: A=$memory$flatten\lut.$auto$proc_rom.cc:150:do_switch$485$rdmux[0][4][9]$a$1308 [3:0], B={ 1'0 $memory$flatten\lut.$auto$proc_rom.cc:150:do_switch$485$rdmux[0][4][9]$b$1309 [2:0] }, Y=$memory$flatten\lut.$auto$proc_rom.cc:150:do_switch$485$rdmux[0][3][4]$b$1270 [3:0]
      New connections: $memory$flatten\lut.$auto$proc_rom.cc:150:do_switch$485$rdmux[0][3][4]$b$1270 [15:4] = 12'000000000000
    Consolidated identical input bits for $mux cell $memory$flatten\lut.$auto$proc_rom.cc:150:do_switch$485$rdmux[0][4][8]$1304:
      Old ports: A=$memory$flatten\lut.$auto$proc_rom.cc:150:do_switch$485$rdmux[0][4][8]$a$1305, B=$memory$flatten\lut.$auto$proc_rom.cc:150:do_switch$485$rdmux[0][4][8]$b$1306, Y=$memory$flatten\lut.$auto$proc_rom.cc:150:do_switch$485$rdmux[0][3][4]$a$1269
      New ports: A=$memory$flatten\lut.$auto$proc_rom.cc:150:do_switch$485$rdmux[0][4][8]$a$1305 [4:0], B={ 2'01 $memory$flatten\lut.$auto$proc_rom.cc:150:do_switch$485$rdmux[0][4][8]$b$1306 [2:0] }, Y=$memory$flatten\lut.$auto$proc_rom.cc:150:do_switch$485$rdmux[0][3][4]$a$1269 [4:0]
      New connections: $memory$flatten\lut.$auto$proc_rom.cc:150:do_switch$485$rdmux[0][3][4]$a$1269 [15:5] = 11'00000000000
    Consolidated identical input bits for $mux cell $memory$flatten\lut.$auto$proc_rom.cc:150:do_switch$485$rdmux[0][4][7]$1301:
      Old ports: A=$memory$flatten\lut.$auto$proc_rom.cc:150:do_switch$485$rdmux[0][4][7]$a$1302, B=$memory$flatten\lut.$auto$proc_rom.cc:150:do_switch$485$rdmux[0][4][7]$b$1303, Y=$memory$flatten\lut.$auto$proc_rom.cc:150:do_switch$485$rdmux[0][3][3]$b$1267
      New ports: A={ 1'1 $memory$flatten\lut.$auto$proc_rom.cc:150:do_switch$485$rdmux[0][4][7]$a$1302 [4:0] }, B=$memory$flatten\lut.$auto$proc_rom.cc:150:do_switch$485$rdmux[0][4][7]$b$1303 [5:0], Y=$memory$flatten\lut.$auto$proc_rom.cc:150:do_switch$485$rdmux[0][3][3]$b$1267 [5:0]
      New connections: $memory$flatten\lut.$auto$proc_rom.cc:150:do_switch$485$rdmux[0][3][3]$b$1267 [15:6] = 10'0000000000
    Consolidated identical input bits for $mux cell $memory$flatten\lut.$auto$proc_rom.cc:150:do_switch$485$rdmux[0][4][6]$1298:
      Old ports: A=$memory$flatten\lut.$auto$proc_rom.cc:150:do_switch$485$rdmux[0][4][6]$a$1299, B=$memory$flatten\lut.$auto$proc_rom.cc:150:do_switch$485$rdmux[0][4][6]$b$1300, Y=$memory$flatten\lut.$auto$proc_rom.cc:150:do_switch$485$rdmux[0][3][3]$a$1266
      New ports: A=$memory$flatten\lut.$auto$proc_rom.cc:150:do_switch$485$rdmux[0][4][6]$a$1299 [7:0], B={ 2'01 $memory$flatten\lut.$auto$proc_rom.cc:150:do_switch$485$rdmux[0][4][6]$b$1300 [5:0] }, Y=$memory$flatten\lut.$auto$proc_rom.cc:150:do_switch$485$rdmux[0][3][3]$a$1266 [7:0]
      New connections: $memory$flatten\lut.$auto$proc_rom.cc:150:do_switch$485$rdmux[0][3][3]$a$1266 [15:8] = 8'00000000
    Consolidated identical input bits for $mux cell $memory$flatten\lut.$auto$proc_rom.cc:150:do_switch$485$rdmux[0][4][5]$1295:
      Old ports: A=$memory$flatten\lut.$auto$proc_rom.cc:150:do_switch$485$rdmux[0][4][5]$a$1296, B=$memory$flatten\lut.$auto$proc_rom.cc:150:do_switch$485$rdmux[0][4][5]$b$1297, Y=$memory$flatten\lut.$auto$proc_rom.cc:150:do_switch$485$rdmux[0][3][2]$b$1264
      New ports: A={ 1'1 $memory$flatten\lut.$auto$proc_rom.cc:150:do_switch$485$rdmux[0][4][5]$a$1296 [7:0] }, B=$memory$flatten\lut.$auto$proc_rom.cc:150:do_switch$485$rdmux[0][4][5]$b$1297 [8:0], Y=$memory$flatten\lut.$auto$proc_rom.cc:150:do_switch$485$rdmux[0][3][2]$b$1264 [8:0]
      New connections: $memory$flatten\lut.$auto$proc_rom.cc:150:do_switch$485$rdmux[0][3][2]$b$1264 [15:9] = 7'0000000
    Consolidated identical input bits for $mux cell $memory$flatten\lut.$auto$proc_rom.cc:150:do_switch$485$rdmux[0][4][4]$1292:
      Old ports: A=$memory$flatten\lut.$auto$proc_rom.cc:150:do_switch$485$rdmux[0][4][4]$a$1293, B=$memory$flatten\lut.$auto$proc_rom.cc:150:do_switch$485$rdmux[0][4][4]$b$1294, Y=$memory$flatten\lut.$auto$proc_rom.cc:150:do_switch$485$rdmux[0][3][2]$a$1263
      New ports: A={ $memory$flatten\lut.$auto$proc_rom.cc:150:do_switch$485$rdmux[0][4][4]$a$1293 [10] $memory$flatten\lut.$auto$proc_rom.cc:150:do_switch$485$rdmux[0][4][4]$a$1293 [8] $memory$flatten\lut.$auto$proc_rom.cc:150:do_switch$485$rdmux[0][4][4]$a$1293 [8:0] }, B={ 1'0 $memory$flatten\lut.$auto$proc_rom.cc:150:do_switch$485$rdmux[0][4][4]$b$1294 [9:0] }, Y=$memory$flatten\lut.$auto$proc_rom.cc:150:do_switch$485$rdmux[0][3][2]$a$1263 [10:0]
      New connections: $memory$flatten\lut.$auto$proc_rom.cc:150:do_switch$485$rdmux[0][3][2]$a$1263 [15:11] = 5'00000
    Consolidated identical input bits for $mux cell $memory$flatten\lut.$auto$proc_rom.cc:150:do_switch$485$rdmux[0][4][3]$1289:
      Old ports: A=$memory$flatten\lut.$auto$proc_rom.cc:150:do_switch$485$rdmux[0][4][3]$a$1290, B=$memory$flatten\lut.$auto$proc_rom.cc:150:do_switch$485$rdmux[0][4][3]$b$1291, Y=$memory$flatten\lut.$auto$proc_rom.cc:150:do_switch$485$rdmux[0][3][1]$b$1261
      New ports: A={ 1'1 $memory$flatten\lut.$auto$proc_rom.cc:150:do_switch$485$rdmux[0][4][3]$a$1290 [10:6] $memory$flatten\lut.$auto$proc_rom.cc:150:do_switch$485$rdmux[0][4][3]$a$1290 [4:0] }, B={ 2'01 $memory$flatten\lut.$auto$proc_rom.cc:150:do_switch$485$rdmux[0][4][3]$b$1291 [9:6] $memory$flatten\lut.$auto$proc_rom.cc:150:do_switch$485$rdmux[0][4][3]$b$1291 [4:0] }, Y={ $memory$flatten\lut.$auto$proc_rom.cc:150:do_switch$485$rdmux[0][3][1]$b$1261 [11:6] $memory$flatten\lut.$auto$proc_rom.cc:150:do_switch$485$rdmux[0][3][1]$b$1261 [4:0] }
      New connections: { $memory$flatten\lut.$auto$proc_rom.cc:150:do_switch$485$rdmux[0][3][1]$b$1261 [15:12] $memory$flatten\lut.$auto$proc_rom.cc:150:do_switch$485$rdmux[0][3][1]$b$1261 [5] } = { 4'0000 $memory$flatten\lut.$auto$proc_rom.cc:150:do_switch$485$rdmux[0][3][1]$b$1261 [3] }
    Consolidated identical input bits for $mux cell $memory$flatten\lut.$auto$proc_rom.cc:150:do_switch$485$rdmux[0][4][2]$1286:
      Old ports: A=$memory$flatten\lut.$auto$proc_rom.cc:150:do_switch$485$rdmux[0][4][2]$a$1287, B=$memory$flatten\lut.$auto$proc_rom.cc:150:do_switch$485$rdmux[0][4][2]$b$1288, Y=$memory$flatten\lut.$auto$proc_rom.cc:150:do_switch$485$rdmux[0][3][1]$a$1260
      New ports: A={ $memory$flatten\lut.$auto$proc_rom.cc:150:do_switch$485$rdmux[0][4][2]$a$1287 [13] $memory$flatten\lut.$auto$proc_rom.cc:150:do_switch$485$rdmux[0][4][2]$a$1287 [4] $memory$flatten\lut.$auto$proc_rom.cc:150:do_switch$485$rdmux[0][4][2]$a$1287 [11:0] }, B={ 1'0 $memory$flatten\lut.$auto$proc_rom.cc:150:do_switch$485$rdmux[0][4][2]$b$1288 [12:0] }, Y=$memory$flatten\lut.$auto$proc_rom.cc:150:do_switch$485$rdmux[0][3][1]$a$1260 [13:0]
      New connections: $memory$flatten\lut.$auto$proc_rom.cc:150:do_switch$485$rdmux[0][3][1]$a$1260 [15:14] = 2'00
    Consolidated identical input bits for $mux cell $memory$flatten\lut.$auto$proc_rom.cc:150:do_switch$485$rdmux[0][4][1]$1283:
      Old ports: A=$memory$flatten\lut.$auto$proc_rom.cc:150:do_switch$485$rdmux[0][4][1]$a$1284, B=$memory$flatten\lut.$auto$proc_rom.cc:150:do_switch$485$rdmux[0][4][1]$b$1285, Y=$memory$flatten\lut.$auto$proc_rom.cc:150:do_switch$485$rdmux[0][3][0]$b$1258
      New ports: A=$memory$flatten\lut.$auto$proc_rom.cc:150:do_switch$485$rdmux[0][4][1]$a$1284 [14:0], B={ 2'01 $memory$flatten\lut.$auto$proc_rom.cc:150:do_switch$485$rdmux[0][4][1]$b$1285 [12:0] }, Y=$memory$flatten\lut.$auto$proc_rom.cc:150:do_switch$485$rdmux[0][3][0]$b$1258 [14:0]
      New connections: $memory$flatten\lut.$auto$proc_rom.cc:150:do_switch$485$rdmux[0][3][0]$b$1258 [15] = 1'0
  Optimizing cells in module \ga2_sm.
    Consolidated identical input bits for $mux cell $memory$flatten\lut.$auto$proc_rom.cc:150:do_switch$485$rdmux[0][3][5]$1271:
      Old ports: A=$memory$flatten\lut.$auto$proc_rom.cc:150:do_switch$485$rdmux[0][3][5]$a$1272, B=$memory$flatten\lut.$auto$proc_rom.cc:150:do_switch$485$rdmux[0][3][5]$b$1273, Y=$memory$flatten\lut.$auto$proc_rom.cc:150:do_switch$485$rdmux[0][2][2]$b$1252
      New ports: A=$memory$flatten\lut.$auto$proc_rom.cc:150:do_switch$485$rdmux[0][3][5]$a$1272 [1:0], B={ 1'0 $memory$flatten\lut.$auto$proc_rom.cc:150:do_switch$485$rdmux[0][3][5]$b$1273 [0] }, Y=$memory$flatten\lut.$auto$proc_rom.cc:150:do_switch$485$rdmux[0][2][2]$b$1252 [1:0]
      New connections: $memory$flatten\lut.$auto$proc_rom.cc:150:do_switch$485$rdmux[0][2][2]$b$1252 [15:2] = 14'00000000000000
    Consolidated identical input bits for $mux cell $memory$flatten\lut.$auto$proc_rom.cc:150:do_switch$485$rdmux[0][3][4]$1268:
      Old ports: A=$memory$flatten\lut.$auto$proc_rom.cc:150:do_switch$485$rdmux[0][3][4]$a$1269, B=$memory$flatten\lut.$auto$proc_rom.cc:150:do_switch$485$rdmux[0][3][4]$b$1270, Y=$memory$flatten\lut.$auto$proc_rom.cc:150:do_switch$485$rdmux[0][2][2]$a$1251
      New ports: A=$memory$flatten\lut.$auto$proc_rom.cc:150:do_switch$485$rdmux[0][3][4]$a$1269 [4:0], B={ 1'0 $memory$flatten\lut.$auto$proc_rom.cc:150:do_switch$485$rdmux[0][3][4]$b$1270 [3:0] }, Y=$memory$flatten\lut.$auto$proc_rom.cc:150:do_switch$485$rdmux[0][2][2]$a$1251 [4:0]
      New connections: $memory$flatten\lut.$auto$proc_rom.cc:150:do_switch$485$rdmux[0][2][2]$a$1251 [15:5] = 11'00000000000
    Consolidated identical input bits for $mux cell $memory$flatten\lut.$auto$proc_rom.cc:150:do_switch$485$rdmux[0][3][3]$1265:
      Old ports: A=$memory$flatten\lut.$auto$proc_rom.cc:150:do_switch$485$rdmux[0][3][3]$a$1266, B=$memory$flatten\lut.$auto$proc_rom.cc:150:do_switch$485$rdmux[0][3][3]$b$1267, Y=$memory$flatten\lut.$auto$proc_rom.cc:150:do_switch$485$rdmux[0][2][1]$b$1249
      New ports: A=$memory$flatten\lut.$auto$proc_rom.cc:150:do_switch$485$rdmux[0][3][3]$a$1266 [7:0], B={ 2'00 $memory$flatten\lut.$auto$proc_rom.cc:150:do_switch$485$rdmux[0][3][3]$b$1267 [5:0] }, Y=$memory$flatten\lut.$auto$proc_rom.cc:150:do_switch$485$rdmux[0][2][1]$b$1249 [7:0]
      New connections: $memory$flatten\lut.$auto$proc_rom.cc:150:do_switch$485$rdmux[0][2][1]$b$1249 [15:8] = 8'00000000
    Consolidated identical input bits for $mux cell $memory$flatten\lut.$auto$proc_rom.cc:150:do_switch$485$rdmux[0][3][2]$1262:
      Old ports: A=$memory$flatten\lut.$auto$proc_rom.cc:150:do_switch$485$rdmux[0][3][2]$a$1263, B=$memory$flatten\lut.$auto$proc_rom.cc:150:do_switch$485$rdmux[0][3][2]$b$1264, Y=$memory$flatten\lut.$auto$proc_rom.cc:150:do_switch$485$rdmux[0][2][1]$a$1248
      New ports: A=$memory$flatten\lut.$auto$proc_rom.cc:150:do_switch$485$rdmux[0][3][2]$a$1263 [10:0], B={ 2'00 $memory$flatten\lut.$auto$proc_rom.cc:150:do_switch$485$rdmux[0][3][2]$b$1264 [8:0] }, Y=$memory$flatten\lut.$auto$proc_rom.cc:150:do_switch$485$rdmux[0][2][1]$a$1248 [10:0]
      New connections: $memory$flatten\lut.$auto$proc_rom.cc:150:do_switch$485$rdmux[0][2][1]$a$1248 [15:11] = 5'00000
    Consolidated identical input bits for $mux cell $memory$flatten\lut.$auto$proc_rom.cc:150:do_switch$485$rdmux[0][3][1]$1259:
      Old ports: A=$memory$flatten\lut.$auto$proc_rom.cc:150:do_switch$485$rdmux[0][3][1]$a$1260, B=$memory$flatten\lut.$auto$proc_rom.cc:150:do_switch$485$rdmux[0][3][1]$b$1261, Y=$memory$flatten\lut.$auto$proc_rom.cc:150:do_switch$485$rdmux[0][2][0]$b$1246
      New ports: A=$memory$flatten\lut.$auto$proc_rom.cc:150:do_switch$485$rdmux[0][3][1]$a$1260 [13:0], B={ 2'00 $memory$flatten\lut.$auto$proc_rom.cc:150:do_switch$485$rdmux[0][3][1]$b$1261 [11:6] $memory$flatten\lut.$auto$proc_rom.cc:150:do_switch$485$rdmux[0][3][1]$b$1261 [3] $memory$flatten\lut.$auto$proc_rom.cc:150:do_switch$485$rdmux[0][3][1]$b$1261 [4:0] }, Y=$memory$flatten\lut.$auto$proc_rom.cc:150:do_switch$485$rdmux[0][2][0]$b$1246 [13:0]
      New connections: $memory$flatten\lut.$auto$proc_rom.cc:150:do_switch$485$rdmux[0][2][0]$b$1246 [15:14] = 2'00
  Optimizing cells in module \ga2_sm.
    Consolidated identical input bits for $mux cell $memory$flatten\lut.$auto$proc_rom.cc:150:do_switch$485$rdmux[0][2][2]$1250:
      Old ports: A=$memory$flatten\lut.$auto$proc_rom.cc:150:do_switch$485$rdmux[0][2][2]$a$1251, B=$memory$flatten\lut.$auto$proc_rom.cc:150:do_switch$485$rdmux[0][2][2]$b$1252, Y=$memory$flatten\lut.$auto$proc_rom.cc:150:do_switch$485$rdmux[0][1][1]$a$1242
      New ports: A=$memory$flatten\lut.$auto$proc_rom.cc:150:do_switch$485$rdmux[0][2][2]$a$1251 [4:0], B={ 3'000 $memory$flatten\lut.$auto$proc_rom.cc:150:do_switch$485$rdmux[0][2][2]$b$1252 [1:0] }, Y=$memory$flatten\lut.$auto$proc_rom.cc:150:do_switch$485$rdmux[0][1][1]$a$1242 [4:0]
      New connections: $memory$flatten\lut.$auto$proc_rom.cc:150:do_switch$485$rdmux[0][1][1]$a$1242 [15:5] = 11'00000000000
    Consolidated identical input bits for $mux cell $memory$flatten\lut.$auto$proc_rom.cc:150:do_switch$485$rdmux[0][2][1]$1247:
      Old ports: A=$memory$flatten\lut.$auto$proc_rom.cc:150:do_switch$485$rdmux[0][2][1]$a$1248, B=$memory$flatten\lut.$auto$proc_rom.cc:150:do_switch$485$rdmux[0][2][1]$b$1249, Y=$memory$flatten\lut.$auto$proc_rom.cc:150:do_switch$485$rdmux[0][1][0]$b$1240
      New ports: A=$memory$flatten\lut.$auto$proc_rom.cc:150:do_switch$485$rdmux[0][2][1]$a$1248 [10:0], B={ 3'000 $memory$flatten\lut.$auto$proc_rom.cc:150:do_switch$485$rdmux[0][2][1]$b$1249 [7:0] }, Y=$memory$flatten\lut.$auto$proc_rom.cc:150:do_switch$485$rdmux[0][1][0]$b$1240 [10:0]
      New connections: $memory$flatten\lut.$auto$proc_rom.cc:150:do_switch$485$rdmux[0][1][0]$b$1240 [15:11] = 5'00000
  Optimizing cells in module \ga2_sm.
    Consolidated identical input bits for $mux cell $memory$flatten\lut.$auto$proc_rom.cc:150:do_switch$485$rdmux[0][1][1]$1241:
      Old ports: A=$memory$flatten\lut.$auto$proc_rom.cc:150:do_switch$485$rdmux[0][1][1]$a$1242, B=16'0000000000000000, Y=$memory$flatten\lut.$auto$proc_rom.cc:150:do_switch$485$rdmux[0][0][0]$b$1237
      New ports: A=$memory$flatten\lut.$auto$proc_rom.cc:150:do_switch$485$rdmux[0][1][1]$a$1242 [4:0], B=5'00000, Y=$memory$flatten\lut.$auto$proc_rom.cc:150:do_switch$485$rdmux[0][0][0]$b$1237 [4:0]
      New connections: $memory$flatten\lut.$auto$proc_rom.cc:150:do_switch$485$rdmux[0][0][0]$b$1237 [15:5] = 11'00000000000
  Optimizing cells in module \ga2_sm.
Performed a total of 158 changes.

13.20.5. Executing OPT_MERGE pass (detect identical cells).
Finding identical cells in module `\ga2_sm'.
<suppressed ~219 debug messages>
Removed a total of 73 cells.

13.20.6. Executing OPT_SHARE pass.
    Found cells that share an operand and can be merged by moving the $mux $ternary$rtl/ga2_sm.v:13$172 in front of them:
        $auto$alumacc.cc:485:replace_alu$1196
        $auto$alumacc.cc:485:replace_alu$1199

13.20.7. Executing OPT_DFF pass (perform DFF optimizations).
Adding SRST signal on $auto$ff.cc:266:slice$896 ($sdffce) from module ga2_sm (D = $add$rtl/ga2_sm.v:27$193_Y, Q = \j, rval = 12'000000000000).

13.20.8. Executing OPT_CLEAN pass (remove unused cells and wires).
Finding unused cells or wires in module \ga2_sm..
Removed 1 unused cells and 428 unused wires.
<suppressed ~2 debug messages>

13.20.9. Executing OPT_EXPR pass (perform const folding).
Optimizing module ga2_sm.
<suppressed ~3 debug messages>

13.20.10. Rerunning OPT passes. (Maybe there is more to do..)

13.20.11. Executing OPT_MUXTREE pass (detect dead branches in mux trees).
Running muxtree optimizer on module \ga2_sm..
  Creating internal representation of mux trees.
  Evaluating internal representation of mux trees.
  Analyzing evaluation results.
Removed 0 multiplexer ports.
<suppressed ~12 debug messages>

13.20.12. Executing OPT_REDUCE pass (consolidate $*mux and $reduce_* inputs).
  Optimizing cells in module \ga2_sm.
    Consolidated identical input bits for $mux cell $memory$flatten\lut.$auto$proc_rom.cc:150:do_switch$485$rdmux[0][6][10]$1454:
      Old ports: A={ $memory$flatten\lut.$auto$proc_rom.cc:150:do_switch$485$rdmux[0][6][10]$a$1455 [10] 1'1 $memory$flatten\lut.$auto$proc_rom.cc:150:do_switch$485$rdmux[0][6][10]$a$1455 [9] 1'0 $memory$flatten\lut.$auto$proc_rom.cc:150:do_switch$485$rdmux[0][6][10]$a$1455 [9] $memory$flatten\lut.$auto$proc_rom.cc:150:do_switch$485$rdmux[0][6][10]$a$1455 [9] $memory$flatten\lut.$auto$proc_rom.cc:150:do_switch$485$rdmux[0][6][10]$a$1455 [9] 1'1 $memory$flatten\lut.$auto$proc_rom.cc:150:do_switch$485$rdmux[0][6][10]$a$1455 [10] }, B={ 1'0 $memory$flatten\lut.$auto$proc_rom.cc:150:do_switch$485$rdmux[0][6][10]$a$1455 [9] $memory$flatten\lut.$auto$proc_rom.cc:150:do_switch$485$rdmux[0][6][10]$a$1455 [10:9] 2'01 $memory$flatten\lut.$auto$proc_rom.cc:150:do_switch$485$rdmux[0][6][10]$a$1455 [9] $memory$flatten\lut.$auto$proc_rom.cc:150:do_switch$485$rdmux[0][6][10]$a$1455 [10] $memory$flatten\lut.$auto$proc_rom.cc:150:do_switch$485$rdmux[0][6][10]$a$1455 [10] }, Y={ $memory$flatten\lut.$auto$proc_rom.cc:150:do_switch$485$rdmux[0][5][5]$a$1344 [10] $memory$flatten\lut.$auto$proc_rom.cc:150:do_switch$485$rdmux[0][5][5]$a$1344 [8] $memory$flatten\lut.$auto$proc_rom.cc:150:do_switch$485$rdmux[0][5][5]$a$1344 [9] $memory$flatten\lut.$auto$proc_rom.cc:150:do_switch$485$rdmux[0][5][5]$a$1344 [6] $memory$flatten\lut.$auto$proc_rom.cc:150:do_switch$485$rdmux[0][5][5]$a$1344 [4:3] $memory$flatten\lut.$auto$proc_rom.cc:150:do_switch$485$rdmux[0][5][5]$a$1344 [5] $memory$flatten\lut.$auto$proc_rom.cc:150:do_switch$485$rdmux[0][5][5]$a$1344 [1:0] }
      New ports: A={ $memory$flatten\lut.$auto$proc_rom.cc:150:do_switch$485$rdmux[0][6][10]$a$1455 [10] 1'1 $memory$flatten\lut.$auto$proc_rom.cc:150:do_switch$485$rdmux[0][6][10]$a$1455 [9] 1'0 $memory$flatten\lut.$auto$proc_rom.cc:150:do_switch$485$rdmux[0][6][10]$a$1455 [9] $memory$flatten\lut.$auto$proc_rom.cc:150:do_switch$485$rdmux[0][6][10]$a$1455 [9] 1'1 }, B={ 1'0 $memory$flatten\lut.$auto$proc_rom.cc:150:do_switch$485$rdmux[0][6][10]$a$1455 [9] $memory$flatten\lut.$auto$proc_rom.cc:150:do_switch$485$rdmux[0][6][10]$a$1455 [10:9] 2'01 $memory$flatten\lut.$auto$proc_rom.cc:150:do_switch$485$rdmux[0][6][10]$a$1455 [10] }, Y={ $memory$flatten\lut.$auto$proc_rom.cc:150:do_switch$485$rdmux[0][5][5]$a$1344 [10] $memory$flatten\lut.$auto$proc_rom.cc:150:do_switch$485$rdmux[0][5][5]$a$1344 [8] $memory$flatten\lut.$auto$proc_rom.cc:150:do_switch$485$rdmux[0][5][5]$a$1344 [9] $memory$flatten\lut.$auto$proc_rom.cc:150:do_switch$485$rdmux[0][5][5]$a$1344 [6] $memory$flatten\lut.$auto$proc_rom.cc:150:do_switch$485$rdmux[0][5][5]$a$1344 [4:3] $memory$flatten\lut.$auto$proc_rom.cc:150:do_switch$485$rdmux[0][5][5]$a$1344 [1] }
      New connections: { $memory$flatten\lut.$auto$proc_rom.cc:150:do_switch$485$rdmux[0][5][5]$a$1344 [5] $memory$flatten\lut.$auto$proc_rom.cc:150:do_switch$485$rdmux[0][5][5]$a$1344 [0] } = { $memory$flatten\lut.$auto$proc_rom.cc:150:do_switch$485$rdmux[0][6][10]$a$1455 [9] $memory$flatten\lut.$auto$proc_rom.cc:150:do_switch$485$rdmux[0][6][10]$a$1455 [10] }
    Consolidated identical input bits for $mux cell $memory$flatten\lut.$auto$proc_rom.cc:150:do_switch$485$rdmux[0][6][11]$1457:
      Old ports: A={ $memory$flatten\lut.$auto$proc_rom.cc:150:do_switch$485$rdmux[0][6][10]$a$1455 [9] $memory$flatten\lut.$auto$proc_rom.cc:150:do_switch$485$rdmux[0][6][10]$a$1455 [9] 2'01 $memory$flatten\lut.$auto$proc_rom.cc:150:do_switch$485$rdmux[0][6][10]$a$1455 [9] $memory$flatten\lut.$auto$proc_rom.cc:150:do_switch$485$rdmux[0][6][10]$a$1455 [10] $memory$flatten\lut.$auto$proc_rom.cc:150:do_switch$485$rdmux[0][6][10]$a$1455 [10] 1'0 }, B={ 1'1 $memory$flatten\lut.$auto$proc_rom.cc:150:do_switch$485$rdmux[0][6][10]$a$1455 [9] $memory$flatten\lut.$auto$proc_rom.cc:150:do_switch$485$rdmux[0][6][10]$a$1455 [9] $memory$flatten\lut.$auto$proc_rom.cc:150:do_switch$485$rdmux[0][6][10]$a$1455 [10] $memory$flatten\lut.$auto$proc_rom.cc:150:do_switch$485$rdmux[0][6][10]$a$1455 [10] 3'101 }, Y={ $memory$flatten\lut.$auto$proc_rom.cc:150:do_switch$485$rdmux[0][5][5]$b$1345 [11] $memory$flatten\lut.$auto$proc_rom.cc:150:do_switch$485$rdmux[0][5][5]$b$1345 [8:6] $memory$flatten\lut.$auto$proc_rom.cc:150:do_switch$485$rdmux[0][5][5]$b$1345 [9] $memory$flatten\lut.$auto$proc_rom.cc:150:do_switch$485$rdmux[0][5][5]$b$1345 [4] $memory$flatten\lut.$auto$proc_rom.cc:150:do_switch$485$rdmux[0][5][5]$b$1345 [12] $memory$flatten\lut.$auto$proc_rom.cc:150:do_switch$485$rdmux[0][5][5]$b$1345 [0] }
      New ports: A={ $memory$flatten\lut.$auto$proc_rom.cc:150:do_switch$485$rdmux[0][6][10]$a$1455 [9] 2'01 $memory$flatten\lut.$auto$proc_rom.cc:150:do_switch$485$rdmux[0][6][10]$a$1455 [9] $memory$flatten\lut.$auto$proc_rom.cc:150:do_switch$485$rdmux[0][6][10]$a$1455 [10] $memory$flatten\lut.$auto$proc_rom.cc:150:do_switch$485$rdmux[0][6][10]$a$1455 [10] 1'0 }, B={ 1'1 $memory$flatten\lut.$auto$proc_rom.cc:150:do_switch$485$rdmux[0][6][10]$a$1455 [9] $memory$flatten\lut.$auto$proc_rom.cc:150:do_switch$485$rdmux[0][6][10]$a$1455 [10] $memory$flatten\lut.$auto$proc_rom.cc:150:do_switch$485$rdmux[0][6][10]$a$1455 [10] 3'101 }, Y={ $memory$flatten\lut.$auto$proc_rom.cc:150:do_switch$485$rdmux[0][5][5]$b$1345 [11] $memory$flatten\lut.$auto$proc_rom.cc:150:do_switch$485$rdmux[0][5][5]$b$1345 [7:6] $memory$flatten\lut.$auto$proc_rom.cc:150:do_switch$485$rdmux[0][5][5]$b$1345 [9] $memory$flatten\lut.$auto$proc_rom.cc:150:do_switch$485$rdmux[0][5][5]$b$1345 [4] $memory$flatten\lut.$auto$proc_rom.cc:150:do_switch$485$rdmux[0][5][5]$b$1345 [12] $memory$flatten\lut.$auto$proc_rom.cc:150:do_switch$485$rdmux[0][5][5]$b$1345 [0] }
      New connections: $memory$flatten\lut.$auto$proc_rom.cc:150:do_switch$485$rdmux[0][5][5]$b$1345 [8] = $memory$flatten\lut.$auto$proc_rom.cc:150:do_switch$485$rdmux[0][6][10]$a$1455 [9]
    Consolidated identical input bits for $mux cell $memory$flatten\lut.$auto$proc_rom.cc:150:do_switch$485$rdmux[0][6][12]$1460:
      Old ports: A={ $memory$flatten\lut.$auto$proc_rom.cc:150:do_switch$485$rdmux[0][6][10]$a$1455 [10:9] $memory$flatten\lut.$auto$proc_rom.cc:150:do_switch$485$rdmux[0][6][10]$a$1455 [9] 1'1 $memory$flatten\lut.$auto$proc_rom.cc:150:do_switch$485$rdmux[0][6][10]$a$1455 [9] 1'1 $memory$flatten\lut.$auto$proc_rom.cc:150:do_switch$485$rdmux[0][6][10]$a$1455 [10] }, B={ 2'01 $memory$flatten\lut.$auto$proc_rom.cc:150:do_switch$485$rdmux[0][6][10]$a$1455 [10:9] 1'0 $memory$flatten\lut.$auto$proc_rom.cc:150:do_switch$485$rdmux[0][6][10]$a$1455 [10] $memory$flatten\lut.$auto$proc_rom.cc:150:do_switch$485$rdmux[0][6][10]$a$1455 [10] }, Y={ $memory$flatten\lut.$auto$proc_rom.cc:150:do_switch$485$rdmux[0][5][6]$a$1347 [10:5] $memory$flatten\lut.$auto$proc_rom.cc:150:do_switch$485$rdmux[0][5][6]$a$1347 [2] }
      New ports: A={ $memory$flatten\lut.$auto$proc_rom.cc:150:do_switch$485$rdmux[0][6][10]$a$1455 [10:9] $memory$flatten\lut.$auto$proc_rom.cc:150:do_switch$485$rdmux[0][6][10]$a$1455 [9] 1'1 $memory$flatten\lut.$auto$proc_rom.cc:150:do_switch$485$rdmux[0][6][10]$a$1455 [9] 1'1 }, B={ 2'01 $memory$flatten\lut.$auto$proc_rom.cc:150:do_switch$485$rdmux[0][6][10]$a$1455 [10:9] 1'0 $memory$flatten\lut.$auto$proc_rom.cc:150:do_switch$485$rdmux[0][6][10]$a$1455 [10] }, Y=$memory$flatten\lut.$auto$proc_rom.cc:150:do_switch$485$rdmux[0][5][6]$a$1347 [10:5]
      New connections: $memory$flatten\lut.$auto$proc_rom.cc:150:do_switch$485$rdmux[0][5][6]$a$1347 [2] = $memory$flatten\lut.$auto$proc_rom.cc:150:do_switch$485$rdmux[0][6][10]$a$1455 [10]
    Consolidated identical input bits for $mux cell $memory$flatten\lut.$auto$proc_rom.cc:150:do_switch$485$rdmux[0][6][13]$1463:
      Old ports: A={ 1'1 $memory$flatten\lut.$auto$proc_rom.cc:150:do_switch$485$rdmux[0][6][0]$b$1426 [13] 1'1 $memory$flatten\lut.$auto$proc_rom.cc:150:do_switch$485$rdmux[0][6][0]$b$1426 [12] $memory$flatten\lut.$auto$proc_rom.cc:150:do_switch$485$rdmux[0][6][0]$b$1426 [13] $memory$flatten\lut.$auto$proc_rom.cc:150:do_switch$485$rdmux[0][6][0]$b$1426 [13:12] 1'1 }, B={ 1'0 $memory$flatten\lut.$auto$proc_rom.cc:150:do_switch$485$rdmux[0][6][0]$b$1426 [13] $memory$flatten\lut.$auto$proc_rom.cc:150:do_switch$485$rdmux[0][6][0]$b$1426 [13:12] $memory$flatten\lut.$auto$proc_rom.cc:150:do_switch$485$rdmux[0][6][0]$b$1426 [12] 2'01 $memory$flatten\lut.$auto$proc_rom.cc:150:do_switch$485$rdmux[0][6][0]$b$1426 [12] }, Y={ $memory$flatten\lut.$auto$proc_rom.cc:150:do_switch$485$rdmux[0][5][6]$b$1348 [8:6] $memory$flatten\lut.$auto$proc_rom.cc:150:do_switch$485$rdmux[0][5][6]$b$1348 [4] $memory$flatten\lut.$auto$proc_rom.cc:150:do_switch$485$rdmux[0][5][6]$b$1348 [5] $memory$flatten\lut.$auto$proc_rom.cc:150:do_switch$485$rdmux[0][5][6]$b$1348 [2:0] }
      New ports: A={ 2'11 $memory$flatten\lut.$auto$proc_rom.cc:150:do_switch$485$rdmux[0][6][0]$b$1426 [13] $memory$flatten\lut.$auto$proc_rom.cc:150:do_switch$485$rdmux[0][6][0]$b$1426 [13:12] 1'1 }, B={ 1'0 $memory$flatten\lut.$auto$proc_rom.cc:150:do_switch$485$rdmux[0][6][0]$b$1426 [13:12] 2'01 $memory$flatten\lut.$auto$proc_rom.cc:150:do_switch$485$rdmux[0][6][0]$b$1426 [12] }, Y={ $memory$flatten\lut.$auto$proc_rom.cc:150:do_switch$485$rdmux[0][5][6]$b$1348 [8] $memory$flatten\lut.$auto$proc_rom.cc:150:do_switch$485$rdmux[0][5][6]$b$1348 [6:5] $memory$flatten\lut.$auto$proc_rom.cc:150:do_switch$485$rdmux[0][5][6]$b$1348 [2:0] }
      New connections: { $memory$flatten\lut.$auto$proc_rom.cc:150:do_switch$485$rdmux[0][5][6]$b$1348 [7] $memory$flatten\lut.$auto$proc_rom.cc:150:do_switch$485$rdmux[0][5][6]$b$1348 [4] } = $memory$flatten\lut.$auto$proc_rom.cc:150:do_switch$485$rdmux[0][6][0]$b$1426 [13:12]
    Consolidated identical input bits for $mux cell $memory$flatten\lut.$auto$proc_rom.cc:150:do_switch$485$rdmux[0][6][16]$1472:
      Old ports: A={ 2'10 $memory$flatten\lut.$auto$proc_rom.cc:150:do_switch$485$rdmux[0][6][0]$b$1426 [13:12] $memory$flatten\lut.$auto$proc_rom.cc:150:do_switch$485$rdmux[0][6][0]$b$1426 [13:12] 1'0 }, B={ $memory$flatten\lut.$auto$proc_rom.cc:150:do_switch$485$rdmux[0][6][0]$b$1426 [13:12] $memory$flatten\lut.$auto$proc_rom.cc:150:do_switch$485$rdmux[0][6][0]$b$1426 [12] $memory$flatten\lut.$auto$proc_rom.cc:150:do_switch$485$rdmux[0][6][0]$b$1426 [12] 3'001 }, Y={ $memory$flatten\lut.$auto$proc_rom.cc:150:do_switch$485$rdmux[0][5][8]$a$1353 [10:9] $memory$flatten\lut.$auto$proc_rom.cc:150:do_switch$485$rdmux[0][5][8]$a$1353 [7:6] $memory$flatten\lut.$auto$proc_rom.cc:150:do_switch$485$rdmux[0][5][8]$a$1353 [4:3] $memory$flatten\lut.$auto$proc_rom.cc:150:do_switch$485$rdmux[0][5][8]$a$1353 [1] }
      New ports: A={ 2'10 $memory$flatten\lut.$auto$proc_rom.cc:150:do_switch$485$rdmux[0][6][0]$b$1426 [13] $memory$flatten\lut.$auto$proc_rom.cc:150:do_switch$485$rdmux[0][6][0]$b$1426 [13:12] 1'0 }, B={ $memory$flatten\lut.$auto$proc_rom.cc:150:do_switch$485$rdmux[0][6][0]$b$1426 [13:12] $memory$flatten\lut.$auto$proc_rom.cc:150:do_switch$485$rdmux[0][6][0]$b$1426 [12] 3'001 }, Y={ $memory$flatten\lut.$auto$proc_rom.cc:150:do_switch$485$rdmux[0][5][8]$a$1353 [10:9] $memory$flatten\lut.$auto$proc_rom.cc:150:do_switch$485$rdmux[0][5][8]$a$1353 [7] $memory$flatten\lut.$auto$proc_rom.cc:150:do_switch$485$rdmux[0][5][8]$a$1353 [4:3] $memory$flatten\lut.$auto$proc_rom.cc:150:do_switch$485$rdmux[0][5][8]$a$1353 [1] }
      New connections: $memory$flatten\lut.$auto$proc_rom.cc:150:do_switch$485$rdmux[0][5][8]$a$1353 [6] = $memory$flatten\lut.$auto$proc_rom.cc:150:do_switch$485$rdmux[0][6][0]$b$1426 [12]
    Consolidated identical input bits for $mux cell $memory$flatten\lut.$auto$proc_rom.cc:150:do_switch$485$rdmux[0][6][22]$1490:
      Old ports: A={ $memory$flatten\lut.$auto$proc_rom.cc:150:do_switch$485$rdmux[0][6][0]$b$1426 [13:12] $memory$flatten\lut.$auto$proc_rom.cc:150:do_switch$485$rdmux[0][6][0]$b$1426 [12] $memory$flatten\lut.$auto$proc_rom.cc:150:do_switch$485$rdmux[0][6][0]$b$1426 [12] 1'0 }, B={ 2'01 $memory$flatten\lut.$auto$proc_rom.cc:150:do_switch$485$rdmux[0][6][0]$b$1426 [13:12] $memory$flatten\lut.$auto$proc_rom.cc:150:do_switch$485$rdmux[0][6][0]$b$1426 [12] }, Y={ $memory$flatten\lut.$auto$proc_rom.cc:150:do_switch$485$rdmux[0][5][11]$a$1362 [8:7] $memory$flatten\lut.$auto$proc_rom.cc:150:do_switch$485$rdmux[0][5][11]$a$1362 [5:4] $memory$flatten\lut.$auto$proc_rom.cc:150:do_switch$485$rdmux[0][5][11]$a$1362 [1] }
      New ports: A={ $memory$flatten\lut.$auto$proc_rom.cc:150:do_switch$485$rdmux[0][6][0]$b$1426 [13:12] $memory$flatten\lut.$auto$proc_rom.cc:150:do_switch$485$rdmux[0][6][0]$b$1426 [12] 1'0 }, B={ 2'01 $memory$flatten\lut.$auto$proc_rom.cc:150:do_switch$485$rdmux[0][6][0]$b$1426 [13:12] }, Y={ $memory$flatten\lut.$auto$proc_rom.cc:150:do_switch$485$rdmux[0][5][11]$a$1362 [8:7] $memory$flatten\lut.$auto$proc_rom.cc:150:do_switch$485$rdmux[0][5][11]$a$1362 [5] $memory$flatten\lut.$auto$proc_rom.cc:150:do_switch$485$rdmux[0][5][11]$a$1362 [1] }
      New connections: $memory$flatten\lut.$auto$proc_rom.cc:150:do_switch$485$rdmux[0][5][11]$a$1362 [4] = $memory$flatten\lut.$auto$proc_rom.cc:150:do_switch$485$rdmux[0][6][0]$b$1426 [12]
    Consolidated identical input bits for $mux cell $memory$flatten\lut.$auto$proc_rom.cc:150:do_switch$485$rdmux[0][6][27]$1505:
      Old ports: A={ 1'1 $memory$flatten\lut.$auto$proc_rom.cc:150:do_switch$485$rdmux[0][6][0]$a$1425 [11] $memory$flatten\lut.$auto$proc_rom.cc:150:do_switch$485$rdmux[0][6][0]$a$1425 [11] }, B={ 1'0 $memory$flatten\lut.$auto$proc_rom.cc:150:do_switch$485$rdmux[0][6][0]$a$1425 [11] 1'0 }, Y={ $memory$flatten\lut.$auto$proc_rom.cc:150:do_switch$485$rdmux[0][5][13]$b$1369 [3:2] $memory$flatten\lut.$auto$proc_rom.cc:150:do_switch$485$rdmux[0][5][13]$b$1369 [0] }
      New ports: A={ 1'1 $memory$flatten\lut.$auto$proc_rom.cc:150:do_switch$485$rdmux[0][6][0]$a$1425 [11] }, B=2'00, Y={ $memory$flatten\lut.$auto$proc_rom.cc:150:do_switch$485$rdmux[0][5][13]$b$1369 [3] $memory$flatten\lut.$auto$proc_rom.cc:150:do_switch$485$rdmux[0][5][13]$b$1369 [0] }
      New connections: $memory$flatten\lut.$auto$proc_rom.cc:150:do_switch$485$rdmux[0][5][13]$b$1369 [2] = $memory$flatten\lut.$auto$proc_rom.cc:150:do_switch$485$rdmux[0][6][0]$a$1425 [11]
    Consolidated identical input bits for $mux cell $memory$flatten\lut.$auto$proc_rom.cc:150:do_switch$485$rdmux[0][6][2]$1430:
      Old ports: A={ $memory$flatten\lut.$auto$proc_rom.cc:150:do_switch$485$rdmux[0][6][0]$b$1426 [13] $memory$flatten\lut.$auto$proc_rom.cc:150:do_switch$485$rdmux[0][6][0]$b$1426 [13] 2'10 $memory$flatten\lut.$auto$proc_rom.cc:150:do_switch$485$rdmux[0][6][0]$b$1426 [12] 3'101 }, B={ $memory$flatten\lut.$auto$proc_rom.cc:150:do_switch$485$rdmux[0][6][0]$b$1426 [13] 2'00 $memory$flatten\lut.$auto$proc_rom.cc:150:do_switch$485$rdmux[0][6][0]$b$1426 [12] $memory$flatten\lut.$auto$proc_rom.cc:150:do_switch$485$rdmux[0][6][0]$b$1426 [12] $memory$flatten\lut.$auto$proc_rom.cc:150:do_switch$485$rdmux[0][6][0]$b$1426 [13] $memory$flatten\lut.$auto$proc_rom.cc:150:do_switch$485$rdmux[0][6][0]$b$1426 [13:12] }, Y={ $memory$flatten\lut.$auto$proc_rom.cc:150:do_switch$485$rdmux[0][5][1]$a$1332 [11] $memory$flatten\lut.$auto$proc_rom.cc:150:do_switch$485$rdmux[0][5][1]$a$1332 [9] $memory$flatten\lut.$auto$proc_rom.cc:150:do_switch$485$rdmux[0][5][1]$a$1332 [12] $memory$flatten\lut.$auto$proc_rom.cc:150:do_switch$485$rdmux[0][5][1]$a$1332 [5] $memory$flatten\lut.$auto$proc_rom.cc:150:do_switch$485$rdmux[0][5][1]$a$1332 [7] $memory$flatten\lut.$auto$proc_rom.cc:150:do_switch$485$rdmux[0][5][1]$a$1332 [8] $memory$flatten\lut.$auto$proc_rom.cc:150:do_switch$485$rdmux[0][5][1]$a$1332 [1:0] }
      New ports: A={ $memory$flatten\lut.$auto$proc_rom.cc:150:do_switch$485$rdmux[0][6][0]$b$1426 [13] 5'10101 }, B={ 2'00 $memory$flatten\lut.$auto$proc_rom.cc:150:do_switch$485$rdmux[0][6][0]$b$1426 [12] $memory$flatten\lut.$auto$proc_rom.cc:150:do_switch$485$rdmux[0][6][0]$b$1426 [13] $memory$flatten\lut.$auto$proc_rom.cc:150:do_switch$485$rdmux[0][6][0]$b$1426 [13:12] }, Y={ $memory$flatten\lut.$auto$proc_rom.cc:150:do_switch$485$rdmux[0][5][1]$a$1332 [9] $memory$flatten\lut.$auto$proc_rom.cc:150:do_switch$485$rdmux[0][5][1]$a$1332 [12] $memory$flatten\lut.$auto$proc_rom.cc:150:do_switch$485$rdmux[0][5][1]$a$1332 [5] $memory$flatten\lut.$auto$proc_rom.cc:150:do_switch$485$rdmux[0][5][1]$a$1332 [8] $memory$flatten\lut.$auto$proc_rom.cc:150:do_switch$485$rdmux[0][5][1]$a$1332 [1:0] }
      New connections: { $memory$flatten\lut.$auto$proc_rom.cc:150:do_switch$485$rdmux[0][5][1]$a$1332 [11] $memory$flatten\lut.$auto$proc_rom.cc:150:do_switch$485$rdmux[0][5][1]$a$1332 [7] } = $memory$flatten\lut.$auto$proc_rom.cc:150:do_switch$485$rdmux[0][6][0]$b$1426 [13:12]
    Consolidated identical input bits for $mux cell $memory$flatten\lut.$auto$proc_rom.cc:150:do_switch$485$rdmux[0][6][30]$1514:
      Old ports: A={ 2'10 $memory$flatten\lut.$auto$proc_rom.cc:150:do_switch$485$rdmux[0][6][0]$b$1426 [13:12] }, B={ $memory$flatten\lut.$auto$proc_rom.cc:150:do_switch$485$rdmux[0][6][0]$b$1426 [13:12] $memory$flatten\lut.$auto$proc_rom.cc:150:do_switch$485$rdmux[0][6][0]$b$1426 [12] $memory$flatten\lut.$auto$proc_rom.cc:150:do_switch$485$rdmux[0][6][0]$b$1426 [12] }, Y={ $memory$flatten\lut.$auto$proc_rom.cc:150:do_switch$485$rdmux[0][5][15]$a$1374 [5:4] $memory$flatten\lut.$auto$proc_rom.cc:150:do_switch$485$rdmux[0][5][15]$a$1374 [2:1] }
      New ports: A={ 2'10 $memory$flatten\lut.$auto$proc_rom.cc:150:do_switch$485$rdmux[0][6][0]$b$1426 [13] }, B={ $memory$flatten\lut.$auto$proc_rom.cc:150:do_switch$485$rdmux[0][6][0]$b$1426 [13:12] $memory$flatten\lut.$auto$proc_rom.cc:150:do_switch$485$rdmux[0][6][0]$b$1426 [12] }, Y={ $memory$flatten\lut.$auto$proc_rom.cc:150:do_switch$485$rdmux[0][5][15]$a$1374 [5:4] $memory$flatten\lut.$auto$proc_rom.cc:150:do_switch$485$rdmux[0][5][15]$a$1374 [2] }
      New connections: $memory$flatten\lut.$auto$proc_rom.cc:150:do_switch$485$rdmux[0][5][15]$a$1374 [1] = $memory$flatten\lut.$auto$proc_rom.cc:150:do_switch$485$rdmux[0][6][0]$b$1426 [12]
    Consolidated identical input bits for $mux cell $memory$flatten\lut.$auto$proc_rom.cc:150:do_switch$485$rdmux[0][6][31]$1517:
      Old ports: A={ 1'1 $memory$flatten\lut.$auto$proc_rom.cc:150:do_switch$485$rdmux[0][6][0]$b$1426 [13:12] $memory$flatten\lut.$auto$proc_rom.cc:150:do_switch$485$rdmux[0][6][0]$b$1426 [12] }, B={ $memory$flatten\lut.$auto$proc_rom.cc:150:do_switch$485$rdmux[0][6][0]$b$1426 [13:12] $memory$flatten\lut.$auto$proc_rom.cc:150:do_switch$485$rdmux[0][6][0]$b$1426 [12] 1'1 }, Y=$memory$flatten\lut.$auto$proc_rom.cc:150:do_switch$485$rdmux[0][5][15]$b$1375 [3:0]
      New ports: A={ 1'1 $memory$flatten\lut.$auto$proc_rom.cc:150:do_switch$485$rdmux[0][6][0]$b$1426 [13:12] }, B={ $memory$flatten\lut.$auto$proc_rom.cc:150:do_switch$485$rdmux[0][6][0]$b$1426 [13:12] 1'1 }, Y={ $memory$flatten\lut.$auto$proc_rom.cc:150:do_switch$485$rdmux[0][5][15]$b$1375 [3:2] $memory$flatten\lut.$auto$proc_rom.cc:150:do_switch$485$rdmux[0][5][15]$b$1375 [0] }
      New connections: $memory$flatten\lut.$auto$proc_rom.cc:150:do_switch$485$rdmux[0][5][15]$b$1375 [1] = $memory$flatten\lut.$auto$proc_rom.cc:150:do_switch$485$rdmux[0][6][0]$b$1426 [12]
    Consolidated identical input bits for $mux cell $memory$flatten\lut.$auto$proc_rom.cc:150:do_switch$485$rdmux[0][6][33]$1523:
      Old ports: A={ 2'10 $memory$flatten\lut.$auto$proc_rom.cc:150:do_switch$485$rdmux[0][6][0]$a$1425 [11] }, B={ 2'01 $memory$flatten\lut.$auto$proc_rom.cc:150:do_switch$485$rdmux[0][6][0]$a$1425 [11] }, Y={ $memory$flatten\lut.$auto$proc_rom.cc:150:do_switch$485$rdmux[0][5][16]$b$1378 [4:3] $memory$flatten\lut.$auto$proc_rom.cc:150:do_switch$485$rdmux[0][5][16]$b$1378 [0] }
      New ports: A=2'10, B=2'01, Y=$memory$flatten\lut.$auto$proc_rom.cc:150:do_switch$485$rdmux[0][5][16]$b$1378 [4:3]
      New connections: $memory$flatten\lut.$auto$proc_rom.cc:150:do_switch$485$rdmux[0][5][16]$b$1378 [0] = $memory$flatten\lut.$auto$proc_rom.cc:150:do_switch$485$rdmux[0][6][0]$a$1425 [11]
    Consolidated identical input bits for $mux cell $memory$flatten\lut.$auto$proc_rom.cc:150:do_switch$485$rdmux[0][6][3]$1433:
      Old ports: A={ 1'0 $memory$flatten\lut.$auto$proc_rom.cc:150:do_switch$485$rdmux[0][6][10]$a$1455 [9] $memory$flatten\lut.$auto$proc_rom.cc:150:do_switch$485$rdmux[0][6][10]$a$1455 [10:9] 1'1 $memory$flatten\lut.$auto$proc_rom.cc:150:do_switch$485$rdmux[0][6][10]$a$1455 [10] 2'01 }, B={ $memory$flatten\lut.$auto$proc_rom.cc:150:do_switch$485$rdmux[0][6][10]$a$1455 [9] 1'0 $memory$flatten\lut.$auto$proc_rom.cc:150:do_switch$485$rdmux[0][6][10]$a$1455 [9] $memory$flatten\lut.$auto$proc_rom.cc:150:do_switch$485$rdmux[0][6][10]$a$1455 [10] 1'0 $memory$flatten\lut.$auto$proc_rom.cc:150:do_switch$485$rdmux[0][6][10]$a$1455 [10] $memory$flatten\lut.$auto$proc_rom.cc:150:do_switch$485$rdmux[0][6][10]$a$1455 [10] $memory$flatten\lut.$auto$proc_rom.cc:150:do_switch$485$rdmux[0][6][10]$a$1455 [10] }, Y={ $memory$flatten\lut.$auto$proc_rom.cc:150:do_switch$485$rdmux[0][5][1]$b$1333 [10] $memory$flatten\lut.$auto$proc_rom.cc:150:do_switch$485$rdmux[0][5][1]$b$1333 [8] $memory$flatten\lut.$auto$proc_rom.cc:150:do_switch$485$rdmux[0][5][1]$b$1333 [6] $memory$flatten\lut.$auto$proc_rom.cc:150:do_switch$485$rdmux[0][5][1]$b$1333 [4] $memory$flatten\lut.$auto$proc_rom.cc:150:do_switch$485$rdmux[0][5][1]$b$1333 [12:11] $memory$flatten\lut.$auto$proc_rom.cc:150:do_switch$485$rdmux[0][5][1]$b$1333 [9] $memory$flatten\lut.$auto$proc_rom.cc:150:do_switch$485$rdmux[0][5][1]$b$1333 [7] }
      New ports: A={ 1'0 $memory$flatten\lut.$auto$proc_rom.cc:150:do_switch$485$rdmux[0][6][10]$a$1455 [9] $memory$flatten\lut.$auto$proc_rom.cc:150:do_switch$485$rdmux[0][6][10]$a$1455 [10:9] 3'101 }, B={ $memory$flatten\lut.$auto$proc_rom.cc:150:do_switch$485$rdmux[0][6][10]$a$1455 [9] 1'0 $memory$flatten\lut.$auto$proc_rom.cc:150:do_switch$485$rdmux[0][6][10]$a$1455 [9] $memory$flatten\lut.$auto$proc_rom.cc:150:do_switch$485$rdmux[0][6][10]$a$1455 [10] 1'0 $memory$flatten\lut.$auto$proc_rom.cc:150:do_switch$485$rdmux[0][6][10]$a$1455 [10] $memory$flatten\lut.$auto$proc_rom.cc:150:do_switch$485$rdmux[0][6][10]$a$1455 [10] }, Y={ $memory$flatten\lut.$auto$proc_rom.cc:150:do_switch$485$rdmux[0][5][1]$b$1333 [10] $memory$flatten\lut.$auto$proc_rom.cc:150:do_switch$485$rdmux[0][5][1]$b$1333 [8] $memory$flatten\lut.$auto$proc_rom.cc:150:do_switch$485$rdmux[0][5][1]$b$1333 [6] $memory$flatten\lut.$auto$proc_rom.cc:150:do_switch$485$rdmux[0][5][1]$b$1333 [4] $memory$flatten\lut.$auto$proc_rom.cc:150:do_switch$485$rdmux[0][5][1]$b$1333 [12] $memory$flatten\lut.$auto$proc_rom.cc:150:do_switch$485$rdmux[0][5][1]$b$1333 [9] $memory$flatten\lut.$auto$proc_rom.cc:150:do_switch$485$rdmux[0][5][1]$b$1333 [7] }
      New connections: $memory$flatten\lut.$auto$proc_rom.cc:150:do_switch$485$rdmux[0][5][1]$b$1333 [11] = $memory$flatten\lut.$auto$proc_rom.cc:150:do_switch$485$rdmux[0][6][10]$a$1455 [10]
    Consolidated identical input bits for $mux cell $memory$flatten\lut.$auto$proc_rom.cc:150:do_switch$485$rdmux[0][6][5]$1439:
      Old ports: A={ 2'10 $memory$flatten\lut.$auto$proc_rom.cc:150:do_switch$485$rdmux[0][6][0]$b$1426 [13] $memory$flatten\lut.$auto$proc_rom.cc:150:do_switch$485$rdmux[0][6][0]$b$1426 [13] 1'1 $memory$flatten\lut.$auto$proc_rom.cc:150:do_switch$485$rdmux[0][6][0]$b$1426 [12] $memory$flatten\lut.$auto$proc_rom.cc:150:do_switch$485$rdmux[0][6][0]$b$1426 [13] $memory$flatten\lut.$auto$proc_rom.cc:150:do_switch$485$rdmux[0][6][0]$b$1426 [13:12] $memory$flatten\lut.$auto$proc_rom.cc:150:do_switch$485$rdmux[0][6][0]$b$1426 [12] $memory$flatten\lut.$auto$proc_rom.cc:150:do_switch$485$rdmux[0][6][0]$b$1426 [12] }, B={ $memory$flatten\lut.$auto$proc_rom.cc:150:do_switch$485$rdmux[0][6][0]$b$1426 [13:12] $memory$flatten\lut.$auto$proc_rom.cc:150:do_switch$485$rdmux[0][6][0]$b$1426 [12] 1'0 $memory$flatten\lut.$auto$proc_rom.cc:150:do_switch$485$rdmux[0][6][0]$b$1426 [12] $memory$flatten\lut.$auto$proc_rom.cc:150:do_switch$485$rdmux[0][6][0]$b$1426 [13] $memory$flatten\lut.$auto$proc_rom.cc:150:do_switch$485$rdmux[0][6][0]$b$1426 [13] 1'1 $memory$flatten\lut.$auto$proc_rom.cc:150:do_switch$485$rdmux[0][6][0]$b$1426 [12] 2'10 }, Y={ $memory$flatten\lut.$auto$proc_rom.cc:150:do_switch$485$rdmux[0][5][2]$b$1336 [14:13] $memory$flatten\lut.$auto$proc_rom.cc:150:do_switch$485$rdmux[0][5][2]$b$1336 [11] $memory$flatten\lut.$auto$proc_rom.cc:150:do_switch$485$rdmux[0][5][2]$b$1336 [8] $memory$flatten\lut.$auto$proc_rom.cc:150:do_switch$485$rdmux[0][5][2]$b$1336 [6:3] $memory$flatten\lut.$auto$proc_rom.cc:150:do_switch$485$rdmux[0][5][2]$b$1336 [10] $memory$flatten\lut.$auto$proc_rom.cc:150:do_switch$485$rdmux[0][5][2]$b$1336 [7] $memory$flatten\lut.$auto$proc_rom.cc:150:do_switch$485$rdmux[0][5][2]$b$1336 [0] }
      New ports: A={ 2'10 $memory$flatten\lut.$auto$proc_rom.cc:150:do_switch$485$rdmux[0][6][0]$b$1426 [13] $memory$flatten\lut.$auto$proc_rom.cc:150:do_switch$485$rdmux[0][6][0]$b$1426 [13] 1'1 $memory$flatten\lut.$auto$proc_rom.cc:150:do_switch$485$rdmux[0][6][0]$b$1426 [12] $memory$flatten\lut.$auto$proc_rom.cc:150:do_switch$485$rdmux[0][6][0]$b$1426 [13:12] $memory$flatten\lut.$auto$proc_rom.cc:150:do_switch$485$rdmux[0][6][0]$b$1426 [12] }, B={ $memory$flatten\lut.$auto$proc_rom.cc:150:do_switch$485$rdmux[0][6][0]$b$1426 [13:12] $memory$flatten\lut.$auto$proc_rom.cc:150:do_switch$485$rdmux[0][6][0]$b$1426 [12] 1'0 $memory$flatten\lut.$auto$proc_rom.cc:150:do_switch$485$rdmux[0][6][0]$b$1426 [12] $memory$flatten\lut.$auto$proc_rom.cc:150:do_switch$485$rdmux[0][6][0]$b$1426 [13] 3'110 }, Y={ $memory$flatten\lut.$auto$proc_rom.cc:150:do_switch$485$rdmux[0][5][2]$b$1336 [14:13] $memory$flatten\lut.$auto$proc_rom.cc:150:do_switch$485$rdmux[0][5][2]$b$1336 [11] $memory$flatten\lut.$auto$proc_rom.cc:150:do_switch$485$rdmux[0][5][2]$b$1336 [8] $memory$flatten\lut.$auto$proc_rom.cc:150:do_switch$485$rdmux[0][5][2]$b$1336 [6:5] $memory$flatten\lut.$auto$proc_rom.cc:150:do_switch$485$rdmux[0][5][2]$b$1336 [3] $memory$flatten\lut.$auto$proc_rom.cc:150:do_switch$485$rdmux[0][5][2]$b$1336 [7] $memory$flatten\lut.$auto$proc_rom.cc:150:do_switch$485$rdmux[0][5][2]$b$1336 [0] }
      New connections: { $memory$flatten\lut.$auto$proc_rom.cc:150:do_switch$485$rdmux[0][5][2]$b$1336 [4] $memory$flatten\lut.$auto$proc_rom.cc:150:do_switch$485$rdmux[0][5][2]$b$1336 [10] } = $memory$flatten\lut.$auto$proc_rom.cc:150:do_switch$485$rdmux[0][6][0]$b$1426 [13:12]
    Consolidated identical input bits for $mux cell $memory$flatten\lut.$auto$proc_rom.cc:150:do_switch$485$rdmux[0][6][7]$1445:
      Old ports: A={ $memory$flatten\lut.$auto$proc_rom.cc:150:do_switch$485$rdmux[0][6][0]$b$1426 [13] 1'0 $memory$flatten\lut.$auto$proc_rom.cc:150:do_switch$485$rdmux[0][6][0]$b$1426 [12] $memory$flatten\lut.$auto$proc_rom.cc:150:do_switch$485$rdmux[0][6][0]$b$1426 [13] 1'1 $memory$flatten\lut.$auto$proc_rom.cc:150:do_switch$485$rdmux[0][6][0]$b$1426 [13:12] 1'0 }, B={ 1'1 $memory$flatten\lut.$auto$proc_rom.cc:150:do_switch$485$rdmux[0][6][0]$b$1426 [13:12] $memory$flatten\lut.$auto$proc_rom.cc:150:do_switch$485$rdmux[0][6][0]$b$1426 [12] 2'00 $memory$flatten\lut.$auto$proc_rom.cc:150:do_switch$485$rdmux[0][6][0]$b$1426 [13:12] }, Y={ $memory$flatten\lut.$auto$proc_rom.cc:150:do_switch$485$rdmux[0][5][3]$b$1339 [10:9] $memory$flatten\lut.$auto$proc_rom.cc:150:do_switch$485$rdmux[0][5][3]$b$1339 [7] $memory$flatten\lut.$auto$proc_rom.cc:150:do_switch$485$rdmux[0][5][3]$b$1339 [5] $memory$flatten\lut.$auto$proc_rom.cc:150:do_switch$485$rdmux[0][5][3]$b$1339 [11] $memory$flatten\lut.$auto$proc_rom.cc:150:do_switch$485$rdmux[0][5][3]$b$1339 [4] $memory$flatten\lut.$auto$proc_rom.cc:150:do_switch$485$rdmux[0][5][3]$b$1339 [8] $memory$flatten\lut.$auto$proc_rom.cc:150:do_switch$485$rdmux[0][5][3]$b$1339 [0] }
      New ports: A={ $memory$flatten\lut.$auto$proc_rom.cc:150:do_switch$485$rdmux[0][6][0]$b$1426 [13] 1'0 $memory$flatten\lut.$auto$proc_rom.cc:150:do_switch$485$rdmux[0][6][0]$b$1426 [13] 1'1 $memory$flatten\lut.$auto$proc_rom.cc:150:do_switch$485$rdmux[0][6][0]$b$1426 [13:12] 1'0 }, B={ 1'1 $memory$flatten\lut.$auto$proc_rom.cc:150:do_switch$485$rdmux[0][6][0]$b$1426 [13:12] 2'00 $memory$flatten\lut.$auto$proc_rom.cc:150:do_switch$485$rdmux[0][6][0]$b$1426 [13:12] }, Y={ $memory$flatten\lut.$auto$proc_rom.cc:150:do_switch$485$rdmux[0][5][3]$b$1339 [10:9] $memory$flatten\lut.$auto$proc_rom.cc:150:do_switch$485$rdmux[0][5][3]$b$1339 [5] $memory$flatten\lut.$auto$proc_rom.cc:150:do_switch$485$rdmux[0][5][3]$b$1339 [11] $memory$flatten\lut.$auto$proc_rom.cc:150:do_switch$485$rdmux[0][5][3]$b$1339 [4] $memory$flatten\lut.$auto$proc_rom.cc:150:do_switch$485$rdmux[0][5][3]$b$1339 [8] $memory$flatten\lut.$auto$proc_rom.cc:150:do_switch$485$rdmux[0][5][3]$b$1339 [0] }
      New connections: $memory$flatten\lut.$auto$proc_rom.cc:150:do_switch$485$rdmux[0][5][3]$b$1339 [7] = $memory$flatten\lut.$auto$proc_rom.cc:150:do_switch$485$rdmux[0][6][0]$b$1426 [12]
    Consolidated identical input bits for $mux cell $memory$flatten\lut.$auto$proc_rom.cc:150:do_switch$485$rdmux[0][6][8]$1448:
      Old ports: A={ $memory$flatten\lut.$auto$proc_rom.cc:150:do_switch$485$rdmux[0][6][10]$a$1455 [10] $memory$flatten\lut.$auto$proc_rom.cc:150:do_switch$485$rdmux[0][6][10]$a$1455 [10] 1'0 $memory$flatten\lut.$auto$proc_rom.cc:150:do_switch$485$rdmux[0][6][10]$a$1455 [9] 2'10 $memory$flatten\lut.$auto$proc_rom.cc:150:do_switch$485$rdmux[0][6][10]$a$1455 [10] }, B={ $memory$flatten\lut.$auto$proc_rom.cc:150:do_switch$485$rdmux[0][6][10]$a$1455 [10:9] 1'1 $memory$flatten\lut.$auto$proc_rom.cc:150:do_switch$485$rdmux[0][6][10]$a$1455 [9] 1'0 $memory$flatten\lut.$auto$proc_rom.cc:150:do_switch$485$rdmux[0][6][10]$a$1455 [10] 1'1 }, Y={ $memory$flatten\lut.$auto$proc_rom.cc:150:do_switch$485$rdmux[0][5][4]$a$1341 [9] $memory$flatten\lut.$auto$proc_rom.cc:150:do_switch$485$rdmux[0][5][4]$a$1341 [5] $memory$flatten\lut.$auto$proc_rom.cc:150:do_switch$485$rdmux[0][5][4]$a$1341 [12] $memory$flatten\lut.$auto$proc_rom.cc:150:do_switch$485$rdmux[0][5][4]$a$1341 [3] $memory$flatten\lut.$auto$proc_rom.cc:150:do_switch$485$rdmux[0][5][4]$a$1341 [13] $memory$flatten\lut.$auto$proc_rom.cc:150:do_switch$485$rdmux[0][5][4]$a$1341 [1:0] }
      New ports: A={ $memory$flatten\lut.$auto$proc_rom.cc:150:do_switch$485$rdmux[0][6][10]$a$1455 [10] 3'010 $memory$flatten\lut.$auto$proc_rom.cc:150:do_switch$485$rdmux[0][6][10]$a$1455 [10] }, B={ $memory$flatten\lut.$auto$proc_rom.cc:150:do_switch$485$rdmux[0][6][10]$a$1455 [9] 2'10 $memory$flatten\lut.$auto$proc_rom.cc:150:do_switch$485$rdmux[0][6][10]$a$1455 [10] 1'1 }, Y={ $memory$flatten\lut.$auto$proc_rom.cc:150:do_switch$485$rdmux[0][5][4]$a$1341 [5] $memory$flatten\lut.$auto$proc_rom.cc:150:do_switch$485$rdmux[0][5][4]$a$1341 [12] $memory$flatten\lut.$auto$proc_rom.cc:150:do_switch$485$rdmux[0][5][4]$a$1341 [13] $memory$flatten\lut.$auto$proc_rom.cc:150:do_switch$485$rdmux[0][5][4]$a$1341 [1:0] }
      New connections: { $memory$flatten\lut.$auto$proc_rom.cc:150:do_switch$485$rdmux[0][5][4]$a$1341 [9] $memory$flatten\lut.$auto$proc_rom.cc:150:do_switch$485$rdmux[0][5][4]$a$1341 [3] } = $memory$flatten\lut.$auto$proc_rom.cc:150:do_switch$485$rdmux[0][6][10]$a$1455 [10:9]
  Optimizing cells in module \ga2_sm.
    Consolidated identical input bits for $mux cell $memory$flatten\lut.$auto$proc_rom.cc:150:do_switch$485$rdmux[0][5][15]$1373:
      Old ports: A={ $memory$flatten\lut.$auto$proc_rom.cc:150:do_switch$485$rdmux[0][5][15]$a$1374 [5:4] $memory$flatten\lut.$auto$proc_rom.cc:150:do_switch$485$rdmux[0][5][15]$a$1374 [4] $memory$flatten\lut.$auto$proc_rom.cc:150:do_switch$485$rdmux[0][5][15]$a$1374 [2:1] 1'0 }, B={ 2'01 $memory$flatten\lut.$auto$proc_rom.cc:150:do_switch$485$rdmux[0][5][15]$b$1375 [3:0] }, Y=$memory$flatten\lut.$auto$proc_rom.cc:150:do_switch$485$rdmux[0][4][7]$b$1303 [5:0]
      New ports: A={ $memory$flatten\lut.$auto$proc_rom.cc:150:do_switch$485$rdmux[0][5][15]$a$1374 [5:4] $memory$flatten\lut.$auto$proc_rom.cc:150:do_switch$485$rdmux[0][5][15]$a$1374 [4] $memory$flatten\lut.$auto$proc_rom.cc:150:do_switch$485$rdmux[0][5][15]$a$1374 [2] 1'0 }, B={ 2'01 $memory$flatten\lut.$auto$proc_rom.cc:150:do_switch$485$rdmux[0][5][15]$b$1375 [3:2] $memory$flatten\lut.$auto$proc_rom.cc:150:do_switch$485$rdmux[0][5][15]$b$1375 [0] }, Y={ $memory$flatten\lut.$auto$proc_rom.cc:150:do_switch$485$rdmux[0][4][7]$b$1303 [5:2] $memory$flatten\lut.$auto$proc_rom.cc:150:do_switch$485$rdmux[0][4][7]$b$1303 [0] }
      New connections: $memory$flatten\lut.$auto$proc_rom.cc:150:do_switch$485$rdmux[0][4][7]$b$1303 [1] = $memory$flatten\lut.$auto$proc_rom.cc:150:do_switch$485$rdmux[0][6][0]$b$1426 [12]
  Optimizing cells in module \ga2_sm.
Performed a total of 16 changes.

13.20.13. Executing OPT_MERGE pass (detect identical cells).
Finding identical cells in module `\ga2_sm'.
<suppressed ~3 debug messages>
Removed a total of 1 cells.

13.20.14. Executing OPT_SHARE pass.

13.20.15. Executing OPT_DFF pass (perform DFF optimizations).

13.20.16. Executing OPT_CLEAN pass (remove unused cells and wires).
Finding unused cells or wires in module \ga2_sm..
Removed 0 unused cells and 5 unused wires.
<suppressed ~1 debug messages>

13.20.17. Executing OPT_EXPR pass (perform const folding).
Optimizing module ga2_sm.

13.20.18. Rerunning OPT passes. (Maybe there is more to do..)

13.20.19. Executing OPT_MUXTREE pass (detect dead branches in mux trees).
Running muxtree optimizer on module \ga2_sm..
  Creating internal representation of mux trees.
  Evaluating internal representation of mux trees.
  Analyzing evaluation results.
Removed 0 multiplexer ports.
<suppressed ~12 debug messages>

13.20.20. Executing OPT_REDUCE pass (consolidate $*mux and $reduce_* inputs).
  Optimizing cells in module \ga2_sm.
Performed a total of 0 changes.

13.20.21. Executing OPT_MERGE pass (detect identical cells).
Finding identical cells in module `\ga2_sm'.
Removed a total of 0 cells.

13.20.22. Executing OPT_SHARE pass.

13.20.23. Executing OPT_DFF pass (perform DFF optimizations).

13.20.24. Executing OPT_CLEAN pass (remove unused cells and wires).
Finding unused cells or wires in module \ga2_sm..

13.20.25. Executing OPT_EXPR pass (perform const folding).
Optimizing module ga2_sm.

13.20.26. Finished OPT passes. (There is nothing left to do.)

13.21. Executing TECHMAP pass (map to technology primitives).

13.21.1. Executing Verilog-2005 frontend: /usr/bin/../share/yosys/techmap.v
Parsing Verilog input from `/usr/bin/../share/yosys/techmap.v' to AST representation.
Generating RTLIL representation for module `\_90_simplemap_bool_ops'.
Generating RTLIL representation for module `\_90_simplemap_reduce_ops'.
Generating RTLIL representation for module `\_90_simplemap_logic_ops'.
Generating RTLIL representation for module `\_90_simplemap_compare_ops'.
Generating RTLIL representation for module `\_90_simplemap_various'.
Generating RTLIL representation for module `\_90_simplemap_registers'.
Generating RTLIL representation for module `\_90_shift_ops_shr_shl_sshl_sshr'.
Generating RTLIL representation for module `\_90_shift_shiftx'.
Generating RTLIL representation for module `\_90_fa'.
Generating RTLIL representation for module `\_90_lcu'.
Generating RTLIL representation for module `\_90_alu'.
Generating RTLIL representation for module `\_90_macc'.
Generating RTLIL representation for module `\_90_alumacc'.
Generating RTLIL representation for module `\$__div_mod_u'.
Generating RTLIL representation for module `\$__div_mod_trunc'.
Generating RTLIL representation for module `\_90_div'.
Generating RTLIL representation for module `\_90_mod'.
Generating RTLIL representation for module `\$__div_mod_floor'.
Generating RTLIL representation for module `\_90_divfloor'.
Generating RTLIL representation for module `\_90_modfloor'.
Generating RTLIL representation for module `\_90_pow'.
Generating RTLIL representation for module `\_90_pmux'.
Generating RTLIL representation for module `\_90_demux'.
Generating RTLIL representation for module `\_90_lut'.
Successfully finished Verilog frontend.

13.21.2. Continuing TECHMAP pass.
Using extmapper simplemap for cells of type $mux.
Using extmapper simplemap for cells of type $not.
Using extmapper simplemap for cells of type $reduce_or.
Using extmapper simplemap for cells of type $and.
Using extmapper simplemap for cells of type $reduce_and.
Using extmapper simplemap for cells of type $reduce_bool.
Using extmapper simplemap for cells of type $logic_not.
Using extmapper simplemap for cells of type $eq.
Using extmapper simplemap for cells of type $xor.
Using extmapper simplemap for cells of type $sdffce.
Using extmapper simplemap for cells of type $or.
Using extmapper simplemap for cells of type $dffe.
Using extmapper simplemap for cells of type $sdffe.
Using extmapper simplemap for cells of type $sdff.
Using extmapper simplemap for cells of type $ne.
Using template $paramod$ee3d784672cdb1cb32d9a801a3af776716f16b74\_90_alu for cells of type $alu.
Using extmapper maccmap for cells of type $macc.
  add \r * \rd [15:0] (40x16 bits, unsigned)
  add 39'000000000000000001000000000000000000000 (39 bits, unsigned)
Using template $paramod$4723f36546de75c7b865d95396fc0936b66ab54e\_90_alu for cells of type $alu.
Using extmapper simplemap for cells of type $logic_or.
Using extmapper simplemap for cells of type $logic_and.
Using template $paramod$8f780356cb6cdb52f6a744190131b65634639c4e\_90_alu for cells of type $alu.
Using template $paramod$57bc309a5d8a948cec8981d26d896ee1cbf54d58\_90_alu for cells of type $alu.
Using template $paramod$2bd81f420048247ff6903399c560fe0f8bd48ccc\_90_alu for cells of type $alu.
Using template $paramod$a1bc51c02ce12ac21eb18988e83292af48ed7d72\_90_alu for cells of type $alu.
Using template $paramod$403a3c2fa431a154c52a6a5429d7a6260b5d144f\_90_alu for cells of type $alu.
Using extmapper simplemap for cells of type $dff.
Using template $paramod$08c2d337fba0d8fba53e35b89be96dd105931d9e\_90_alu for cells of type $alu.
Using template $paramod$d93b20aba29962655c9063cb2c355b406dbe0cef\_90_alu for cells of type $alu.
Using template $paramod\_90_lcu\WIDTH=32'00000000000000000000000000001100 for cells of type $lcu.
Using extmapper simplemap for cells of type $pos.
Using template $paramod\_90_fa\WIDTH=32'00000000000000000000000000100111 for cells of type $fa.
Using template $paramod$9c7d13c1edbd4d27a85edb6208279a64037aa7b0\_90_alu for cells of type $alu.
Using template $paramod\_90_lcu\WIDTH=32'00000000000000000000000000001101 for cells of type $lcu.
Using template $paramod\_90_lcu\WIDTH=32'00000000000000000000000000101001 for cells of type $lcu.
Using template $paramod\_90_lcu\WIDTH=32'00000000000000000000000000100000 for cells of type $lcu.
Using template $paramod\_90_lcu\WIDTH=32'00000000000000000000000000001000 for cells of type $lcu.
Using template $paramod\_90_lcu\WIDTH=32'00000000000000000000000000101000 for cells of type $lcu.
Using template $paramod\_90_lcu\WIDTH=32'00000000000000000000000000100111 for cells of type $lcu.
No more expansions possible.
<suppressed ~2650 debug messages>

13.22. Executing OPT pass (performing simple optimizations).

13.22.1. Executing OPT_EXPR pass (perform const folding).
Optimizing module ga2_sm.
<suppressed ~1596 debug messages>

13.22.2. Executing OPT_MERGE pass (detect identical cells).
Finding identical cells in module `\ga2_sm'.
<suppressed ~1158 debug messages>
Removed a total of 386 cells.

13.22.3. Executing OPT_DFF pass (perform DFF optimizations).

13.22.4. Executing OPT_CLEAN pass (remove unused cells and wires).
Finding unused cells or wires in module \ga2_sm..
Removed 378 unused cells and 916 unused wires.
<suppressed ~379 debug messages>

13.22.5. Finished fast OPT passes.

13.23. Executing ABC pass (technology mapping using ABC).

13.23.1. Extracting gate netlist of module `\ga2_sm' to `<abc-temp-dir>/input.blif'..
Extracted 4552 gates and 4802 wires to a netlist network with 248 inputs and 174 outputs.

13.23.1.1. Executing ABC.
Running ABC command: "<yosys-exe-dir>/yosys-abc" -s -f <abc-temp-dir>/abc.script 2>&1
ABC: ABC command line: "source <abc-temp-dir>/abc.script".
ABC: 
ABC: + read_blif <abc-temp-dir>/input.blif 
ABC: + read_library <abc-temp-dir>/stdcells.genlib 
ABC: Entered genlib library with 13 gates from file "<abc-temp-dir>/stdcells.genlib".
ABC: + strash 
ABC: + dretime 
ABC: + map 
ABC: + write_blif <abc-temp-dir>/output.blif 

13.23.1.2. Re-integrating ABC results.
ABC RESULTS:             ORNOT cells:      227
ABC RESULTS:               NOT cells:       81
ABC RESULTS:              XNOR cells:      349
ABC RESULTS:               AND cells:      560
ABC RESULTS:                OR cells:      347
ABC RESULTS:               MUX cells:      349
ABC RESULTS:              NAND cells:      185
ABC RESULTS:               NOR cells:      263
ABC RESULTS:            ANDNOT cells:     1207
ABC RESULTS:               XOR cells:      835
ABC RESULTS:        internal signals:     4380
ABC RESULTS:           input signals:      248
ABC RESULTS:          output signals:      174
Removing temp directory.

13.24. Executing OPT pass (performing simple optimizations).

13.24.1. Executing OPT_EXPR pass (perform const folding).
Optimizing module ga2_sm.
<suppressed ~29 debug messages>

13.24.2. Executing OPT_MERGE pass (detect identical cells).
Finding identical cells in module `\ga2_sm'.
<suppressed ~42 debug messages>
Removed a total of 14 cells.

13.24.3. Executing OPT_DFF pass (perform DFF optimizations).

13.24.4. Executing OPT_CLEAN pass (remove unused cells and wires).
Finding unused cells or wires in module \ga2_sm..
Removed 0 unused cells and 1196 unused wires.
<suppressed ~3 debug messages>

13.24.5. Finished fast OPT passes.

13.25. Executing HIERARCHY pass (managing design hierarchy).

13.25.1. Analyzing design hierarchy..
Top module:  \ga2_sm

13.25.2. Analyzing design hierarchy..
Top module:  \ga2_sm
Removed 0 unused modules.

13.26. Printing statistics.

=== ga2_sm ===

   Number of wires:               4307
   Number of wire bits:           5274
   Number of public wires:          48
   Number of public wire bits:     924
   Number of memories:               0
   Number of memory bits:            0
   Number of processes:              0
   Number of cells:               4698
     $_ANDNOT_                    1204
     $_AND_                        559
     $_DFFE_PP_                    146
     $_DFF_P_                        5
     $_MUX_                        349
     $_NAND_                       185
     $_NOR_                        258
     $_NOT_                         81
     $_ORNOT_                      226
     $_OR_                         343
     $_SDFFCE_PP0P_                148
     $_SDFFCE_PP1P_                  4
     $_SDFFE_PP0P_                   1
     $_SDFF_PP0_                     5
     $_XNOR_                       349
     $_XOR_                        835

13.27. Executing CHECK pass (checking for obvious problems).
Checking module ga2_sm...
Found and reported 0 problems.

14. Executing DFFLEGALIZE pass (convert FFs to types supported by the target).

15. Executing DFFLIBMAP pass (mapping DFF cells to sequential cells from liberty file).
  cell DFF (noninv, pins=3, area=5.00) is a direct match for cell type $_DFF_P_.
  final dff cell mappings:
    unmapped dff cell: $_DFF_N_
    \DFF _DFF_P_ (.CK( C), .D( D), .Q( Q));
    unmapped dff cell: $_DFF_NN0_
    unmapped dff cell: $_DFF_NN1_
    unmapped dff cell: $_DFF_NP0_
    unmapped dff cell: $_DFF_NP1_
    unmapped dff cell: $_DFF_PN0_
    unmapped dff cell: $_DFF_PN1_
    unmapped dff cell: $_DFF_PP0_
    unmapped dff cell: $_DFF_PP1_
    unmapped dff cell: $_DFFSR_NNN_
    unmapped dff cell: $_DFFSR_NNP_
    unmapped dff cell: $_DFFSR_NPN_
    unmapped dff cell: $_DFFSR_NPP_
    unmapped dff cell: $_DFFSR_PNN_
    unmapped dff cell: $_DFFSR_PNP_
    unmapped dff cell: $_DFFSR_PPN_
    unmapped dff cell: $_DFFSR_PPP_

15.1. Executing DFFLEGALIZE pass (convert FFs to types supported by the target).
Mapping DFF cells in module `\ga2_sm':
  mapped 309 $_DFF_P_ cells to \DFF cells.

16. Executing ABC pass (technology mapping using ABC).

16.1. Extracting gate netlist of module `\ga2_sm' to `<abc-temp-dir>/input.blif'..
Extracted 4846 gates and 5210 wires to a netlist network with 362 inputs and 351 outputs.

16.1.1. Executing ABC.
Running ABC command: "<yosys-exe-dir>/yosys-abc" -s -f <abc-temp-dir>/abc.script 2>&1
ABC: ABC command line: "source <abc-temp-dir>/abc.script".
ABC: 
ABC: + read_blif <abc-temp-dir>/input.blif 
ABC: + read_lib -w /home/user/unix_os_from_scratch/silicon_compiler_from_scratch/lib/toy.lib 
ABC: Parsing finished successfully.  Parsing time =     0.00 sec
ABC: Warning: Templates are not defined.
ABC: Scl_LibertyReadGenlib() skipped sequential cell "DFF".
ABC: Library "toy" from "/home/user/unix_os_from_scratch/silicon_compiler_from_scratch/lib/toy.lib" has 13 cells (1 skipped: 1 seq; 0 tri-state; 0 no func; 0 dont_use).  Time =     0.00 sec
ABC: Memory =    0.05 MB. Time =     0.00 sec
ABC: + strash 
ABC: + &get -n 
ABC: + &fraig -x 
ABC: + &put 
ABC: + scorr 
ABC: Warning: The network is combinational (run "fraig" or "fraig_sweep").
ABC: + dc2 
ABC: + dretime 
ABC: + strash 
ABC: + &get -n 
ABC: + &dch -f 
ABC: + &nf 
ABC: + &put 
ABC: + write_blif <abc-temp-dir>/output.blif 

16.1.2. Re-integrating ABC results.
ABC RESULTS:               INV cells:      292
ABC RESULTS:               OR2 cells:       91
ABC RESULTS:             OAI21 cells:      394
ABC RESULTS:              MUX2 cells:      211
ABC RESULTS:             AOI21 cells:      391
ABC RESULTS:             NAND3 cells:      110
ABC RESULTS:              NOR3 cells:      112
ABC RESULTS:              AND2 cells:      174
ABC RESULTS:             NAND2 cells:     1025
ABC RESULTS:             XNOR2 cells:      636
ABC RESULTS:              XOR2 cells:      452
ABC RESULTS:              NOR2 cells:      635
ABC RESULTS:        internal signals:     4497
ABC RESULTS:           input signals:      362
ABC RESULTS:          output signals:      351
Removing temp directory.

17. Executing OPT_CLEAN pass (remove unused cells and wires).
Finding unused cells or wires in module \ga2_sm..
Removed 0 unused cells and 5138 unused wires.
<suppressed ~19 debug messages>

18. Printing statistics.

=== ga2_sm ===

   Number of wires:               4511
   Number of wire bits:           5069
   Number of public wires:          30
   Number of public wire bits:     588
   Number of memories:               0
   Number of memory bits:            0
   Number of processes:              0
   Number of cells:               4832
     AND2                          174
     AOI21                         391
     DFF                           309
     INV                           292
     MUX2                          211
     NAND2                        1025
     NAND3                         110
     NOR2                          635
     NOR3                          112
     OAI21                         394
     OR2                            91
     XNOR2                         636
     XOR2                          452

   Chip area for module '\ga2_sm': 8064.670000

19. Executing Verilog backend.

19.1. Executing BMUXMAP pass.

19.2. Executing DEMUXMAP pass.
Dumping module `\ga2_sm'.

20. Executing JSON backend.

Warnings: 2 unique messages, 2 total
End of script. Logfile hash: b74589c8df, CPU: user 2.67s system 0.05s, MEM: 44.96 MB peak
Yosys 0.33 (git sha1 2584903a060)
Time spent: 30% 2x abc (1 sec), 18% 69x opt_expr (0 sec), ...
