
 /----------------------------------------------------------------------------\
 |                                                                            |
 |  yosys -- Yosys Open SYnthesis Suite                                       |
 |                                                                            |
 |  Copyright (C) 2012 - 2020  Claire Xenia Wolf <claire@yosyshq.com>         |
 |                                                                            |
 |  Permission to use, copy, modify, and/or distribute this software for any  |
 |  purpose with or without fee is hereby granted, provided that the above    |
 |  copyright notice and this permission notice appear in all copies.         |
 |                                                                            |
 |  THE SOFTWARE IS PROVIDED "AS IS" AND THE AUTHOR DISCLAIMS ALL WARRANTIES  |
 |  WITH REGARD TO THIS SOFTWARE INCLUDING ALL IMPLIED WARRANTIES OF          |
 |  MERCHANTABILITY AND FITNESS. IN NO EVENT SHALL THE AUTHOR BE LIABLE FOR   |
 |  ANY SPECIAL, DIRECT, INDIRECT, OR CONSEQUENTIAL DAMAGES OR ANY DAMAGES    |
 |  WHATSOEVER RESULTING FROM LOSS OF USE, DATA OR PROFITS, WHETHER IN AN     |
 |  ACTION OF CONTRACT, NEGLIGENCE OR OTHER TORTIOUS ACTION, ARISING OUT OF   |
 |  OR IN CONNECTION WITH THE USE OR PERFORMANCE OF THIS SOFTWARE.            |
 |                                                                            |
 \----------------------------------------------------------------------------/

 Yosys 0.33 (git sha1 2584903a060)


-- Running command `read_verilog -sv -lib rtl/sram.v rtl/rowmem.v; read_verilog -sv rtl/dma.v rtl/systolic.v rtl/requant.v rtl/exp_lut.v rtl/divu.v rtl/ga2_vec.v rtl/ga2_sm.v rtl/ga2_mm.v rtl/ga2.v; hierarchy -top ga2; synth -flatten -top ga2; dfflegalize -cell $_DFF_P_ x; dfflibmap -liberty lib/toy.lib; abc -liberty lib/toy.lib; opt_clean -purge; tee -o out/ga2_stat.txt stat -liberty lib/toy.lib; write_verilog -noattr out/ga2_net.v; write_json out/ga2_net.json' --

1. Executing Verilog-2005 frontend: rtl/sram.v
Parsing SystemVerilog input from `rtl/sram.v' to AST representation.
Generating RTLIL representation for module `\sram'.
Successfully finished Verilog frontend.

2. Executing Verilog-2005 frontend: rtl/rowmem.v
Parsing SystemVerilog input from `rtl/rowmem.v' to AST representation.
Generating RTLIL representation for module `\rowmem'.
Successfully finished Verilog frontend.

3. Executing Verilog-2005 frontend: rtl/dma.v
Parsing SystemVerilog input from `rtl/dma.v' to AST representation.
Generating RTLIL representation for module `\dma'.
Successfully finished Verilog frontend.

4. Executing Verilog-2005 frontend: rtl/systolic.v
Parsing SystemVerilog input from `rtl/systolic.v' to AST representation.
Generating RTLIL representation for module `\pe'.
Generating RTLIL representation for module `\systolic'.
Successfully finished Verilog frontend.

5. Executing Verilog-2005 frontend: rtl/requant.v
Parsing SystemVerilog input from `rtl/requant.v' to AST representation.
Generating RTLIL representation for module `\requant'.
Successfully finished Verilog frontend.

6. Executing Verilog-2005 frontend: rtl/exp_lut.v
Parsing SystemVerilog input from `rtl/exp_lut.v' to AST representation.
Generating RTLIL representation for module `\exp_lut'.
Successfully finished Verilog frontend.

7. Executing Verilog-2005 frontend: rtl/divu.v
Parsing SystemVerilog input from `rtl/divu.v' to AST representation.
Generating RTLIL representation for module `\divu'.
Successfully finished Verilog frontend.

8. Executing Verilog-2005 frontend: rtl/ga2_vec.v
Parsing SystemVerilog input from `rtl/ga2_vec.v' to AST representation.
Generating RTLIL representation for module `\ga2_st'.
Generating RTLIL representation for module `\ga2_rq'.
Generating RTLIL representation for module `\ga2_vadd'.
Generating RTLIL representation for module `\ga2_amax'.
Generating RTLIL representation for module `\ga2_unp'.
Successfully finished Verilog frontend.

9. Executing Verilog-2005 frontend: rtl/ga2_sm.v
Parsing SystemVerilog input from `rtl/ga2_sm.v' to AST representation.
Generating RTLIL representation for module `\ga2_sm'.
Successfully finished Verilog frontend.

10. Executing Verilog-2005 frontend: rtl/ga2_mm.v
Parsing SystemVerilog input from `rtl/ga2_mm.v' to AST representation.
Generating RTLIL representation for module `\ga2_mm'.
Warning: Replacing memory \b_ra with list of registers. See rtl/ga2_mm.v:26
Warning: Replacing memory \a_ra with list of registers. See rtl/ga2_mm.v:26
Successfully finished Verilog frontend.

11. Executing Verilog-2005 frontend: rtl/ga2.v
Parsing SystemVerilog input from `rtl/ga2.v' to AST representation.
Generating RTLIL representation for module `\ga2'.
Successfully finished Verilog frontend.

12. Executing HIERARCHY pass (managing design hierarchy).

12.1. Analyzing design hierarchy..
Top module:  \ga2
Used module:     \ga2_unp
Used module:     \ga2_amax
Used module:     \ga2_vadd
Used module:     \ga2_sm
Used module:         \divu
Used module:         \exp_lut
Used module:     \ga2_rq
Used module:         \requant
Used module:     \ga2_mm
Used module:         \systolic
Used module:             \pe
Used module:     \ga2_st
Used module:     \dma
Parameter \W = 40

12.2. Executing AST frontend in derive mode using pre-parsed AST for module `\divu'.
Parameter \W = 40
Generating RTLIL representation for module `$paramod\divu\W=s32'00000000000000000000000000101000'.
Parameter \N = 4

12.3. Executing AST frontend in derive mode using pre-parsed AST for module `\systolic'.
Parameter \N = 4
Generating RTLIL representation for module `$paramod\systolic\N=s32'00000000000000000000000000000100'.
Parameter \AW = 12
Parameter \XW = 16

12.4. Executing AST frontend in derive mode using pre-parsed AST for module `\dma'.
Parameter \AW = 12
Parameter \XW = 16
Generating RTLIL representation for module `$paramod$798ab7f300aed7f08fdd05e85574ff3c54fd2634\dma'.

12.5. Analyzing design hierarchy..
Top module:  \ga2
Used module:     \ga2_unp
Used module:     \ga2_amax
Used module:     \ga2_vadd
Used module:     \ga2_sm
Used module:         $paramod\divu\W=s32'00000000000000000000000000101000
Used module:         \exp_lut
Used module:     \ga2_rq
Used module:         \requant
Used module:     \ga2_mm
Used module:         $paramod\systolic\N=s32'00000000000000000000000000000100
Used module:             \pe
Used module:     \ga2_st
Used module:     $paramod$798ab7f300aed7f08fdd05e85574ff3c54fd2634\dma

12.6. Analyzing design hierarchy..
Top module:  \ga2
Used module:     \ga2_unp
Used module:     \ga2_amax
Used module:     \ga2_vadd
Used module:     \ga2_sm
Used module:         $paramod\divu\W=s32'00000000000000000000000000101000
Used module:         \exp_lut
Used module:     \ga2_rq
Used module:         \requant
Used module:     \ga2_mm
Used module:         $paramod\systolic\N=s32'00000000000000000000000000000100
Used module:             \pe
Used module:     \ga2_st
Used module:     $paramod$798ab7f300aed7f08fdd05e85574ff3c54fd2634\dma
Removing unused module `\divu'.
Removing unused module `\systolic'.
Removing unused module `\dma'.
Removed 3 unused modules.

13. Executing SYNTH pass.

13.1. Executing HIERARCHY pass (managing design hierarchy).

13.1.1. Analyzing design hierarchy..
Top module:  \ga2
Used module:     \ga2_unp
Used module:     \ga2_amax
Used module:     \ga2_vadd
Used module:     \ga2_sm
Used module:         $paramod\divu\W=s32'00000000000000000000000000101000
Used module:         \exp_lut
Used module:     \ga2_rq
Used module:         \requant
Used module:     \ga2_mm
Used module:         $paramod\systolic\N=s32'00000000000000000000000000000100
Used module:             \pe
Used module:     \ga2_st
Used module:     $paramod$798ab7f300aed7f08fdd05e85574ff3c54fd2634\dma

13.1.2. Analyzing design hierarchy..
Top module:  \ga2
Used module:     \ga2_unp
Used module:     \ga2_amax
Used module:     \ga2_vadd
Used module:     \ga2_sm
Used module:         $paramod\divu\W=s32'00000000000000000000000000101000
Used module:         \exp_lut
Used module:     \ga2_rq
Used module:         \requant
Used module:     \ga2_mm
Used module:         $paramod\systolic\N=s32'00000000000000000000000000000100
Used module:             \pe
Used module:     \ga2_st
Used module:     $paramod$798ab7f300aed7f08fdd05e85574ff3c54fd2634\dma
Removed 0 unused modules.

13.2. Executing PROC pass (convert processes to netlists).

13.2.1. Executing PROC_CLEAN pass (remove empty switches from decision trees).
Cleaned up 0 empty switches.

13.2.2. Executing PROC_RMDEAD pass (remove dead branches from decision trees).
Marked 4 switch rules as full_case in process $proc$rtl/ga2.v:42$490 in module ga2.
Marked 5 switch rules as full_case in process $proc$rtl/ga2_mm.v:36$322 in module ga2_mm.
Marked 12 switch rules as full_case in process $proc$rtl/ga2_mm.v:23$254 in module ga2_mm.
Marked 4 switch rules as full_case in process $proc$rtl/ga2_sm.v:16$198 in module ga2_sm.
Marked 3 switch rules as full_case in process $proc$rtl/ga2_vec.v:88$174 in module ga2_unp.
Marked 3 switch rules as full_case in process $proc$rtl/ga2_vec.v:63$154 in module ga2_amax.
Marked 2 switch rules as full_case in process $proc$rtl/ga2_vec.v:46$141 in module ga2_vadd.
Marked 2 switch rules as full_case in process $proc$rtl/ga2_vec.v:27$122 in module ga2_rq.
Marked 2 switch rules as full_case in process $proc$rtl/ga2_vec.v:10$111 in module ga2_st.
Marked 2 switch rules as full_case in process $proc$rtl/dma.v:13$582 in module $paramod$798ab7f300aed7f08fdd05e85574ff3c54fd2634\dma.
Removed 1 dead cases from process $proc$rtl/exp_lut.v:4$99 in module exp_lut.
Marked 1 switch rules as full_case in process $proc$rtl/exp_lut.v:4$99 in module exp_lut.
Marked 1 switch rules as full_case in process $proc$rtl/systolic.v:6$15 in module pe.
Marked 2 switch rules as full_case in process $proc$rtl/divu.v:11$507 in module $paramod\divu\W=s32'00000000000000000000000000101000.
Removed a total of 1 dead cases.

13.2.3. Executing PROC_PRUNE pass (remove redundant assignments in processes).
Removed 3 redundant assignments.
Promoted 66 assignments to connections.

13.2.4. Executing PROC_INIT pass (extract init attributes).

13.2.5. Executing PROC_ARST pass (detect async resets in processes).

13.2.6. Executing PROC_ROM pass (convert switches to ROMs).
Converted 1 switch.
<suppressed ~90 debug messages>

13.2.7. Executing PROC_MUX pass (convert decision trees to multiplexers).
Creating decoders for process `\ga2.$proc$rtl/ga2.v:42$490'.
     1/10: $0\cur[3:0]
     2/10: $0\pc[15:0]
     3/10: $0\n_inst[31:0]
     4/10: $0\cyc_vec[31:0]
     5/10: $0\cyc_dma[31:0]
     6/10: $0\cyc_mm[31:0]
     7/10: $0\cyc_total[31:0]
     8/10: $0\halted[0:0]
     9/10: $0\st[2:0]
    10/10: $0\ins[127:0]
Creating decoders for process `\ga2_mm.$proc$rtl/ga2_mm.v:0$397'.
Creating decoders for process `\ga2_mm.$proc$rtl/ga2_mm.v:36$322'.
     1/26: $0\done[0:0]
     2/26: $0\oaddr[11:0]
     3/26: $0\orow[11:0]
     4/26: $0\t[7:0]
     5/26: $0\k_d[6:0]
     6/26: $0\n_d[3:0]
     7/26: $0\m_d[3:0]
     8/26: $0\iss[0:0]
     9/26: $0\k[6:0]
    10/26: $0\n[3:0]
    11/26: $0\rowbase[11:0]
    12/26: $0\ptr[11:0]
    13/26: $0\tb[0:0]
    14/26: $0\ldc[11:0]
    15/26: $0\ldb[11:0]
    16/26: $0\lda[11:0]
    17/26: $0\bbase[11:0]
    18/26: $0\abase[11:0]
    19/26: $0\st[2:0]
    20/26: $0\v[0:0]
    21/26: $0\m[3:0]
    22/26: $0\busy[0:0]
    23/26: $0\dst[11:0]
    24/26: $0\N[3:0]
    25/26: $0\M[3:0]
    26/26: $0\K[6:0]
Creating decoders for process `\ga2_mm.$proc$rtl/ga2_mm.v:23$254'.
     1/16: $8\bedge[31:24]
     2/16: $8\aedge[31:24]
     3/16: $7\bedge[31:24]
     4/16: $7\aedge[31:24]
     5/16: $6\bedge[23:16]
     6/16: $6\aedge[23:16]
     7/16: $5\bedge[23:16]
     8/16: $5\aedge[23:16]
     9/16: $4\bedge[15:8]
    10/16: $4\aedge[15:8]
    11/16: $3\bedge[15:8]
    12/16: $3\aedge[15:8]
    13/16: $2\bedge[7:0]
    14/16: $2\aedge[7:0]
    15/16: $1\bedge[7:0]
    16/16: $1\aedge[7:0]
Creating decoders for process `\ga2_sm.$proc$rtl/ga2_sm.v:16$198'.
     1/13: $0\d_start[0:0]
     2/13: $0\done[0:0]
     3/13: $0\st[2:0]
     4/13: $0\v[0:0]
     5/13: $0\j[11:0]
     6/13: $0\i[11:0]
     7/13: $0\r[39:0]
     8/13: $0\sum[31:0]
     9/13: $0\m[7:0]
    10/13: $0\busy[0:0]
    11/13: $0\len[11:0]
    12/13: $0\dst[11:0]
    13/13: $0\src[11:0]
Creating decoders for process `\ga2_unp.$proc$rtl/ga2_vec.v:88$174'.
     1/9: $0\done[0:0]
     2/9: $0\w[31:0]
     3/9: $0\st[1:0]
     4/9: $0\j[2:0]
     5/9: $0\i[11:0]
     6/9: $0\busy[0:0]
     7/9: $0\len[11:0]
     8/9: $0\dst[11:0]
     9/9: $0\src[11:0]
Creating decoders for process `\ga2_amax.$proc$rtl/ga2_vec.v:63$154'.
     1/11: $0\done[0:0]
     2/11: $0\fin[0:0]
     3/11: $0\best[31:0]
     4/11: $0\bidx[11:0]
     5/11: $0\v[0:0]
     6/11: $0\j[11:0]
     7/11: $0\i[11:0]
     8/11: $0\busy[0:0]
     9/11: $0\len[11:0]
    10/11: $0\dst[11:0]
    11/11: $0\src[11:0]
Creating decoders for process `\ga2_vadd.$proc$rtl/ga2_vec.v:46$141'.
     1/11: $0\done[0:0]
     2/11: $0\x[7:0]
     3/11: $0\par[0:0]
     4/11: $0\s2[11:0]
     5/11: $0\s1[11:0]
     6/11: $0\v[0:0]
     7/11: $0\j[11:0]
     8/11: $0\cnt[16:0]
     9/11: $0\busy[0:0]
    10/11: $0\len[15:0]
    11/11: $0\dst[11:0]
Creating decoders for process `\ga2_rq.$proc$rtl/ga2_vec.v:27$122'.
     1/11: $0\done[0:0]
     2/11: $0\v[0:0]
     3/11: $0\j[11:0]
     4/11: $0\i[11:0]
     5/11: $0\relu[0:0]
     6/11: $0\s[5:0]
     7/11: $0\m[23:0]
     8/11: $0\busy[0:0]
     9/11: $0\len[11:0]
    10/11: $0\dst[11:0]
    11/11: $0\src[11:0]
Creating decoders for process `\ga2_st.$proc$rtl/ga2_vec.v:10$111'.
     1/8: $0\done[0:0]
     2/8: $0\v[0:0]
     3/8: $0\j[11:0]
     4/8: $0\i[11:0]
     5/8: $0\busy[0:0]
     6/8: $0\len[11:0]
     7/8: $0\dst[15:0]
     8/8: $0\src[11:0]
Creating decoders for process `$paramod$798ab7f300aed7f08fdd05e85574ff3c54fd2634\dma.$proc$rtl/dma.v:13$582'.
     1/7: $0\done[0:0]
     2/7: $0\recvd[11:0]
     3/7: $0\issued[11:0]
     4/7: $0\len_r[11:0]
     5/7: $0\dst_r[11:0]
     6/7: $0\src_r[15:0]
     7/7: $0\busy[0:0]
Creating decoders for process `\exp_lut.$proc$rtl/exp_lut.v:4$99'.
     1/1: $1\e[15:0]
Creating decoders for process `$paramod\systolic\N=s32'00000000000000000000000000000100.$proc$rtl/systolic.v:0$577'.
Creating decoders for process `\pe.$proc$rtl/systolic.v:6$15'.
     1/3: $0\acc[31:0]
     2/3: $0\b_out[7:0]
     3/3: $0\a_out[7:0]
Creating decoders for process `$paramod\divu\W=s32'00000000000000000000000000101000.$proc$rtl/divu.v:11$507'.
     1/9: $0\done[0:0]
     2/9: $0\cnt[7:0]
     3/9: $0\r[40:0]
     4/9: $0\d_r[39:0]
     5/9: $0\n_r[39:0]
     6/9: $0\rem[39:0]
     7/9: $0\quot[39:0]
     8/9: $0\q[39:0]
     9/9: $0\busy[0:0]

13.2.8. Executing PROC_DLATCH pass (convert process syncs to latches).
No latch inferred for signal `\ga2_mm.\a_rd[0]' from process `\ga2_mm.$proc$rtl/ga2_mm.v:0$397'.
No latch inferred for signal `\ga2_mm.\a_rd[1]' from process `\ga2_mm.$proc$rtl/ga2_mm.v:0$397'.
No latch inferred for signal `\ga2_mm.\a_rd[2]' from process `\ga2_mm.$proc$rtl/ga2_mm.v:0$397'.
No latch inferred for signal `\ga2_mm.\a_rd[3]' from process `\ga2_mm.$proc$rtl/ga2_mm.v:0$397'.
No latch inferred for signal `\ga2_mm.\b_rd[0]' from process `\ga2_mm.$proc$rtl/ga2_mm.v:0$397'.
No latch inferred for signal `\ga2_mm.\b_rd[1]' from process `\ga2_mm.$proc$rtl/ga2_mm.v:0$397'.
No latch inferred for signal `\ga2_mm.\b_rd[2]' from process `\ga2_mm.$proc$rtl/ga2_mm.v:0$397'.
No latch inferred for signal `\ga2_mm.\b_rd[3]' from process `\ga2_mm.$proc$rtl/ga2_mm.v:0$397'.
No latch inferred for signal `\ga2_mm.\aedge' from process `\ga2_mm.$proc$rtl/ga2_mm.v:23$254'.
No latch inferred for signal `\ga2_mm.\bedge' from process `\ga2_mm.$proc$rtl/ga2_mm.v:23$254'.
No latch inferred for signal `\ga2_mm.\ii' from process `\ga2_mm.$proc$rtl/ga2_mm.v:23$254'.
No latch inferred for signal `\ga2_mm.\a_ra[0]' from process `\ga2_mm.$proc$rtl/ga2_mm.v:23$254'.
No latch inferred for signal `\ga2_mm.\a_ra[1]' from process `\ga2_mm.$proc$rtl/ga2_mm.v:23$254'.
No latch inferred for signal `\ga2_mm.\a_ra[2]' from process `\ga2_mm.$proc$rtl/ga2_mm.v:23$254'.
No latch inferred for signal `\ga2_mm.\a_ra[3]' from process `\ga2_mm.$proc$rtl/ga2_mm.v:23$254'.
No latch inferred for signal `\ga2_mm.\b_ra[0]' from process `\ga2_mm.$proc$rtl/ga2_mm.v:23$254'.
No latch inferred for signal `\ga2_mm.\b_ra[1]' from process `\ga2_mm.$proc$rtl/ga2_mm.v:23$254'.
No latch inferred for signal `\ga2_mm.\b_ra[2]' from process `\ga2_mm.$proc$rtl/ga2_mm.v:23$254'.
No latch inferred for signal `\ga2_mm.\b_ra[3]' from process `\ga2_mm.$proc$rtl/ga2_mm.v:23$254'.
No latch inferred for signal `\exp_lut.\e' from process `\exp_lut.$proc$rtl/exp_lut.v:4$99'.
No latch inferred for signal `$paramod\systolic\N=s32'00000000000000000000000000000100.\aw[0]' from process `$paramod\systolic\N=s32'00000000000000000000000000000100.$proc$rtl/systolic.v:0$577'.
No latch inferred for signal `$paramod\systolic\N=s32'00000000000000000000000000000100.\aw[1]' from process `$paramod\systolic\N=s32'00000000000000000000000000000100.$proc$rtl/systolic.v:0$577'.
No latch inferred for signal `$paramod\systolic\N=s32'00000000000000000000000000000100.\aw[2]' from process `$paramod\systolic\N=s32'00000000000000000000000000000100.$proc$rtl/systolic.v:0$577'.
No latch inferred for signal `$paramod\systolic\N=s32'00000000000000000000000000000100.\aw[3]' from process `$paramod\systolic\N=s32'00000000000000000000000000000100.$proc$rtl/systolic.v:0$577'.
No latch inferred for signal `$paramod\systolic\N=s32'00000000000000000000000000000100.\aw[4]' from process `$paramod\systolic\N=s32'00000000000000000000000000000100.$proc$rtl/systolic.v:0$577'.
No latch inferred for signal `$paramod\systolic\N=s32'00000000000000000000000000000100.\aw[5]' from process `$paramod\systolic\N=s32'00000000000000000000000000000100.$proc$rtl/systolic.v:0$577'.
No latch inferred for signal `$paramod\systolic\N=s32'00000000000000000000000000000100.\aw[6]' from process `$paramod\systolic\N=s32'00000000000000000000000000000100.$proc$rtl/systolic.v:0$577'.
No latch inferred for signal `$paramod\systolic\N=s32'00000000000000000000000000000100.\aw[7]' from process `$paramod\systolic\N=s32'00000000000000000000000000000100.$proc$rtl/systolic.v:0$577'.
No latch inferred for signal `$paramod\systolic\N=s32'00000000000000000000000000000100.\aw[8]' from process `$paramod\systolic\N=s32'00000000000000000000000000000100.$proc$rtl/systolic.v:0$577'.
No latch inferred for signal `$paramod\systolic\N=s32'00000000000000000000000000000100.\aw[9]' from process `$paramod\systolic\N=s32'00000000000000000000000000000100.$proc$rtl/systolic.v:0$577'.
No latch inferred for signal `$paramod\systolic\N=s32'00000000000000000000000000000100.\aw[10]' from process `$paramod\systolic\N=s32'00000000000000000000000000000100.$proc$rtl/systolic.v:0$577'.
No latch inferred for signal `$paramod\systolic\N=s32'00000000000000000000000000000100.\aw[11]' from process `$paramod\systolic\N=s32'00000000000000000000000000000100.$proc$rtl/systolic.v:0$577'.
No latch inferred for signal `$paramod\systolic\N=s32'00000000000000000000000000000100.\aw[12]' from process `$paramod\systolic\N=s32'00000000000000000000000000000100.$proc$rtl/systolic.v:0$577'.
No latch inferred for signal `$paramod\systolic\N=s32'00000000000000000000000000000100.\aw[13]' from process `$paramod\systolic\N=s32'00000000000000000000000000000100.$proc$rtl/systolic.v:0$577'.
No latch inferred for signal `$paramod\systolic\N=s32'00000000000000000000000000000100.\aw[14]' from process `$paramod\systolic\N=s32'00000000000000000000000000000100.$proc$rtl/systolic.v:0$577'.
No latch inferred for signal `$paramod\systolic\N=s32'00000000000000000000000000000100.\aw[15]' from process `$paramod\systolic\N=s32'00000000000000000000000000000100.$proc$rtl/systolic.v:0$577'.
No latch inferred for signal `$paramod\systolic\N=s32'00000000000000000000000000000100.\aw[16]' from process `$paramod\systolic\N=s32'00000000000000000000000000000100.$proc$rtl/systolic.v:0$577'.
No latch inferred for signal `$paramod\systolic\N=s32'00000000000000000000000000000100.\aw[17]' from process `$paramod\systolic\N=s32'00000000000000000000000000000100.$proc$rtl/systolic.v:0$577'.
No latch inferred for signal `$paramod\systolic\N=s32'00000000000000000000000000000100.\aw[18]' from process `$paramod\systolic\N=s32'00000000000000000000000000000100.$proc$rtl/systolic.v:0$577'.
No latch inferred for signal `$paramod\systolic\N=s32'00000000000000000000000000000100.\aw[19]' from process `$paramod\systolic\N=s32'00000000000000000000000000000100.$proc$rtl/systolic.v:0$577'.
No latch inferred for signal `$paramod\systolic\N=s32'00000000000000000000000000000100.\bw[0]' from process `$paramod\systolic\N=s32'00000000000000000000000000000100.$proc$rtl/systolic.v:0$577'.
No latch inferred for signal `$paramod\systolic\N=s32'00000000000000000000000000000100.\bw[1]' from process `$paramod\systolic\N=s32'00000000000000000000000000000100.$proc$rtl/systolic.v:0$577'.
No latch inferred for signal `$paramod\systolic\N=s32'00000000000000000000000000000100.\bw[2]' from process `$paramod\systolic\N=s32'00000000000000000000000000000100.$proc$rtl/systolic.v:0$577'.
No latch inferred for signal `$paramod\systolic\N=s32'00000000000000000000000000000100.\bw[3]' from process `$paramod\systolic\N=s32'00000000000000000000000000000100.$proc$rtl/systolic.v:0$577'.
No latch inferred for signal `$paramod\systolic\N=s32'00000000000000000000000000000100.\bw[4]' from process `$paramod\systolic\N=s32'00000000000000000000000000000100.$proc$rtl/systolic.v:0$577'.
No latch inferred for signal `$paramod\systolic\N=s32'00000000000000000000000000000100.\bw[5]' from process `$paramod\systolic\N=s32'00000000000000000000000000000100.$proc$rtl/systolic.v:0$577'.
No latch inferred for signal `$paramod\systolic\N=s32'00000000000000000000000000000100.\bw[6]' from process `$paramod\systolic\N=s32'00000000000000000000000000000100.$proc$rtl/systolic.v:0$577'.
No latch inferred for signal `$paramod\systolic\N=s32'00000000000000000000000000000100.\bw[7]' from process `$paramod\systolic\N=s32'00000000000000000000000000000100.$proc$rtl/systolic.v:0$577'.
No latch inferred for signal `$paramod\systolic\N=s32'00000000000000000000000000000100.\bw[8]' from process `$paramod\systolic\N=s32'00000000000000000000000000000100.$proc$rtl/systolic.v:0$577'.
No latch inferred for signal `$paramod\systolic\N=s32'00000000000000000000000000000100.\bw[9]' from process `$paramod\systolic\N=s32'00000000000000000000000000000100.$proc$rtl/systolic.v:0$577'.
No latch inferred for signal `$paramod\systolic\N=s32'00000000000000000000000000000100.\bw[10]' from process `$paramod\systolic\N=s32'00000000000000000000000000000100.$proc$rtl/systolic.v:0$577'.
No latch inferred for signal `$paramod\systolic\N=s32'00000000000000000000000000000100.\bw[11]' from process `$paramod\systolic\N=s32'00000000000000000000000000000100.$proc$rtl/systolic.v:0$577'.
No latch inferred for signal `$paramod\systolic\N=s32'00000000000000000000000000000100.\bw[12]' from process `$paramod\systolic\N=s32'00000000000000000000000000000100.$proc$rtl/systolic.v:0$577'.
No latch inferred for signal `$paramod\systolic\N=s32'00000000000000000000000000000100.\bw[13]' from process `$paramod\systolic\N=s32'00000000000000000000000000000100.$proc$rtl/systolic.v:0$577'.
No latch inferred for signal `$paramod\systolic\N=s32'00000000000000000000000000000100.\bw[14]' from process `$paramod\systolic\N=s32'00000000000000000000000000000100.$proc$rtl/systolic.v:0$577'.
No latch inferred for signal `$paramod\systolic\N=s32'00000000000000000000000000000100.\bw[15]' from process `$paramod\systolic\N=s32'00000000000000000000000000000100.$proc$rtl/systolic.v:0$577'.
No latch inferred for signal `$paramod\systolic\N=s32'00000000000000000000000000000100.\bw[16]' from process `$paramod\systolic\N=s32'00000000000000000000000000000100.$proc$rtl/systolic.v:0$577'.
No latch inferred for signal `$paramod\systolic\N=s32'00000000000000000000000000000100.\bw[17]' from process `$paramod\systolic\N=s32'00000000000000000000000000000100.$proc$rtl/systolic.v:0$577'.
No latch inferred for signal `$paramod\systolic\N=s32'00000000000000000000000000000100.\bw[18]' from process `$paramod\systolic\N=s32'00000000000000000000000000000100.$proc$rtl/systolic.v:0$577'.
No latch inferred for signal `$paramod\systolic\N=s32'00000000000000000000000000000100.\bw[19]' from process `$paramod\systolic\N=s32'00000000000000000000000000000100.$proc$rtl/systolic.v:0$577'.

13.2.9. Executing PROC_DFF pass (convert process syncs to FFs).
Creating register for signal `\ga2.\ins' using process `\ga2.$proc$rtl/ga2.v:42$490'.
  created $dff cell `$procdff$1984' with positive edge clock.
Creating register for signal `\ga2.\st' using process `\ga2.$proc$rtl/ga2.v:42$490'.
  created $dff cell `$procdff$1985' with positive edge clock.
Creating register for signal `\ga2.\halted' using process `\ga2.$proc$rtl/ga2.v:42$490'.
  created $dff cell `$procdff$1986' with positive edge clock.
Creating register for signal `\ga2.\cyc_total' using process `\ga2.$proc$rtl/ga2.v:42$490'.
  created $dff cell `$procdff$1987' with positive edge clock.
Creating register for signal `\ga2.\cyc_mm' using process `\ga2.$proc$rtl/ga2.v:42$490'.
  created $dff cell `$procdff$1988' with positive edge clock.
Creating register for signal `\ga2.\cyc_dma' using process `\ga2.$proc$rtl/ga2.v:42$490'.
  created $dff cell `$procdff$1989' with positive edge clock.
Creating register for signal `\ga2.\cyc_vec' using process `\ga2.$proc$rtl/ga2.v:42$490'.
  created $dff cell `$procdff$1990' with positive edge clock.
Creating register for signal `\ga2.\n_inst' using process `\ga2.$proc$rtl/ga2.v:42$490'.
  created $dff cell `$procdff$1991' with positive edge clock.
Creating register for signal `\ga2.\pc' using process `\ga2.$proc$rtl/ga2.v:42$490'.
  created $dff cell `$procdff$1992' with positive edge clock.
Creating register for signal `\ga2.\cur' using process `\ga2.$proc$rtl/ga2.v:42$490'.
  created $dff cell `$procdff$1993' with positive edge clock.
Creating register for signal `\ga2_mm.\K' using process `\ga2_mm.$proc$rtl/ga2_mm.v:36$322'.
  created $dff cell `$procdff$1994' with positive edge clock.
Creating register for signal `\ga2_mm.\M' using process `\ga2_mm.$proc$rtl/ga2_mm.v:36$322'.
  created $dff cell `$procdff$1995' with positive edge clock.
Creating register for signal `\ga2_mm.\N' using process `\ga2_mm.$proc$rtl/ga2_mm.v:36$322'.
  created $dff cell `$procdff$1996' with positive edge clock.
Creating register for signal `\ga2_mm.\dst' using process `\ga2_mm.$proc$rtl/ga2_mm.v:36$322'.
  created $dff cell `$procdff$1997' with positive edge clock.
Creating register for signal `\ga2_mm.\busy' using process `\ga2_mm.$proc$rtl/ga2_mm.v:36$322'.
  created $dff cell `$procdff$1998' with positive edge clock.
Creating register for signal `\ga2_mm.\done' using process `\ga2_mm.$proc$rtl/ga2_mm.v:36$322'.
  created $dff cell `$procdff$1999' with positive edge clock.
Creating register for signal `\ga2_mm.\m' using process `\ga2_mm.$proc$rtl/ga2_mm.v:36$322'.
  created $dff cell `$procdff$2000' with positive edge clock.
Creating register for signal `\ga2_mm.\v' using process `\ga2_mm.$proc$rtl/ga2_mm.v:36$322'.
  created $dff cell `$procdff$2001' with positive edge clock.
Creating register for signal `\ga2_mm.\st' using process `\ga2_mm.$proc$rtl/ga2_mm.v:36$322'.
  created $dff cell `$procdff$2002' with positive edge clock.
Creating register for signal `\ga2_mm.\abase' using process `\ga2_mm.$proc$rtl/ga2_mm.v:36$322'.
  created $dff cell `$procdff$2003' with positive edge clock.
Creating register for signal `\ga2_mm.\bbase' using process `\ga2_mm.$proc$rtl/ga2_mm.v:36$322'.
  created $dff cell `$procdff$2004' with positive edge clock.
Creating register for signal `\ga2_mm.\lda' using process `\ga2_mm.$proc$rtl/ga2_mm.v:36$322'.
  created $dff cell `$procdff$2005' with positive edge clock.
Creating register for signal `\ga2_mm.\ldb' using process `\ga2_mm.$proc$rtl/ga2_mm.v:36$322'.
  created $dff cell `$procdff$2006' with positive edge clock.
Creating register for signal `\ga2_mm.\ldc' using process `\ga2_mm.$proc$rtl/ga2_mm.v:36$322'.
  created $dff cell `$procdff$2007' with positive edge clock.
Creating register for signal `\ga2_mm.\tb' using process `\ga2_mm.$proc$rtl/ga2_mm.v:36$322'.
  created $dff cell `$procdff$2008' with positive edge clock.
Creating register for signal `\ga2_mm.\ptr' using process `\ga2_mm.$proc$rtl/ga2_mm.v:36$322'.
  created $dff cell `$procdff$2009' with positive edge clock.
Creating register for signal `\ga2_mm.\rowbase' using process `\ga2_mm.$proc$rtl/ga2_mm.v:36$322'.
  created $dff cell `$procdff$2010' with positive edge clock.
Creating register for signal `\ga2_mm.\n' using process `\ga2_mm.$proc$rtl/ga2_mm.v:36$322'.
  created $dff cell `$procdff$2011' with positive edge clock.
Creating register for signal `\ga2_mm.\k' using process `\ga2_mm.$proc$rtl/ga2_mm.v:36$322'.
  created $dff cell `$procdff$2012' with positive edge clock.
Creating register for signal `\ga2_mm.\iss' using process `\ga2_mm.$proc$rtl/ga2_mm.v:36$322'.
  created $dff cell `$procdff$2013' with positive edge clock.
Creating register for signal `\ga2_mm.\m_d' using process `\ga2_mm.$proc$rtl/ga2_mm.v:36$322'.
  created $dff cell `$procdff$2014' with positive edge clock.
Creating register for signal `\ga2_mm.\n_d' using process `\ga2_mm.$proc$rtl/ga2_mm.v:36$322'.
  created $dff cell `$procdff$2015' with positive edge clock.
Creating register for signal `\ga2_mm.\k_d' using process `\ga2_mm.$proc$rtl/ga2_mm.v:36$322'.
  created $dff cell `$procdff$2016' with positive edge clock.
Creating register for signal `\ga2_mm.\t' using process `\ga2_mm.$proc$rtl/ga2_mm.v:36$322'.
  created $dff cell `$procdff$2017' with positive edge clock.
Creating register for signal `\ga2_mm.\orow' using process `\ga2_mm.$proc$rtl/ga2_mm.v:36$322'.
  created $dff cell `$procdff$2018' with positive edge clock.
Creating register for signal `\ga2_mm.\oaddr' using process `\ga2_mm.$proc$rtl/ga2_mm.v:36$322'.
  created $dff cell `$procdff$2019' with positive edge clock.
Creating register for signal `\ga2_sm.\src' using process `\ga2_sm.$proc$rtl/ga2_sm.v:16$198'.
  created $dff cell `$procdff$2020' with positive edge clock.
Creating register for signal `\ga2_sm.\dst' using process `\ga2_sm.$proc$rtl/ga2_sm.v:16$198'.
  created $dff cell `$procdff$2021' with positive edge clock.
Creating register for signal `\ga2_sm.\len' using process `\ga2_sm.$proc$rtl/ga2_sm.v:16$198'.
  created $dff cell `$procdff$2022' with positive edge clock.
Creating register for signal `\ga2_sm.\busy' using process `\ga2_sm.$proc$rtl/ga2_sm.v:16$198'.
  created $dff cell `$procdff$2023' with positive edge clock.
Creating register for signal `\ga2_sm.\done' using process `\ga2_sm.$proc$rtl/ga2_sm.v:16$198'.
  created $dff cell `$procdff$2024' with positive edge clock.
Creating register for signal `\ga2_sm.\m' using process `\ga2_sm.$proc$rtl/ga2_sm.v:16$198'.
  created $dff cell `$procdff$2025' with positive edge clock.
Creating register for signal `\ga2_sm.\sum' using process `\ga2_sm.$proc$rtl/ga2_sm.v:16$198'.
  created $dff cell `$procdff$2026' with positive edge clock.
Creating register for signal `\ga2_sm.\r' using process `\ga2_sm.$proc$rtl/ga2_sm.v:16$198'.
  created $dff cell `$procdff$2027' with positive edge clock.
Creating register for signal `\ga2_sm.\i' using process `\ga2_sm.$proc$rtl/ga2_sm.v:16$198'.
  created $dff cell `$procdff$2028' with positive edge clock.
Creating register for signal `\ga2_sm.\j' using process `\ga2_sm.$proc$rtl/ga2_sm.v:16$198'.
  created $dff cell `$procdff$2029' with positive edge clock.
Creating register for signal `\ga2_sm.\v' using process `\ga2_sm.$proc$rtl/ga2_sm.v:16$198'.
  created $dff cell `$procdff$2030' with positive edge clock.
Creating register for signal `\ga2_sm.\st' using process `\ga2_sm.$proc$rtl/ga2_sm.v:16$198'.
  created $dff cell `$procdff$2031' with positive edge clock.
Creating register for signal `\ga2_sm.\d_start' using process `\ga2_sm.$proc$rtl/ga2_sm.v:16$198'.
  created $dff cell `$procdff$2032' with positive edge clock.
Creating register for signal `\ga2_unp.\src' using process `\ga2_unp.$proc$rtl/ga2_vec.v:88$174'.
  created $dff cell `$procdff$2033' with positive edge clock.
Creating register for signal `\ga2_unp.\dst' using process `\ga2_unp.$proc$rtl/ga2_vec.v:88$174'.
  created $dff cell `$procdff$2034' with positive edge clock.
Creating register for signal `\ga2_unp.\len' using process `\ga2_unp.$proc$rtl/ga2_vec.v:88$174'.
  created $dff cell `$procdff$2035' with positive edge clock.
Creating register for signal `\ga2_unp.\busy' using process `\ga2_unp.$proc$rtl/ga2_vec.v:88$174'.
  created $dff cell `$procdff$2036' with positive edge clock.
Creating register for signal `\ga2_unp.\done' using process `\ga2_unp.$proc$rtl/ga2_vec.v:88$174'.
  created $dff cell `$procdff$2037' with positive edge clock.
Creating register for signal `\ga2_unp.\i' using process `\ga2_unp.$proc$rtl/ga2_vec.v:88$174'.
  created $dff cell `$procdff$2038' with positive edge clock.
Creating register for signal `\ga2_unp.\j' using process `\ga2_unp.$proc$rtl/ga2_vec.v:88$174'.
  created $dff cell `$procdff$2039' with positive edge clock.
Creating register for signal `\ga2_unp.\st' using process `\ga2_unp.$proc$rtl/ga2_vec.v:88$174'.
  created $dff cell `$procdff$2040' with positive edge clock.
Creating register for signal `\ga2_unp.\w' using process `\ga2_unp.$proc$rtl/ga2_vec.v:88$174'.
  created $dff cell `$procdff$2041' with positive edge clock.
Creating register for signal `\ga2_amax.\src' using process `\ga2_amax.$proc$rtl/ga2_vec.v:63$154'.
  created $dff cell `$procdff$2042' with positive edge clock.
Creating register for signal `\ga2_amax.\dst' using process `\ga2_amax.$proc$rtl/ga2_vec.v:63$154'.
  created $dff cell `$procdff$2043' with positive edge clock.
Creating register for signal `\ga2_amax.\len' using process `\ga2_amax.$proc$rtl/ga2_vec.v:63$154'.
  created $dff cell `$procdff$2044' with positive edge clock.
Creating register for signal `\ga2_amax.\busy' using process `\ga2_amax.$proc$rtl/ga2_vec.v:63$154'.
  created $dff cell `$procdff$2045' with positive edge clock.
Creating register for signal `\ga2_amax.\done' using process `\ga2_amax.$proc$rtl/ga2_vec.v:63$154'.
  created $dff cell `$procdff$2046' with positive edge clock.
Creating register for signal `\ga2_amax.\i' using process `\ga2_amax.$proc$rtl/ga2_vec.v:63$154'.
  created $dff cell `$procdff$2047' with positive edge clock.
Creating register for signal `\ga2_amax.\j' using process `\ga2_amax.$proc$rtl/ga2_vec.v:63$154'.
  created $dff cell `$procdff$2048' with positive edge clock.
Creating register for signal `\ga2_amax.\v' using process `\ga2_amax.$proc$rtl/ga2_vec.v:63$154'.
  created $dff cell `$procdff$2049' with positive edge clock.
Creating register for signal `\ga2_amax.\bidx' using process `\ga2_amax.$proc$rtl/ga2_vec.v:63$154'.
  created $dff cell `$procdff$2050' with positive edge clock.
Creating register for signal `\ga2_amax.\best' using process `\ga2_amax.$proc$rtl/ga2_vec.v:63$154'.
  created $dff cell `$procdff$2051' with positive edge clock.
Creating register for signal `\ga2_amax.\fin' using process `\ga2_amax.$proc$rtl/ga2_vec.v:63$154'.
  created $dff cell `$procdff$2052' with positive edge clock.
Creating register for signal `\ga2_vadd.\dst' using process `\ga2_vadd.$proc$rtl/ga2_vec.v:46$141'.
  created $dff cell `$procdff$2053' with positive edge clock.
Creating register for signal `\ga2_vadd.\len' using process `\ga2_vadd.$proc$rtl/ga2_vec.v:46$141'.
  created $dff cell `$procdff$2054' with positive edge clock.
Creating register for signal `\ga2_vadd.\busy' using process `\ga2_vadd.$proc$rtl/ga2_vec.v:46$141'.
  created $dff cell `$procdff$2055' with positive edge clock.
Creating register for signal `\ga2_vadd.\done' using process `\ga2_vadd.$proc$rtl/ga2_vec.v:46$141'.
  created $dff cell `$procdff$2056' with positive edge clock.
Creating register for signal `\ga2_vadd.\cnt' using process `\ga2_vadd.$proc$rtl/ga2_vec.v:46$141'.
  created $dff cell `$procdff$2057' with positive edge clock.
Creating register for signal `\ga2_vadd.\j' using process `\ga2_vadd.$proc$rtl/ga2_vec.v:46$141'.
  created $dff cell `$procdff$2058' with positive edge clock.
Creating register for signal `\ga2_vadd.\v' using process `\ga2_vadd.$proc$rtl/ga2_vec.v:46$141'.
  created $dff cell `$procdff$2059' with positive edge clock.
Creating register for signal `\ga2_vadd.\s1' using process `\ga2_vadd.$proc$rtl/ga2_vec.v:46$141'.
  created $dff cell `$procdff$2060' with positive edge clock.
Creating register for signal `\ga2_vadd.\s2' using process `\ga2_vadd.$proc$rtl/ga2_vec.v:46$141'.
  created $dff cell `$procdff$2061' with positive edge clock.
Creating register for signal `\ga2_vadd.\par' using process `\ga2_vadd.$proc$rtl/ga2_vec.v:46$141'.
  created $dff cell `$procdff$2062' with positive edge clock.
Creating register for signal `\ga2_vadd.\x' using process `\ga2_vadd.$proc$rtl/ga2_vec.v:46$141'.
  created $dff cell `$procdff$2063' with positive edge clock.
Creating register for signal `\ga2_rq.\src' using process `\ga2_rq.$proc$rtl/ga2_vec.v:27$122'.
  created $dff cell `$procdff$2064' with positive edge clock.
Creating register for signal `\ga2_rq.\dst' using process `\ga2_rq.$proc$rtl/ga2_vec.v:27$122'.
  created $dff cell `$procdff$2065' with positive edge clock.
Creating register for signal `\ga2_rq.\len' using process `\ga2_rq.$proc$rtl/ga2_vec.v:27$122'.
  created $dff cell `$procdff$2066' with positive edge clock.
Creating register for signal `\ga2_rq.\busy' using process `\ga2_rq.$proc$rtl/ga2_vec.v:27$122'.
  created $dff cell `$procdff$2067' with positive edge clock.
Creating register for signal `\ga2_rq.\done' using process `\ga2_rq.$proc$rtl/ga2_vec.v:27$122'.
  created $dff cell `$procdff$2068' with positive edge clock.
Creating register for signal `\ga2_rq.\m' using process `\ga2_rq.$proc$rtl/ga2_vec.v:27$122'.
  created $dff cell `$procdff$2069' with positive edge clock.
Creating register for signal `\ga2_rq.\s' using process `\ga2_rq.$proc$rtl/ga2_vec.v:27$122'.
  created $dff cell `$procdff$2070' with positive edge clock.
Creating register for signal `\ga2_rq.\relu' using process `\ga2_rq.$proc$rtl/ga2_vec.v:27$122'.
  created $dff cell `$procdff$2071' with positive edge clock.
Creating register for signal `\ga2_rq.\i' using process `\ga2_rq.$proc$rtl/ga2_vec.v:27$122'.
  created $dff cell `$procdff$2072' with positive edge clock.
Creating register for signal `\ga2_rq.\j' using process `\ga2_rq.$proc$rtl/ga2_vec.v:27$122'.
  created $dff cell `$procdff$2073' with positive edge clock.
Creating register for signal `\ga2_rq.\v' using process `\ga2_rq.$proc$rtl/ga2_vec.v:27$122'.
  created $dff cell `$procdff$2074' with positive edge clock.
Creating register for signal `\ga2_st.\src' using process `\ga2_st.$proc$rtl/ga2_vec.v:10$111'.
  created $dff cell `$procdff$2075' with positive edge clock.
Creating register for signal `\ga2_st.\dst' using process `\ga2_st.$proc$rtl/ga2_vec.v:10$111'.
  created $dff cell `$procdff$2076' with positive edge clock.
Creating register for signal `\ga2_st.\len' using process `\ga2_st.$proc$rtl/ga2_vec.v:10$111'.
  created $dff cell `$procdff$2077' with positive edge clock.
Creating register for signal `\ga2_st.\busy' using process `\ga2_st.$proc$rtl/ga2_vec.v:10$111'.
  created $dff cell `$procdff$2078' with positive edge clock.
Creating register for signal `\ga2_st.\done' using process `\ga2_st.$proc$rtl/ga2_vec.v:10$111'.
  created $dff cell `$procdff$2079' with positive edge clock.
Creating register for signal `\ga2_st.\i' using process `\ga2_st.$proc$rtl/ga2_vec.v:10$111'.
  created $dff cell `$procdff$2080' with positive edge clock.
Creating register for signal `\ga2_st.\j' using process `\ga2_st.$proc$rtl/ga2_vec.v:10$111'.
  created $dff cell `$procdff$2081' with positive edge clock.
Creating register for signal `\ga2_st.\v' using process `\ga2_st.$proc$rtl/ga2_vec.v:10$111'.
  created $dff cell `$procdff$2082' with positive edge clock.
Creating register for signal `$paramod$798ab7f300aed7f08fdd05e85574ff3c54fd2634\dma.\busy' using process `$paramod$798ab7f300aed7f08fdd05e85574ff3c54fd2634\dma.$proc$rtl/dma.v:13$582'.
  created $dff cell `$procdff$2083' with positive edge clock.
Creating register for signal `$paramod$798ab7f300aed7f08fdd05e85574ff3c54fd2634\dma.\done' using process `$paramod$798ab7f300aed7f08fdd05e85574ff3c54fd2634\dma.$proc$rtl/dma.v:13$582'.
  created $dff cell `$procdff$2084' with positive edge clock.
Creating register for signal `$paramod$798ab7f300aed7f08fdd05e85574ff3c54fd2634\dma.\src_r' using process `$paramod$798ab7f300aed7f08fdd05e85574ff3c54fd2634\dma.$proc$rtl/dma.v:13$582'.
  created $dff cell `$procdff$2085' with positive edge clock.
Creating register for signal `$paramod$798ab7f300aed7f08fdd05e85574ff3c54fd2634\dma.\dst_r' using process `$paramod$798ab7f300aed7f08fdd05e85574ff3c54fd2634\dma.$proc$rtl/dma.v:13$582'.
  created $dff cell `$procdff$2086' with positive edge clock.
Creating register for signal `$paramod$798ab7f300aed7f08fdd05e85574ff3c54fd2634\dma.\len_r' using process `$paramod$798ab7f300aed7f08fdd05e85574ff3c54fd2634\dma.$proc$rtl/dma.v:13$582'.
  created $dff cell `$procdff$2087' with positive edge clock.
Creating register for signal `$paramod$798ab7f300aed7f08fdd05e85574ff3c54fd2634\dma.\issued' using process `$paramod$798ab7f300aed7f08fdd05e85574ff3c54fd2634\dma.$proc$rtl/dma.v:13$582'.
  created $dff cell `$procdff$2088' with positive edge clock.
Creating register for signal `$paramod$798ab7f300aed7f08fdd05e85574ff3c54fd2634\dma.\recvd' using process `$paramod$798ab7f300aed7f08fdd05e85574ff3c54fd2634\dma.$proc$rtl/dma.v:13$582'.
  created $dff cell `$procdff$2089' with positive edge clock.
Creating register for signal `\pe.\a_out' using process `\pe.$proc$rtl/systolic.v:6$15'.
  created $dff cell `$procdff$2090' with positive edge clock.
Creating register for signal `\pe.\b_out' using process `\pe.$proc$rtl/systolic.v:6$15'.
  created $dff cell `$procdff$2091' with positive edge clock.
Creating register for signal `\pe.\acc' using process `\pe.$proc$rtl/systolic.v:6$15'.
  created $dff cell `$procdff$2092' with positive edge clock.
Creating register for signal `$paramod\divu\W=s32'00000000000000000000000000101000.\busy' using process `$paramod\divu\W=s32'00000000000000000000000000101000.$proc$rtl/divu.v:11$507'.
  created $dff cell `$procdff$2093' with positive edge clock.
Creating register for signal `$paramod\divu\W=s32'00000000000000000000000000101000.\done' using process `$paramod\divu\W=s32'00000000000000000000000000101000.$proc$rtl/divu.v:11$507'.
  created $dff cell `$procdff$2094' with positive edge clock.
Creating register for signal `$paramod\divu\W=s32'00000000000000000000000000101000.\q' using process `$paramod\divu\W=s32'00000000000000000000000000101000.$proc$rtl/divu.v:11$507'.
  created $dff cell `$procdff$2095' with positive edge clock.
Creating register for signal `$paramod\divu\W=s32'00000000000000000000000000101000.\quot' using process `$paramod\divu\W=s32'00000000000000000000000000101000.$proc$rtl/divu.v:11$507'.
  created $dff cell `$procdff$2096' with positive edge clock.
Creating register for signal `$paramod\divu\W=s32'00000000000000000000000000101000.\rem' using process `$paramod\divu\W=s32'00000000000000000000000000101000.$proc$rtl/divu.v:11$507'.
  created $dff cell `$procdff$2097' with positive edge clock.
Creating register for signal `$paramod\divu\W=s32'00000000000000000000000000101000.\n_r' using process `$paramod\divu\W=s32'00000000000000000000000000101000.$proc$rtl/divu.v:11$507'.
  created $dff cell `$procdff$2098' with positive edge clock.
Creating register for signal `$paramod\divu\W=s32'00000000000000000000000000101000.\d_r' using process `$paramod\divu\W=s32'00000000000000000000000000101000.$proc$rtl/divu.v:11$507'.
  created $dff cell `$procdff$2099' with positive edge clock.
Creating register for signal `$paramod\divu\W=s32'00000000000000000000000000101000.\r' using process `$paramod\divu\W=s32'00000000000000000000000000101000.$proc$rtl/divu.v:11$507'.
  created $dff cell `$procdff$2100' with positive edge clock.
Creating register for signal `$paramod\divu\W=s32'00000000000000000000000000101000.\cnt' using process `$paramod\divu\W=s32'00000000000000000000000000101000.$proc$rtl/divu.v:11$507'.
  created $dff cell `$procdff$2101' with positive edge clock.

13.2.10. Executing PROC_MEMWR pass (convert process memory writes to cells).

13.2.11. Executing PROC_CLEAN pass (remove empty switches from decision trees).
Found and cleaned up 7 empty switches in `\ga2.$proc$rtl/ga2.v:42$490'.
Removing empty process `ga2.$proc$rtl/ga2.v:42$490'.
Removing empty process `ga2_mm.$proc$rtl/ga2_mm.v:0$397'.
Found and cleaned up 15 empty switches in `\ga2_mm.$proc$rtl/ga2_mm.v:36$322'.
Removing empty process `ga2_mm.$proc$rtl/ga2_mm.v:36$322'.
Found and cleaned up 12 empty switches in `\ga2_mm.$proc$rtl/ga2_mm.v:23$254'.
Removing empty process `ga2_mm.$proc$rtl/ga2_mm.v:23$254'.
Found and cleaned up 12 empty switches in `\ga2_sm.$proc$rtl/ga2_sm.v:16$198'.
Removing empty process `ga2_sm.$proc$rtl/ga2_sm.v:16$198'.
Found and cleaned up 6 empty switches in `\ga2_unp.$proc$rtl/ga2_vec.v:88$174'.
Removing empty process `ga2_unp.$proc$rtl/ga2_vec.v:88$174'.
Found and cleaned up 8 empty switches in `\ga2_amax.$proc$rtl/ga2_vec.v:63$154'.
Removing empty process `ga2_amax.$proc$rtl/ga2_vec.v:63$154'.
Found and cleaned up 7 empty switches in `\ga2_vadd.$proc$rtl/ga2_vec.v:46$141'.
Removing empty process `ga2_vadd.$proc$rtl/ga2_vec.v:46$141'.
Found and cleaned up 6 empty switches in `\ga2_rq.$proc$rtl/ga2_vec.v:27$122'.
Removing empty process `ga2_rq.$proc$rtl/ga2_vec.v:27$122'.
Found and cleaned up 6 empty switches in `\ga2_st.$proc$rtl/ga2_vec.v:10$111'.
Removing empty process `ga2_st.$proc$rtl/ga2_vec.v:10$111'.
Found and cleaned up 6 empty switches in `$paramod$798ab7f300aed7f08fdd05e85574ff3c54fd2634\dma.$proc$rtl/dma.v:13$582'.
Removing empty process `$paramod$798ab7f300aed7f08fdd05e85574ff3c54fd2634\dma.$proc$rtl/dma.v:13$582'.
Found and cleaned up 1 empty switch in `\exp_lut.$proc$rtl/exp_lut.v:4$99'.
Removing empty process `exp_lut.$proc$rtl/exp_lut.v:4$99'.
Removing empty process `$paramod\systolic\N=s32'00000000000000000000000000000100.$proc$rtl/systolic.v:0$577'.
Found and cleaned up 1 empty switch in `\pe.$proc$rtl/systolic.v:6$15'.
Removing empty process `pe.$proc$rtl/systolic.v:6$15'.
Found and cleaned up 4 empty switches in `$paramod\divu\W=s32'00000000000000000000000000101000.$proc$rtl/divu.v:11$507'.
Removing empty process `$paramod\divu\W=s32'00000000000000000000000000101000.$proc$rtl/divu.v:11$507'.
Cleaned up 91 empty switches.

13.2.12. Executing OPT_EXPR pass (perform const folding).
Optimizing module ga2.
<suppressed ~9 debug messages>
Optimizing module ga2_mm.
<suppressed ~2 debug messages>
Optimizing module ga2_sm.
<suppressed ~10 debug messages>
Optimizing module ga2_unp.
<suppressed ~1 debug messages>
Optimizing module ga2_amax.
<suppressed ~1 debug messages>
Optimizing module ga2_vadd.
Optimizing module ga2_rq.
Optimizing module ga2_st.
Optimizing module $paramod$798ab7f300aed7f08fdd05e85574ff3c54fd2634\dma.
Optimizing module exp_lut.
Optimizing module requant.
<suppressed ~1 debug messages>
Optimizing module $paramod\systolic\N=s32'00000000000000000000000000000100.
Optimizing module pe.
Optimizing module $paramod\divu\W=s32'00000000000000000000000000101000.
<suppressed ~1 debug messages>

13.3. Executing FLATTEN pass (flatten design).
Deleting now unused module ga2_mm.
Deleting now unused module ga2_sm.
Deleting now unused module ga2_unp.
Deleting now unused module ga2_amax.
Deleting now unused module ga2_vadd.
Deleting now unused module ga2_rq.
Deleting now unused module ga2_st.
Deleting now unused module $paramod$798ab7f300aed7f08fdd05e85574ff3c54fd2634\dma.
Deleting now unused module exp_lut.
Deleting now unused module requant.
Deleting now unused module $paramod\systolic\N=s32'00000000000000000000000000000100.
Deleting now unused module pe.
Deleting now unused module $paramod\divu\W=s32'00000000000000000000000000101000.
<suppressed ~28 debug messages>

13.4. Executing OPT_EXPR pass (perform const folding).
Optimizing module ga2.
<suppressed ~12 debug messages>

13.5. Executing OPT_CLEAN pass (remove unused cells and wires).
Finding unused cells or wires in module \ga2..
Removed 24 unused cells and 941 unused wires.
<suppressed ~34 debug messages>

13.6. Executing CHECK pass (checking for obvious problems).
Checking module ga2...
Found and reported 0 problems.

13.7. Executing OPT pass (performing simple optimizations).

13.7.1. Executing OPT_EXPR pass (perform const folding).
Optimizing module ga2.

13.7.2. Executing OPT_MERGE pass (detect identical cells).
Finding identical cells in module `\ga2'.
<suppressed ~540 debug messages>
Removed a total of 180 cells.

13.7.3. Executing OPT_MUXTREE pass (detect dead branches in mux trees).
Running muxtree optimizer on module \ga2..
  Creating internal representation of mux trees.
  Evaluating internal representation of mux trees.
      Replacing known input bits on port A of cell $flatten\u_mm.$procmux$1051: \u_mm.busy -> 1'0
      Replacing known input bits on port A of cell $flatten\u_mm.$procmux$1049: \u_mm.busy -> 1'1
      Replacing known input bits on port A of cell $flatten\u_mm.$procmux$820: \u_mm.iss -> 1'0
      Replacing known input bits on port A of cell $flatten\u_mm.$procmux$818: \u_mm.iss -> 1'1
      Replacing known input bits on port A of cell $flatten\u_mm.$procmux$816: \u_mm.iss -> 1'1
      Replacing known input bits on port A of cell $flatten\u_mm.$procmux$829: \u_mm.iss -> 1'0
      Replacing known input bits on port A of cell $flatten\u_mm.$procmux$827: \u_mm.iss -> 1'1
      Replacing known input bits on port A of cell $flatten\u_mm.$procmux$825: \u_mm.iss -> 1'1
      Replacing known input bits on port A of cell $flatten\u_am.$procmux$1461: \u_am.fin -> 1'0
      Replacing known input bits on port A of cell $flatten\u_am.$procmux$1459: \u_am.fin -> 1'0
      Replacing known input bits on port A of cell $flatten\u_rq.$procmux$1734: \u_rq.busy -> 1'0
      Replacing known input bits on port A of cell $flatten\u_rq.$procmux$1732: \u_rq.busy -> 1'1
      Replacing known input bits on port A of cell $flatten\u_rq.$procmux$1730: \u_rq.busy -> 1'1
      Replacing known input bits on port A of cell $flatten\u_rq.\rqu.$ternary$rtl/requant.v:7$85: \u_am.rd -> { 1'0 \u_am.rd [30:0] }
      Replacing known input bits on port A of cell $flatten\u_am.$procmux$1544: \u_am.busy -> 1'0
      Replacing known input bits on port A of cell $flatten\u_am.$procmux$1542: \u_am.busy -> 1'1
      Replacing known input bits on port A of cell $flatten\u_sm.$procmux$1320: \u_sm.busy -> 1'0
      Replacing known input bits on port A of cell $flatten\u_sm.$procmux$1318: \u_sm.busy -> 1'1
      Replacing known input bits on port A of cell $flatten\u_sm.$procmux$1316: \u_sm.busy -> 1'1
      Replacing known input bits on port A of cell $flatten\u_sm.$procmux$1314: \u_sm.busy -> 1'1
      Replacing known input bits on port B of cell $flatten\u_sm.$procmux$1312: \u_sm.busy -> 1'1
      Replacing known input bits on port B of cell $flatten\u_sm.$procmux$1309: \u_sm.busy -> 1'1
      Replacing known input bits on port A of cell $flatten\u_sm.\div.$procmux$1976: \u_sm.div.busy -> 1'0
      Replacing known input bits on port A of cell $flatten\u_sm.\div.$procmux$1974: \u_sm.div.busy -> 1'1
      Replacing known input bits on port A of cell $flatten\u_st.$procmux$1808: \u_st.busy -> 1'0
      Replacing known input bits on port A of cell $flatten\u_st.$procmux$1806: \u_st.busy -> 1'1
      Replacing known input bits on port A of cell $flatten\u_st.$procmux$1804: \u_st.busy -> 1'1
      Replacing known input bits on port A of cell $flatten\u_un.$procmux$1422: \u_un.busy -> 1'0
      Replacing known input bits on port A of cell $flatten\u_un.$procmux$1420: \u_un.busy -> 1'1
      Replacing known input bits on port A of cell $flatten\u_un.$procmux$1418: \u_un.busy -> 1'1
      Replacing known input bits on port A of cell $flatten\u_un.$procmux$1416: \u_un.busy -> 1'1
      Replacing known input bits on port A of cell $flatten\u_va.$procmux$1648: \u_va.busy -> 1'0
      Replacing known input bits on port A of cell $flatten\u_va.$procmux$1646: \u_va.busy -> 1'1
      Replacing known input bits on port A of cell $flatten\u_va.$procmux$1644: \u_va.busy -> 1'1
      Replacing known input bits on port A of cell $flatten\u_ld.$procmux$1888: \u_ld.busy -> 1'0
      Replacing known input bits on port A of cell $flatten\u_ld.$procmux$1886: \u_ld.busy -> 1'1
      Replacing known input bits on port A of cell $flatten\u_ld.$procmux$1884: \u_ld.busy -> 1'1
  Analyzing evaluation results.
    dead port 2/2 on $mux $flatten\u_mm.$procmux$1087.
    dead port 2/2 on $mux $flatten\u_mm.$procmux$1093.
    dead port 2/2 on $mux $flatten\u_mm.$procmux$1105.
    dead port 2/2 on $mux $flatten\u_mm.$procmux$1111.
    dead port 2/2 on $mux $flatten\u_mm.$procmux$1123.
    dead port 2/2 on $mux $flatten\u_mm.$procmux$1129.
    dead port 2/2 on $mux $flatten\u_mm.$procmux$1141.
    dead port 2/2 on $mux $flatten\u_mm.$procmux$1147.
Removed 8 multiplexer ports.
<suppressed ~173 debug messages>

13.7.4. Executing OPT_REDUCE pass (consolidate $*mux and $reduce_* inputs).
  Optimizing cells in module \ga2.
    New ctrl vector for $pmux cell $flatten\u_mm.$procmux$1015: $auto$opt_reduce.cc:134:opt_pmux$2103
    New ctrl vector for $pmux cell $flatten\u_mm.$procmux$771: $auto$opt_reduce.cc:134:opt_pmux$2105
    New ctrl vector for $pmux cell $procmux$666: { $procmux$613_CMP $auto$opt_reduce.cc:134:opt_pmux$2107 }
  Optimizing cells in module \ga2.
Performed a total of 3 changes.

13.7.5. Executing OPT_MERGE pass (detect identical cells).
Finding identical cells in module `\ga2'.
<suppressed ~12 debug messages>
Removed a total of 4 cells.

13.7.6. Executing OPT_DFF pass (perform DFF optimizations).

13.7.7. Executing OPT_CLEAN pass (remove unused cells and wires).
Finding unused cells or wires in module \ga2..
Removed 0 unused cells and 189 unused wires.
<suppressed ~17 debug messages>

13.7.8. Executing OPT_EXPR pass (perform const folding).
Optimizing module ga2.

13.7.9. Rerunning OPT passes. (Maybe there is more to do..)

13.7.10. Executing OPT_MUXTREE pass (detect dead branches in mux trees).
Running muxtree optimizer on module \ga2..
  Creating internal representation of mux trees.
  Evaluating internal representation of mux trees.
  Analyzing evaluation results.
Removed 0 multiplexer ports.
<suppressed ~173 debug messages>

13.7.11. Executing OPT_REDUCE pass (consolidate $*mux and $reduce_* inputs).
  Optimizing cells in module \ga2.
Performed a total of 0 changes.

13.7.12. Executing OPT_MERGE pass (detect identical cells).
Finding identical cells in module `\ga2'.
Removed a total of 0 cells.

13.7.13. Executing OPT_DFF pass (perform DFF optimizations).

13.7.14. Executing OPT_CLEAN pass (remove unused cells and wires).
Finding unused cells or wires in module \ga2..

13.7.15. Executing OPT_EXPR pass (perform const folding).
Optimizing module ga2.

13.7.16. Finished OPT passes. (There is nothing left to do.)

13.8. Executing FSM pass (extract and optimize FSM).

13.8.1. Executing FSM_DETECT pass (finding FSMs in design).
Found FSM state register ga2.st.
Found FSM state register ga2.u_mm.st.
Found FSM state register ga2.u_sm.st.
Found FSM state register ga2.u_un.st.

13.8.2. Executing FSM_EXTRACT pass (extracting FSM from design).
Extracting FSM `\st' from module `\ga2'.
  found $dff cell for state register: $procdff$1985
  root of input selection tree: $0\st[2:0]
  found reset state: 3'000 (guessed from mux tree)
  found ctrl input: \rst
  found ctrl input: $procmux$599_CMP
  found ctrl input: \go
  found ctrl input: $procmux$669_CMP
  found ctrl input: $procmux$613_CMP
  found ctrl input: \unit_done
  found state code: 3'001
  found ctrl input: $eq$rtl/ga2.v:49$493_Y
  found state code: 3'011
  found state code: 3'100
  found state code: 3'010
  found ctrl input: \start
  found state code: 3'000
  found ctrl output: $procmux$599_CMP
  found ctrl output: $procmux$613_CMP
  found ctrl output: $procmux$669_CMP
  found ctrl output: \go
  ctrl inputs: { $eq$rtl/ga2.v:49$493_Y \unit_done \start \rst }
  ctrl outputs: { \go $0\st[2:0] $procmux$669_CMP $procmux$613_CMP $procmux$599_CMP }
  transition:      3'000 4'--00 ->      3'000 7'0000010
  transition:      3'000 4'--10 ->      3'001 7'0001010
  transition:      3'000 4'---1 ->      3'000 7'0000010
  transition:      3'100 4'---0 ->      3'100 7'0100000
  transition:      3'100 4'---1 ->      3'000 7'0000000
  transition:      3'010 4'0--0 ->      3'011 7'1011000
  transition:      3'010 4'1--0 ->      3'100 7'1100000
  transition:      3'010 4'---1 ->      3'000 7'1000000
  transition:      3'001 4'---0 ->      3'010 7'0010100
  transition:      3'001 4'---1 ->      3'000 7'0000100
  transition:      3'011 4'-0-0 ->      3'011 7'0011001
  transition:      3'011 4'-1-0 ->      3'001 7'0001001
  transition:      3'011 4'---1 ->      3'000 7'0000001
Extracting FSM `\u_mm.st' from module `\ga2'.
  found $dff cell for state register: $flatten\u_mm.$procdff$2002
  root of input selection tree: $flatten\u_mm.$0\st[2:0]
  found reset state: 3'000 (guessed from mux tree)
  found ctrl input: \rst
  found ctrl input: $flatten\u_mm.$logic_and$rtl/ga2_mm.v:39$324_Y
  found ctrl input: \u_mm.busy
  found ctrl input: $flatten\u_mm.$procmux$1050_CMP
  found ctrl input: \mm_we
  found ctrl input: $flatten\u_mm.$eq$rtl/ga2_mm.v:27$257_Y
  found ctrl input: \u_mm.arr.clr
  found ctrl input: $flatten\u_mm.$eq$rtl/ga2_mm.v:17$369_Y
  found ctrl input: $flatten\u_mm.$eq$rtl/ga2_mm.v:16$365_Y
  found state code: 3'000
  found ctrl input: $flatten\u_mm.$eq$rtl/ga2_mm.v:56$338_Y
  found ctrl input: $flatten\u_mm.$eq$rtl/ga2_mm.v:48$331_Y
  found state code: 3'110
  found ctrl input: $flatten\u_mm.$eq$rtl/ga2_mm.v:64$355_Y
  found state code: 3'101
  found state code: 3'100
  found ctrl input: $flatten\u_mm.$logic_and$rtl/ga2_mm.v:51$336_Y
  found state code: 3'011
  found state code: 3'010
  found state code: 3'001
  found ctrl output: $flatten\u_mm.$procmux$1050_CMP
  found ctrl output: $flatten\u_mm.$eq$rtl/ga2_mm.v:17$369_Y
  found ctrl output: $flatten\u_mm.$eq$rtl/ga2_mm.v:16$365_Y
  found ctrl output: \mm_we
  found ctrl output: $flatten\u_mm.$eq$rtl/ga2_mm.v:27$257_Y
  found ctrl output: \u_mm.arr.clr
  ctrl inputs: { \u_mm.busy $flatten\u_mm.$logic_and$rtl/ga2_mm.v:39$324_Y $flatten\u_mm.$eq$rtl/ga2_mm.v:48$331_Y $flatten\u_mm.$logic_and$rtl/ga2_mm.v:51$336_Y $flatten\u_mm.$eq$rtl/ga2_mm.v:56$338_Y $flatten\u_mm.$eq$rtl/ga2_mm.v:64$355_Y \rst }
  ctrl outputs: { $flatten\u_mm.$eq$rtl/ga2_mm.v:27$257_Y $flatten\u_mm.$0\st[2:0] $flatten\u_mm.$eq$rtl/ga2_mm.v:16$365_Y $flatten\u_mm.$eq$rtl/ga2_mm.v:17$369_Y $flatten\u_mm.$procmux$1050_CMP \u_mm.arr.clr \mm_we }
  transition:      3'000 7'00----0 ->      3'000 9'000000000
  transition:      3'000 7'10----0 ->      3'000 9'000000000
  transition:      3'000 7'-1----0 ->      3'001 9'000100000
  transition:      3'000 7'------1 ->      3'000 9'000000000
  transition:      3'100 7'00----0 ->      3'100 9'110000000
  transition:      3'100 7'10---00 ->      3'100 9'110000000
  transition:      3'100 7'10---10 ->      3'101 9'110100000
  transition:      3'100 7'-1----0 ->      3'001 9'100100000
  transition:      3'100 7'------1 ->      3'000 9'100000000
  transition:      3'010 7'00----0 ->      3'010 9'001001000
  transition:      3'010 7'10-0--0 ->      3'010 9'001001000
  transition:      3'010 7'10-1--0 ->      3'011 9'001101000
  transition:      3'010 7'-1----0 ->      3'001 9'000101000
  transition:      3'010 7'------1 ->      3'000 9'000001000
  transition:      3'110 7'00----0 ->      3'110 9'011000100
  transition:      3'110 7'10----0 ->      3'000 9'000000100
  transition:      3'110 7'-1----0 ->      3'001 9'000100100
  transition:      3'110 7'------1 ->      3'000 9'000000100
  transition:      3'001 7'00----0 ->      3'001 9'000110000
  transition:      3'001 7'10-0--0 ->      3'001 9'000110000
  transition:      3'001 7'10-1--0 ->      3'010 9'001010000
  transition:      3'001 7'-1----0 ->      3'001 9'000110000
  transition:      3'001 7'------1 ->      3'000 9'000010000
  transition:      3'101 7'00----0 ->      3'101 9'010100001
  transition:      3'101 7'10--0-0 ->      3'101 9'010100001
  transition:      3'101 7'100-1-0 ->      3'101 9'010100001
  transition:      3'101 7'101-1-0 ->      3'110 9'011000001
  transition:      3'101 7'-1----0 ->      3'001 9'000100001
  transition:      3'101 7'------1 ->      3'000 9'000000001
  transition:      3'011 7'00----0 ->      3'011 9'001100010
  transition:      3'011 7'10----0 ->      3'100 9'010000010
  transition:      3'011 7'-1----0 ->      3'001 9'000100010
  transition:      3'011 7'------1 ->      3'000 9'000000010
Extracting FSM `\u_sm.st' from module `\ga2'.
  found $dff cell for state register: $flatten\u_sm.$procdff$2031
  root of input selection tree: $flatten\u_sm.$0\st[2:0]
  found ctrl input: \rst
  found ctrl input: $flatten\u_sm.$logic_and$rtl/ga2_sm.v:19$200_Y
  found ctrl input: \u_sm.busy
  found ctrl input: $flatten\u_sm.$procmux$1191_CMP
  found ctrl input: $flatten\u_sm.$procmux$1157_CMP
  found ctrl input: $flatten\u_sm.$procmux$1179_CTRL
  found ctrl input: \u_sm.div.done
  found state code: 3'100
  found state code: 3'011
  found ctrl input: \u_sm.v
  found ctrl input: \u_sm.last
  found ctrl input: $flatten\u_sm.$eq$rtl/ga2_sm.v:25$204_Y
  found ctrl input: $flatten\u_sm.$eq$rtl/ga2_sm.v:14$189_Y
  found state code: 3'010
  found state code: 3'001
  found state code: 3'000
  found ctrl output: $flatten\u_sm.$procmux$1191_CMP
  found ctrl output: $flatten\u_sm.$procmux$1157_CMP
  found ctrl output: $flatten\u_sm.$eq$rtl/ga2_sm.v:25$204_Y
  found ctrl output: $flatten\u_sm.$eq$rtl/ga2_sm.v:14$189_Y
  found ctrl output: $flatten\u_sm.$eq$rtl/ga2_sm.v:13$185_Y
  ctrl inputs: { \u_sm.busy \u_sm.v \u_sm.last $flatten\u_sm.$logic_and$rtl/ga2_sm.v:19$200_Y $flatten\u_sm.$procmux$1179_CTRL \u_sm.div.done \rst }
  ctrl outputs: { $flatten\u_sm.$eq$rtl/ga2_sm.v:13$185_Y $flatten\u_sm.$eq$rtl/ga2_sm.v:14$189_Y $flatten\u_sm.$0\st[2:0] $flatten\u_sm.$eq$rtl/ga2_sm.v:25$204_Y $flatten\u_sm.$procmux$1157_CMP $flatten\u_sm.$procmux$1191_CMP }
  transition:      3'000 7'0--0--0 ->      3'000 8'00000100
  transition:      3'000 7'10-0--0 ->      3'000 8'00000100
  transition:      3'000 7'1100--0 ->      3'000 8'00000100
  transition:      3'000 7'1110--0 ->      3'001 8'00001100
  transition:      3'000 7'---1--0 ->      3'000 8'00000100
  transition:      3'000 7'------1 ->      3'000 8'00000100
  transition:      3'100 7'0--0--0 ->      3'100 8'10100000
  transition:      3'100 7'10-0--0 ->      3'100 8'10100000
  transition:      3'100 7'1100--0 ->      3'100 8'10100000
  transition:      3'100 7'1110--0 ->      3'100 8'10100000
  transition:      3'100 7'---1--0 ->      3'000 8'10000000
  transition:      3'100 7'------1 ->      3'100 8'10100000
  transition:      3'010 7'0--0--0 ->      3'010 8'00010010
  transition:      3'010 7'1--0--0 ->      3'011 8'00011010
  transition:      3'010 7'---1--0 ->      3'000 8'00000010
  transition:      3'010 7'------1 ->      3'010 8'00010010
  transition:      3'001 7'0--0--0 ->      3'001 8'01001000
  transition:      3'001 7'10-0--0 ->      3'001 8'01001000
  transition:      3'001 7'1100--0 ->      3'001 8'01001000
  transition:      3'001 7'1110--0 ->      3'010 8'01010000
  transition:      3'001 7'---1--0 ->      3'000 8'01000000
  transition:      3'001 7'------1 ->      3'001 8'01001000
  transition:      3'011 7'0--0--0 ->      3'011 8'00011001
  transition:      3'011 7'1--0-00 ->      3'011 8'00011001
  transition:      3'011 7'1--0-10 ->      3'100 8'00100001
  transition:      3'011 7'---1--0 ->      3'000 8'00000001
  transition:      3'011 7'------1 ->      3'011 8'00011001
Extracting FSM `\u_un.st' from module `\ga2'.
  found $dff cell for state register: $flatten\u_un.$procdff$2040
  root of input selection tree: $flatten\u_un.$0\st[1:0]
  found reset state: 2'00 (guessed from mux tree)
  found ctrl input: \rst
  found ctrl input: $flatten\u_un.$logic_and$rtl/ga2_vec.v:91$176_Y
  found ctrl input: \u_un.busy
  found ctrl input: $flatten\u_un.$eq$rtl/ga2_vec.v:86$167_Y
  found ctrl input: $flatten\u_un.$procmux$1363_CMP
  found ctrl input: $flatten\u_un.$procmux$1380_CMP
  found ctrl input: $flatten\u_un.$eq$rtl/ga2_vec.v:97$178_Y
  found ctrl input: $flatten\u_un.$eq$rtl/ga2_vec.v:98$180_Y
  found state code: 2'00
  found state code: 2'10
  found state code: 2'01
  found ctrl output: $flatten\u_un.$procmux$1380_CMP
  found ctrl output: $flatten\u_un.$procmux$1363_CMP
  found ctrl output: $flatten\u_un.$eq$rtl/ga2_vec.v:86$167_Y
  ctrl inputs: { \u_un.busy $flatten\u_un.$logic_and$rtl/ga2_vec.v:91$176_Y $flatten\u_un.$eq$rtl/ga2_vec.v:97$178_Y $flatten\u_un.$eq$rtl/ga2_vec.v:98$180_Y \rst }
  ctrl outputs: { $flatten\u_un.$eq$rtl/ga2_vec.v:86$167_Y $flatten\u_un.$0\st[1:0] $flatten\u_un.$procmux$1363_CMP $flatten\u_un.$procmux$1380_CMP }
  transition:       2'00 5'00--0 ->       2'00 5'00001
  transition:       2'00 5'10--0 ->       2'01 5'00101
  transition:       2'00 5'-1--0 ->       2'00 5'00001
  transition:       2'00 5'----1 ->       2'00 5'00001
  transition:       2'10 5'00--0 ->       2'10 5'11000
  transition:       2'10 5'100-0 ->       2'10 5'11000
  transition:       2'10 5'10100 ->       2'00 5'10000
  transition:       2'10 5'10110 ->       2'10 5'11000
  transition:       2'10 5'-1--0 ->       2'00 5'10000
  transition:       2'10 5'----1 ->       2'00 5'10000
  transition:       2'01 5'00--0 ->       2'01 5'00110
  transition:       2'01 5'10--0 ->       2'10 5'01010
  transition:       2'01 5'-1--0 ->       2'00 5'00010
  transition:       2'01 5'----1 ->       2'00 5'00010

13.8.3. Executing FSM_OPT pass (simple optimizations of FSMs).
Optimizing FSM `$fsm$\u_un.st$2129' from module `\ga2'.
Optimizing FSM `$fsm$\u_sm.st$2122' from module `\ga2'.
  Merging pattern 7'1100--0 and 7'1110--0 from group (1 1 8'10100000).
  Merging pattern 7'1110--0 and 7'1100--0 from group (1 1 8'10100000).
  Merging pattern 7'10-0--0 and 7'11-0--0 from group (1 1 8'10100000).
  Merging pattern 7'11-0--0 and 7'10-0--0 from group (1 1 8'10100000).
  Merging pattern 7'0--0--0 and 7'1--0--0 from group (1 1 8'10100000).
  Merging pattern 7'1--0--0 and 7'0--0--0 from group (1 1 8'10100000).
  Removing unused input signal $flatten\u_sm.$procmux$1179_CTRL.
Optimizing FSM `$fsm$\u_mm.st$2114' from module `\ga2'.
  Merging pattern 7'00----0 and 7'10----0 from group (0 0 9'000000000).
  Merging pattern 7'10----0 and 7'00----0 from group (0 0 9'000000000).
Optimizing FSM `$fsm$\st$2108' from module `\ga2'.

13.8.4. Executing OPT_CLEAN pass (remove unused cells and wires).
Finding unused cells or wires in module \ga2..
Removed 51 unused cells and 51 unused wires.
<suppressed ~52 debug messages>

13.8.5. Executing FSM_OPT pass (simple optimizations of FSMs).
Optimizing FSM `$fsm$\st$2108' from module `\ga2'.
  Removing unused output signal $0\st[2:0] [0].
  Removing unused output signal $0\st[2:0] [1].
  Removing unused output signal $0\st[2:0] [2].
Optimizing FSM `$fsm$\u_mm.st$2114' from module `\ga2'.
  Removing unused output signal $flatten\u_mm.$0\st[2:0] [0].
  Removing unused output signal $flatten\u_mm.$0\st[2:0] [1].
  Removing unused output signal $flatten\u_mm.$0\st[2:0] [2].
Optimizing FSM `$fsm$\u_sm.st$2122' from module `\ga2'.
  Removing unused output signal $flatten\u_sm.$0\st[2:0] [0].
  Removing unused output signal $flatten\u_sm.$0\st[2:0] [1].
  Removing unused output signal $flatten\u_sm.$0\st[2:0] [2].
Optimizing FSM `$fsm$\u_un.st$2129' from module `\ga2'.
  Removing unused output signal $flatten\u_un.$procmux$1380_CMP.
  Removing unused output signal $flatten\u_un.$0\st[1:0] [0].
  Removing unused output signal $flatten\u_un.$0\st[1:0] [1].

13.8.6. Executing FSM_RECODE pass (re-assigning FSM state encoding).
Recoding FSM `$fsm$\st$2108' from module `\ga2' using `auto' encoding:
  mapping auto encoding to `one-hot` for this FSM.
  000 -> ----1
  100 -> ---1-
  010 -> --1--
  001 -> -1---
  011 -> 1----
Recoding FSM `$fsm$\u_mm.st$2114' from module `\ga2' using `auto' encoding:
  mapping auto encoding to `one-hot` for this FSM.
  000 -> ------1
  100 -> -----1-
  010 -> ----1--
  110 -> ---1---
  001 -> --1----
  101 -> -1-----
  011 -> 1------
Recoding FSM `$fsm$\u_sm.st$2122' from module `\ga2' using `auto' encoding:
  mapping auto encoding to `one-hot` for this FSM.
  000 -> ----1
  100 -> ---1-
  010 -> --1--
  001 -> -1---
  011 -> 1----
Recoding FSM `$fsm$\u_un.st$2129' from module `\ga2' using `auto' encoding:
  mapping auto encoding to `one-hot` for this FSM.
  00 -> --1
  10 -> -1-
  01 -> 1--

13.8.7. Executing FSM_INFO pass (dumping all available information on FSM cells).

FSM `$fsm$\st$2108' from module `ga2':
-------------------------------------

  Information on FSM $fsm$\st$2108 (\st):

  Number of input signals:    4
  Number of output signals:   4
  Number of state bits:       5

  Input signals:
    0: \rst
    1: \start
    2: \unit_done
    3: $eq$rtl/ga2.v:49$493_Y

  Output signals:
    0: $procmux$599_CMP
    1: $procmux$613_CMP
    2: $procmux$669_CMP
    3: \go

  State encoding:
    0:    5'----1  <RESET STATE>
    1:    5'---1-
    2:    5'--1--
    3:    5'-1---
    4:    5'1----

  Transition Table (state_in, ctrl_in, state_out, ctrl_out):
      0:     0 4'--00   ->     0 4'0010
      1:     0 4'---1   ->     0 4'0010
      2:     0 4'--10   ->     3 4'0010
      3:     1 4'---1   ->     0 4'0000
      4:     1 4'---0   ->     1 4'0000
      5:     2 4'---1   ->     0 4'1000
      6:     2 4'1--0   ->     1 4'1000
      7:     2 4'0--0   ->     4 4'1000
      8:     3 4'---1   ->     0 4'0100
      9:     3 4'---0   ->     2 4'0100
     10:     4 4'---1   ->     0 4'0001
     11:     4 4'-1-0   ->     3 4'0001
     12:     4 4'-0-0   ->     4 4'0001

-------------------------------------

FSM `$fsm$\u_mm.st$2114' from module `ga2':
-------------------------------------

  Information on FSM $fsm$\u_mm.st$2114 (\u_mm.st):

  Number of input signals:    7
  Number of output signals:   6
  Number of state bits:       7

  Input signals:
    0: \rst
    1: $flatten\u_mm.$eq$rtl/ga2_mm.v:64$355_Y
    2: $flatten\u_mm.$eq$rtl/ga2_mm.v:56$338_Y
    3: $flatten\u_mm.$logic_and$rtl/ga2_mm.v:51$336_Y
    4: $flatten\u_mm.$eq$rtl/ga2_mm.v:48$331_Y
    5: $flatten\u_mm.$logic_and$rtl/ga2_mm.v:39$324_Y
    6: \u_mm.busy

  Output signals:
    0: \mm_we
    1: \u_mm.arr.clr
    2: $flatten\u_mm.$procmux$1050_CMP
    3: $flatten\u_mm.$eq$rtl/ga2_mm.v:17$369_Y
    4: $flatten\u_mm.$eq$rtl/ga2_mm.v:16$365_Y
    5: $flatten\u_mm.$eq$rtl/ga2_mm.v:27$257_Y

  State encoding:
    0:  7'------1  <RESET STATE>
    1:  7'-----1-
    2:  7'----1--
    3:  7'---1---
    4:  7'--1----
    5:  7'-1-----
    6:  7'1------

  Transition Table (state_in, ctrl_in, state_out, ctrl_out):
      0:     0 7'-0----0   ->     0 6'000000
      1:     0 7'------1   ->     0 6'000000
      2:     0 7'-1----0   ->     4 6'000000
      3:     1 7'------1   ->     0 6'100000
      4:     1 7'10---00   ->     1 6'100000
      5:     1 7'00----0   ->     1 6'100000
      6:     1 7'-1----0   ->     4 6'100000
      7:     1 7'10---10   ->     5 6'100000
      8:     2 7'------1   ->     0 6'001000
      9:     2 7'10-0--0   ->     2 6'001000
     10:     2 7'00----0   ->     2 6'001000
     11:     2 7'-1----0   ->     4 6'001000
     12:     2 7'10-1--0   ->     6 6'001000
     13:     3 7'10----0   ->     0 6'000100
     14:     3 7'------1   ->     0 6'000100
     15:     3 7'00----0   ->     3 6'000100
     16:     3 7'-1----0   ->     4 6'000100
     17:     4 7'------1   ->     0 6'010000
     18:     4 7'10-1--0   ->     2 6'010000
     19:     4 7'10-0--0   ->     4 6'010000
     20:     4 7'00----0   ->     4 6'010000
     21:     4 7'-1----0   ->     4 6'010000
     22:     5 7'------1   ->     0 6'000001
     23:     5 7'101-1-0   ->     3 6'000001
     24:     5 7'-1----0   ->     4 6'000001
     25:     5 7'10--0-0   ->     5 6'000001
     26:     5 7'100-1-0   ->     5 6'000001
     27:     5 7'00----0   ->     5 6'000001
     28:     6 7'------1   ->     0 6'000010
     29:     6 7'10----0   ->     1 6'000010
     30:     6 7'-1----0   ->     4 6'000010
     31:     6 7'00----0   ->     6 6'000010

-------------------------------------

FSM `$fsm$\u_sm.st$2122' from module `ga2':
-------------------------------------

  Information on FSM $fsm$\u_sm.st$2122 (\u_sm.st):

  Number of input signals:    6
  Number of output signals:   5
  Number of state bits:       5

  Input signals:
    0: \rst
    1: \u_sm.div.done
    2: $flatten\u_sm.$logic_and$rtl/ga2_sm.v:19$200_Y
    3: \u_sm.last
    4: \u_sm.v
    5: \u_sm.busy

  Output signals:
    0: $flatten\u_sm.$procmux$1191_CMP
    1: $flatten\u_sm.$procmux$1157_CMP
    2: $flatten\u_sm.$eq$rtl/ga2_sm.v:25$204_Y
    3: $flatten\u_sm.$eq$rtl/ga2_sm.v:14$189_Y
    4: $flatten\u_sm.$eq$rtl/ga2_sm.v:13$185_Y

  State encoding:
    0:    5'----1
    1:    5'---1-
    2:    5'--1--
    3:    5'-1---
    4:    5'1----

  Transition Table (state_in, ctrl_in, state_out, ctrl_out):
      0:     0 6'1100-0   ->     0 5'00100
      1:     0 6'10-0-0   ->     0 5'00100
      2:     0 6'0--0-0   ->     0 5'00100
      3:     0 6'---1-0   ->     0 5'00100
      4:     0 6'-----1   ->     0 5'00100
      5:     0 6'1110-0   ->     3 5'00100
      6:     1 6'---1-0   ->     0 5'10000
      7:     1 6'---0-0   ->     1 5'10000
      8:     1 6'-----1   ->     1 5'10000
      9:     2 6'---1-0   ->     0 5'00010
     10:     2 6'0--0-0   ->     2 5'00010
     11:     2 6'-----1   ->     2 5'00010
     12:     2 6'1--0-0   ->     4 5'00010
     13:     3 6'---1-0   ->     0 5'01000
     14:     3 6'1110-0   ->     2 5'01000
     15:     3 6'1100-0   ->     3 5'01000
     16:     3 6'10-0-0   ->     3 5'01000
     17:     3 6'0--0-0   ->     3 5'01000
     18:     3 6'-----1   ->     3 5'01000
     19:     4 6'---1-0   ->     0 5'00001
     20:     4 6'1--010   ->     1 5'00001
     21:     4 6'1--000   ->     4 5'00001
     22:     4 6'0--0-0   ->     4 5'00001
     23:     4 6'-----1   ->     4 5'00001

-------------------------------------

FSM `$fsm$\u_un.st$2129' from module `ga2':
-------------------------------------

  Information on FSM $fsm$\u_un.st$2129 (\u_un.st):

  Number of input signals:    5
  Number of output signals:   2
  Number of state bits:       3

  Input signals:
    0: \rst
    1: $flatten\u_un.$eq$rtl/ga2_vec.v:98$180_Y
    2: $flatten\u_un.$eq$rtl/ga2_vec.v:97$178_Y
    3: $flatten\u_un.$logic_and$rtl/ga2_vec.v:91$176_Y
    4: \u_un.busy

  Output signals:
    0: $flatten\u_un.$procmux$1363_CMP
    1: $flatten\u_un.$eq$rtl/ga2_vec.v:86$167_Y

  State encoding:
    0:      3'--1  <RESET STATE>
    1:      3'-1-
    2:      3'1--

  Transition Table (state_in, ctrl_in, state_out, ctrl_out):
      0:     0 5'00--0   ->     0 2'00
      1:     0 5'-1--0   ->     0 2'00
      2:     0 5'----1   ->     0 2'00
      3:     0 5'10--0   ->     2 2'00
      4:     1 5'10100   ->     0 2'10
      5:     1 5'-1--0   ->     0 2'10
      6:     1 5'----1   ->     0 2'10
      7:     1 5'10110   ->     1 2'10
      8:     1 5'100-0   ->     1 2'10
      9:     1 5'00--0   ->     1 2'10
     10:     2 5'-1--0   ->     0 2'01
     11:     2 5'----1   ->     0 2'01
     12:     2 5'10--0   ->     1 2'01
     13:     2 5'00--0   ->     2 2'01

-------------------------------------

13.8.8. Executing FSM_MAP pass (mapping FSMs to basic logic).
Mapping FSM `$fsm$\st$2108' from module `\ga2'.
Mapping FSM `$fsm$\u_mm.st$2114' from module `\ga2'.
Mapping FSM `$fsm$\u_sm.st$2122' from module `\ga2'.
Mapping FSM `$fsm$\u_un.st$2129' from module `\ga2'.

13.9. Executing OPT pass (performing simple optimizations).

13.9.1. Executing OPT_EXPR pass (perform const folding).
Optimizing module ga2.
<suppressed ~28 debug messages>

13.9.2. Executing OPT_MERGE pass (detect identical cells).
Finding identical cells in module `\ga2'.
<suppressed ~54 debug messages>
Removed a total of 18 cells.

13.9.3. Executing OPT_MUXTREE pass (detect dead branches in mux trees).
Running muxtree optimizer on module \ga2..
  Creating internal representation of mux trees.
  Evaluating internal representation of mux trees.
  Analyzing evaluation results.
Removed 0 multiplexer ports.
<suppressed ~169 debug messages>

13.9.4. Executing OPT_REDUCE pass (consolidate $*mux and $reduce_* inputs).
  Optimizing cells in module \ga2.
Performed a total of 0 changes.

13.9.5. Executing OPT_MERGE pass (detect identical cells).
Finding identical cells in module `\ga2'.
Removed a total of 0 cells.

13.9.6. Executing OPT_DFF pass (perform DFF optimizations).
Adding SRST signal on $procdff$1993 ($dff) from module ga2 (D = $procmux$598_Y, Q = \cur, rval = 4'1111).
Adding EN signal on $auto$ff.cc:266:slice$2393 ($sdff) from module ga2 (D = $procmux$598_Y, Q = \cur).
Adding EN signal on $procdff$1992 ($dff) from module ga2 (D = $procmux$609_Y, Q = \pc).
Adding EN signal on $procdff$1991 ($dff) from module ga2 (D = $procmux$619_Y, Q = \n_inst).
Adding EN signal on $procdff$1990 ($dff) from module ga2 (D = $procmux$633_Y, Q = \cyc_vec).
Adding EN signal on $procdff$1989 ($dff) from module ga2 (D = $procmux$647_Y, Q = \cyc_dma).
Adding EN signal on $procdff$1988 ($dff) from module ga2 (D = $procmux$658_Y, Q = \cyc_mm).
Adding EN signal on $procdff$1987 ($dff) from module ga2 (D = $procmux$666_Y, Q = \cyc_total).
Adding SRST signal on $procdff$1986 ($dff) from module ga2 (D = $procmux$680_Y, Q = \halted, rval = 1'0).
Adding EN signal on $auto$ff.cc:266:slice$2469 ($sdff) from module ga2 (D = $procmux$680_Y, Q = \halted).
Adding EN signal on $procdff$1984 ($dff) from module ga2 (D = \imem_data, Q = \ins).
Adding EN signal on $flatten\u_va.$procdff$2063 ($dff) from module ga2 (D = \u_am.rd [7:0], Q = \u_va.x).
Adding EN signal on $flatten\u_va.$procdff$2062 ($dff) from module ga2 (D = \u_va.cnt [0], Q = \u_va.par).
Adding EN signal on $flatten\u_va.$procdff$2061 ($dff) from module ga2 (D = \ins [87:76], Q = \u_va.s2).
Adding EN signal on $flatten\u_va.$procdff$2060 ($dff) from module ga2 (D = \ins [103:92], Q = \u_va.s1).
Adding SRST signal on $flatten\u_va.$procdff$2059 ($dff) from module ga2 (D = $flatten\u_va.$procmux$1616_Y, Q = \u_va.v, rval = 1'0).
Adding EN signal on $auto$ff.cc:266:slice$2508 ($sdff) from module ga2 (D = $flatten\u_va.$procmux$1614_Y, Q = \u_va.v).
Adding EN signal on $flatten\u_va.$procdff$2058 ($dff) from module ga2 (D = $flatten\u_va.$procmux$1629_Y, Q = \u_va.j).
Adding SRST signal on $auto$ff.cc:266:slice$2512 ($dffe) from module ga2 (D = $flatten\u_va.$procmux$1626_Y, Q = \u_va.j, rval = 12'000000000000).
Adding EN signal on $flatten\u_va.$procdff$2057 ($dff) from module ga2 (D = $flatten\u_va.$procmux$1639_Y, Q = \u_va.cnt).
Adding SRST signal on $auto$ff.cc:266:slice$2522 ($dffe) from module ga2 (D = $flatten\u_va.$procmux$1636_Y, Q = \u_va.cnt, rval = 17'00000000000000000).
Adding SRST signal on $flatten\u_va.$procdff$2056 ($dff) from module ga2 (D = $flatten\u_va.$procmux$1570_Y, Q = \u_va.done, rval = 1'0).
Adding SRST signal on $flatten\u_va.$procdff$2055 ($dff) from module ga2 (D = $flatten\u_va.$procmux$1651_Y, Q = \u_va.busy, rval = 1'0).
Adding EN signal on $flatten\u_va.$procdff$2054 ($dff) from module ga2 (D = \ins [67:52], Q = \u_va.len).
Adding EN signal on $flatten\u_va.$procdff$2053 ($dff) from module ga2 (D = \ins [119:108], Q = \u_va.dst).
Adding EN signal on $flatten\u_un.$procdff$2041 ($dff) from module ga2 (D = \u_am.rd, Q = \u_un.w).
Adding EN signal on $flatten\u_un.$procdff$2039 ($dff) from module ga2 (D = $flatten\u_un.$procmux$1395_Y, Q = \u_un.j).
Adding SRST signal on $auto$ff.cc:266:slice$2557 ($dffe) from module ga2 (D = $flatten\u_un.$procmux$1392_Y, Q = \u_un.j, rval = 3'000).
Adding EN signal on $flatten\u_un.$procdff$2038 ($dff) from module ga2 (D = $flatten\u_un.$procmux$1410_Y, Q = \u_un.i).
Adding SRST signal on $auto$ff.cc:266:slice$2567 ($dffe) from module ga2 (D = $flatten\u_un.$procmux$1407_Y, Q = \u_un.i, rval = 12'000000000000).
Adding SRST signal on $flatten\u_un.$procdff$2037 ($dff) from module ga2 (D = $flatten\u_un.$procmux$1347_Y, Q = \u_un.done, rval = 1'0).
Adding SRST signal on $flatten\u_un.$procdff$2036 ($dff) from module ga2 (D = $flatten\u_un.$procmux$1425_Y, Q = \u_un.busy, rval = 1'0).
Adding EN signal on $flatten\u_un.$procdff$2035 ($dff) from module ga2 (D = \ins [87:76], Q = \u_un.len).
Adding EN signal on $flatten\u_un.$procdff$2034 ($dff) from module ga2 (D = \ins [119:108], Q = \u_un.dst).
Adding EN signal on $flatten\u_un.$procdff$2033 ($dff) from module ga2 (D = \ins [103:92], Q = \u_un.src).
Adding SRST signal on $flatten\u_st.$procdff$2082 ($dff) from module ga2 (D = $flatten\u_st.$procmux$1776_Y, Q = \u_st.v, rval = 1'0).
Adding EN signal on $auto$ff.cc:266:slice$2606 ($sdff) from module ga2 (D = $flatten\u_st.$procmux$1774_Y, Q = \u_st.v).
Adding EN signal on $flatten\u_st.$procdff$2081 ($dff) from module ga2 (D = $flatten\u_st.$procmux$1789_Y, Q = \u_st.j).
Adding SRST signal on $auto$ff.cc:266:slice$2610 ($dffe) from module ga2 (D = $flatten\u_st.$procmux$1786_Y, Q = \u_st.j, rval = 12'000000000000).
Adding EN signal on $flatten\u_st.$procdff$2080 ($dff) from module ga2 (D = $flatten\u_st.$procmux$1799_Y, Q = \u_st.i).
Adding SRST signal on $auto$ff.cc:266:slice$2620 ($dffe) from module ga2 (D = $flatten\u_st.$procmux$1796_Y, Q = \u_st.i, rval = 12'000000000000).
Adding SRST signal on $flatten\u_st.$procdff$2079 ($dff) from module ga2 (D = $flatten\u_st.$procmux$1760_Y, Q = \u_st.done, rval = 1'0).
Adding SRST signal on $flatten\u_st.$procdff$2078 ($dff) from module ga2 (D = $flatten\u_st.$procmux$1811_Y, Q = \u_st.busy, rval = 1'0).
Adding EN signal on $flatten\u_st.$procdff$2077 ($dff) from module ga2 (D = \ins [87:76], Q = \u_st.len).
Adding EN signal on $flatten\u_st.$procdff$2076 ($dff) from module ga2 (D = \ins [107:92], Q = \u_st.dst).
Adding EN signal on $flatten\u_st.$procdff$2075 ($dff) from module ga2 (D = \ins [119:108], Q = \u_st.src).
Adding EN signal on $flatten\u_sm.\div.$procdff$2101 ($dff) from module ga2 (D = $flatten\u_sm.\div.$procmux$1919_Y, Q = \u_sm.div.cnt).
Adding SRST signal on $auto$ff.cc:266:slice$2653 ($dffe) from module ga2 (D = $flatten\u_sm.\div.$procmux$1916_Y, Q = \u_sm.div.cnt, rval = 8'00101000).
Adding EN signal on $flatten\u_sm.\div.$procdff$2100 ($dff) from module ga2 (D = $flatten\u_sm.\div.$procmux$1927_Y, Q = \u_sm.div.r).
Adding SRST signal on $auto$ff.cc:266:slice$2661 ($dffe) from module ga2 (D = $flatten\u_sm.\div.$procmux$1924_Y, Q = \u_sm.div.r, rval = 41'00000000000000000000000000000000000000000).
Adding EN signal on $flatten\u_sm.\div.$procdff$2099 ($dff) from module ga2 (D = { 8'00000000 \u_sm.sum }, Q = \u_sm.div.d_r).
Adding EN signal on $flatten\u_sm.\div.$procdff$2098 ($dff) from module ga2 (D = $flatten\u_sm.\div.$procmux$1941_Y, Q = \u_sm.div.n_r).
Adding SRST signal on $auto$ff.cc:266:slice$2674 ($dffe) from module ga2 (D = 1'x, Q = \u_sm.div.n_r [0], rval = 1'0).
Adding SRST signal on $auto$ff.cc:266:slice$2674 ($dffe) from module ga2 (D = $flatten\u_sm.\div.$procmux$1938_Y [39:1], Q = \u_sm.div.n_r [39:1], rval = 39'010000000000000000000000000000000000000).
Adding EN signal on $flatten\u_sm.\div.$procdff$2096 ($dff) from module ga2 (D = { \u_sm.div.q [38:0] \u_sm.div.fits }, Q = \u_sm.div.quot).
Adding EN signal on $flatten\u_sm.\div.$procdff$2095 ($dff) from module ga2 (D = $flatten\u_sm.\div.$procmux$1969_Y, Q = \u_sm.div.q).
Adding SRST signal on $auto$ff.cc:266:slice$2692 ($dffe) from module ga2 (D = $flatten\u_sm.\div.$procmux$1966_Y, Q = \u_sm.div.q, rval = 40'0000000000000000000000000000000000000000).
Adding SRST signal on $flatten\u_sm.\div.$procdff$2094 ($dff) from module ga2 (D = $flatten\u_sm.\div.$procmux$1906_Y, Q = \u_sm.div.done, rval = 1'0).
Adding SRST signal on $flatten\u_sm.\div.$procdff$2093 ($dff) from module ga2 (D = $flatten\u_sm.\div.$procmux$1979_Y, Q = \u_sm.div.busy, rval = 1'0).
Adding SRST signal on $flatten\u_sm.$procdff$2032 ($dff) from module ga2 (D = $flatten\u_sm.$procmux$1156_Y, Q = \u_sm.d_start, rval = 1'0).
Adding SRST signal on $flatten\u_sm.$procdff$2030 ($dff) from module ga2 (D = $flatten\u_sm.$procmux$1220_Y, Q = \u_sm.v, rval = 1'0).
Adding EN signal on $auto$ff.cc:266:slice$2711 ($sdff) from module ga2 (D = $flatten\u_sm.$procmux$1216_Y, Q = \u_sm.v).
Adding EN signal on $flatten\u_sm.$procdff$2029 ($dff) from module ga2 (D = $flatten\u_sm.$procmux$1239_Y, Q = \u_sm.j).
Adding SRST signal on $auto$ff.cc:266:slice$2717 ($dffe) from module ga2 (D = $flatten\u_sm.$procmux$1236_Y, Q = \u_sm.j, rval = 12'000000000000).
Adding EN signal on $flatten\u_sm.$procdff$2028 ($dff) from module ga2 (D = $flatten\u_sm.$procmux$1257_Y, Q = \u_sm.i).
Adding SRST signal on $auto$ff.cc:266:slice$2729 ($dffe) from module ga2 (D = $flatten\u_sm.$procmux$1254_Y, Q = \u_sm.i, rval = 12'000000000000).
Adding EN signal on $flatten\u_sm.$procdff$2027 ($dff) from module ga2 (D = \u_sm.div.quot, Q = \u_sm.r).
Adding EN signal on $flatten\u_sm.$procdff$2026 ($dff) from module ga2 (D = $flatten\u_sm.$procmux$1285_Y, Q = \u_sm.sum).
Adding SRST signal on $auto$ff.cc:266:slice$2746 ($dffe) from module ga2 (D = $flatten\u_sm.$procmux$1282_Y, Q = \u_sm.sum, rval = 0).
Adding EN signal on $flatten\u_sm.$procdff$2025 ($dff) from module ga2 (D = $flatten\u_sm.$procmux$1301_Y, Q = \u_sm.m).
Adding SRST signal on $auto$ff.cc:266:slice$2760 ($dffe) from module ga2 (D = $flatten\u_sm.$procmux$1298_Y, Q = \u_sm.m, rval = 8'10000000).
Adding SRST signal on $flatten\u_sm.$procdff$2024 ($dff) from module ga2 (D = $flatten\u_sm.$procmux$1169_Y, Q = \u_sm.done, rval = 1'0).
Adding SRST signal on $flatten\u_sm.$procdff$2023 ($dff) from module ga2 (D = $flatten\u_sm.$procmux$1323_Y, Q = \u_sm.busy, rval = 1'0).
Adding EN signal on $flatten\u_sm.$procdff$2022 ($dff) from module ga2 (D = \ins [87:76], Q = \u_sm.len).
Adding EN signal on $flatten\u_sm.$procdff$2021 ($dff) from module ga2 (D = \ins [119:108], Q = \u_sm.dst).
Adding EN signal on $flatten\u_sm.$procdff$2020 ($dff) from module ga2 (D = \ins [103:92], Q = \u_sm.src).
Adding SRST signal on $flatten\u_rq.$procdff$2074 ($dff) from module ga2 (D = $flatten\u_rq.$procmux$1684_Y, Q = \u_rq.v, rval = 1'0).
Adding EN signal on $auto$ff.cc:266:slice$2801 ($sdff) from module ga2 (D = $flatten\u_rq.$procmux$1682_Y, Q = \u_rq.v).
Adding EN signal on $flatten\u_rq.$procdff$2073 ($dff) from module ga2 (D = $flatten\u_rq.$procmux$1697_Y, Q = \u_rq.j).
Adding SRST signal on $auto$ff.cc:266:slice$2805 ($dffe) from module ga2 (D = $flatten\u_rq.$procmux$1694_Y, Q = \u_rq.j, rval = 12'000000000000).
Adding EN signal on $flatten\u_rq.$procdff$2072 ($dff) from module ga2 (D = $flatten\u_rq.$procmux$1707_Y, Q = \u_rq.i).
Adding SRST signal on $auto$ff.cc:266:slice$2815 ($dffe) from module ga2 (D = $flatten\u_rq.$procmux$1704_Y, Q = \u_rq.i, rval = 12'000000000000).
Adding EN signal on $flatten\u_rq.$procdff$2071 ($dff) from module ga2 (D = \ins [18], Q = \u_rq.relu).
Adding EN signal on $flatten\u_rq.$procdff$2070 ($dff) from module ga2 (D = \ins [51:46], Q = \u_rq.s).
Adding EN signal on $flatten\u_rq.$procdff$2069 ($dff) from module ga2 (D = \ins [75:52], Q = \u_rq.m).
Adding SRST signal on $flatten\u_rq.$procdff$2068 ($dff) from module ga2 (D = $flatten\u_rq.$procmux$1668_Y, Q = \u_rq.done, rval = 1'0).
Adding SRST signal on $flatten\u_rq.$procdff$2067 ($dff) from module ga2 (D = $flatten\u_rq.$procmux$1737_Y, Q = \u_rq.busy, rval = 1'0).
Adding EN signal on $flatten\u_rq.$procdff$2066 ($dff) from module ga2 (D = \ins [87:76], Q = \u_rq.len).
Adding EN signal on $flatten\u_rq.$procdff$2065 ($dff) from module ga2 (D = \ins [119:108], Q = \u_rq.dst).
Adding EN signal on $flatten\u_rq.$procdff$2064 ($dff) from module ga2 (D = \ins [103:92], Q = \u_rq.src).
Adding SRST signal on $flatten\u_mm.\arr.\row[3].col[3].u.$procdff$2092 ($dff) from module ga2 (D = $flatten\u_mm.\arr.\row[3].col[3].u.$add$rtl/systolic.v:8$17_Y, Q = \u_mm.arr.row[3].col[3].u.acc, rval = 0).
Adding SRST signal on $flatten\u_mm.\arr.\row[3].col[2].u.$procdff$2092 ($dff) from module ga2 (D = $flatten\u_mm.\arr.\row[3].col[2].u.$add$rtl/systolic.v:8$17_Y, Q = \u_mm.arr.row[3].col[2].u.acc, rval = 0).
Adding SRST signal on $flatten\u_mm.\arr.\row[3].col[2].u.$procdff$2090 ($dff) from module ga2 (D = \u_mm.arr.row[3].col[1].u.a_out, Q = \u_mm.arr.row[3].col[2].u.a_out, rval = 8'00000000).
Adding SRST signal on $flatten\u_mm.\arr.\row[3].col[1].u.$procdff$2092 ($dff) from module ga2 (D = $flatten\u_mm.\arr.\row[3].col[1].u.$add$rtl/systolic.v:8$17_Y, Q = \u_mm.arr.row[3].col[1].u.acc, rval = 0).
Adding SRST signal on $flatten\u_mm.\arr.\row[3].col[1].u.$procdff$2090 ($dff) from module ga2 (D = \u_mm.arr.row[3].col[0].u.a_out, Q = \u_mm.arr.row[3].col[1].u.a_out, rval = 8'00000000).
Adding SRST signal on $flatten\u_mm.\arr.\row[3].col[0].u.$procdff$2092 ($dff) from module ga2 (D = $flatten\u_mm.\arr.\row[3].col[0].u.$add$rtl/systolic.v:8$17_Y, Q = \u_mm.arr.row[3].col[0].u.acc, rval = 0).
Adding SRST signal on $flatten\u_mm.\arr.\row[3].col[0].u.$procdff$2090 ($dff) from module ga2 (D = \u_mm.arr.row[3].col[0].u.a_in, Q = \u_mm.arr.row[3].col[0].u.a_out, rval = 8'00000000).
Adding SRST signal on $flatten\u_mm.\arr.\row[2].col[3].u.$procdff$2092 ($dff) from module ga2 (D = $flatten\u_mm.\arr.\row[2].col[3].u.$add$rtl/systolic.v:8$17_Y, Q = \u_mm.arr.row[2].col[3].u.acc, rval = 0).
Adding SRST signal on $flatten\u_mm.\arr.\row[2].col[3].u.$procdff$2091 ($dff) from module ga2 (D = \u_mm.arr.row[1].col[3].u.b_out, Q = \u_mm.arr.row[2].col[3].u.b_out, rval = 8'00000000).
Adding SRST signal on $flatten\u_mm.\arr.\row[2].col[2].u.$procdff$2092 ($dff) from module ga2 (D = $flatten\u_mm.\arr.\row[2].col[2].u.$add$rtl/systolic.v:8$17_Y, Q = \u_mm.arr.row[2].col[2].u.acc, rval = 0).
Adding SRST signal on $flatten\u_mm.\arr.\row[2].col[2].u.$procdff$2091 ($dff) from module ga2 (D = \u_mm.arr.row[1].col[2].u.b_out, Q = \u_mm.arr.row[2].col[2].u.b_out, rval = 8'00000000).
Adding SRST signal on $flatten\u_mm.\arr.\row[2].col[2].u.$procdff$2090 ($dff) from module ga2 (D = \u_mm.arr.row[2].col[1].u.a_out, Q = \u_mm.arr.row[2].col[2].u.a_out, rval = 8'00000000).
Adding SRST signal on $flatten\u_mm.\arr.\row[2].col[1].u.$procdff$2092 ($dff) from module ga2 (D = $flatten\u_mm.\arr.\row[2].col[1].u.$add$rtl/systolic.v:8$17_Y, Q = \u_mm.arr.row[2].col[1].u.acc, rval = 0).
Adding SRST signal on $flatten\u_mm.\arr.\row[2].col[1].u.$procdff$2091 ($dff) from module ga2 (D = \u_mm.arr.row[1].col[1].u.b_out, Q = \u_mm.arr.row[2].col[1].u.b_out, rval = 8'00000000).
Adding SRST signal on $flatten\u_mm.\arr.\row[2].col[1].u.$procdff$2090 ($dff) from module ga2 (D = \u_mm.arr.row[2].col[0].u.a_out, Q = \u_mm.arr.row[2].col[1].u.a_out, rval = 8'00000000).
Adding SRST signal on $flatten\u_mm.\arr.\row[2].col[0].u.$procdff$2092 ($dff) from module ga2 (D = $flatten\u_mm.\arr.\row[2].col[0].u.$add$rtl/systolic.v:8$17_Y, Q = \u_mm.arr.row[2].col[0].u.acc, rval = 0).
Adding SRST signal on $flatten\u_mm.\arr.\row[2].col[0].u.$procdff$2091 ($dff) from module ga2 (D = \u_mm.arr.row[1].col[0].u.b_out, Q = \u_mm.arr.row[2].col[0].u.b_out, rval = 8'00000000).
Adding SRST signal on $flatten\u_mm.\arr.\row[2].col[0].u.$procdff$2090 ($dff) from module ga2 (D = \u_mm.arr.row[2].col[0].u.a_in, Q = \u_mm.arr.row[2].col[0].u.a_out, rval = 8'00000000).
Adding SRST signal on $flatten\u_mm.\arr.\row[1].col[3].u.$procdff$2092 ($dff) from module ga2 (D = $flatten\u_mm.\arr.\row[1].col[3].u.$add$rtl/systolic.v:8$17_Y, Q = \u_mm.arr.row[1].col[3].u.acc, rval = 0).
Adding SRST signal on $flatten\u_mm.\arr.\row[1].col[3].u.$procdff$2091 ($dff) from module ga2 (D = \u_mm.arr.row[0].col[3].u.b_out, Q = \u_mm.arr.row[1].col[3].u.b_out, rval = 8'00000000).
Adding SRST signal on $flatten\u_mm.\arr.\row[1].col[2].u.$procdff$2092 ($dff) from module ga2 (D = $flatten\u_mm.\arr.\row[1].col[2].u.$add$rtl/systolic.v:8$17_Y, Q = \u_mm.arr.row[1].col[2].u.acc, rval = 0).
Adding SRST signal on $flatten\u_mm.\arr.\row[1].col[2].u.$procdff$2091 ($dff) from module ga2 (D = \u_mm.arr.row[0].col[2].u.b_out, Q = \u_mm.arr.row[1].col[2].u.b_out, rval = 8'00000000).
Adding SRST signal on $flatten\u_mm.\arr.\row[1].col[2].u.$procdff$2090 ($dff) from module ga2 (D = \u_mm.arr.row[1].col[1].u.a_out, Q = \u_mm.arr.row[1].col[2].u.a_out, rval = 8'00000000).
Adding SRST signal on $flatten\u_mm.\arr.\row[1].col[1].u.$procdff$2092 ($dff) from module ga2 (D = $flatten\u_mm.\arr.\row[1].col[1].u.$add$rtl/systolic.v:8$17_Y, Q = \u_mm.arr.row[1].col[1].u.acc, rval = 0).
Adding SRST signal on $flatten\u_mm.\arr.\row[1].col[1].u.$procdff$2091 ($dff) from module ga2 (D = \u_mm.arr.row[0].col[1].u.b_out, Q = \u_mm.arr.row[1].col[1].u.b_out, rval = 8'00000000).
Adding SRST signal on $flatten\u_mm.\arr.\row[1].col[1].u.$procdff$2090 ($dff) from module ga2 (D = \u_mm.arr.row[1].col[0].u.a_out, Q = \u_mm.arr.row[1].col[1].u.a_out, rval = 8'00000000).
Adding SRST signal on $flatten\u_mm.\arr.\row[1].col[0].u.$procdff$2092 ($dff) from module ga2 (D = $flatten\u_mm.\arr.\row[1].col[0].u.$add$rtl/systolic.v:8$17_Y, Q = \u_mm.arr.row[1].col[0].u.acc, rval = 0).
Adding SRST signal on $flatten\u_mm.\arr.\row[1].col[0].u.$procdff$2091 ($dff) from module ga2 (D = \u_mm.arr.row[0].col[0].u.b_out, Q = \u_mm.arr.row[1].col[0].u.b_out, rval = 8'00000000).
Adding SRST signal on $flatten\u_mm.\arr.\row[1].col[0].u.$procdff$2090 ($dff) from module ga2 (D = \u_mm.arr.row[1].col[0].u.a_in, Q = \u_mm.arr.row[1].col[0].u.a_out, rval = 8'00000000).
Adding SRST signal on $flatten\u_mm.\arr.\row[0].col[3].u.$procdff$2092 ($dff) from module ga2 (D = $flatten\u_mm.\arr.\row[0].col[3].u.$add$rtl/systolic.v:8$17_Y, Q = \u_mm.arr.row[0].col[3].u.acc, rval = 0).
Adding SRST signal on $flatten\u_mm.\arr.\row[0].col[3].u.$procdff$2091 ($dff) from module ga2 (D = \u_mm.arr.row[0].col[3].u.b_in, Q = \u_mm.arr.row[0].col[3].u.b_out, rval = 8'00000000).
Adding SRST signal on $flatten\u_mm.\arr.\row[0].col[2].u.$procdff$2092 ($dff) from module ga2 (D = $flatten\u_mm.\arr.\row[0].col[2].u.$add$rtl/systolic.v:8$17_Y, Q = \u_mm.arr.row[0].col[2].u.acc, rval = 0).
Adding SRST signal on $flatten\u_mm.\arr.\row[0].col[2].u.$procdff$2091 ($dff) from module ga2 (D = \u_mm.arr.row[0].col[2].u.b_in, Q = \u_mm.arr.row[0].col[2].u.b_out, rval = 8'00000000).
Adding SRST signal on $flatten\u_mm.\arr.\row[0].col[2].u.$procdff$2090 ($dff) from module ga2 (D = \u_mm.arr.row[0].col[1].u.a_out, Q = \u_mm.arr.row[0].col[2].u.a_out, rval = 8'00000000).
Adding SRST signal on $flatten\u_mm.\arr.\row[0].col[1].u.$procdff$2092 ($dff) from module ga2 (D = $flatten\u_mm.\arr.\row[0].col[1].u.$add$rtl/systolic.v:8$17_Y, Q = \u_mm.arr.row[0].col[1].u.acc, rval = 0).
Adding SRST signal on $flatten\u_mm.\arr.\row[0].col[1].u.$procdff$2091 ($dff) from module ga2 (D = \u_mm.arr.row[0].col[1].u.b_in, Q = \u_mm.arr.row[0].col[1].u.b_out, rval = 8'00000000).
Adding SRST signal on $flatten\u_mm.\arr.\row[0].col[1].u.$procdff$2090 ($dff) from module ga2 (D = \u_mm.arr.row[0].col[0].u.a_out, Q = \u_mm.arr.row[0].col[1].u.a_out, rval = 8'00000000).
Adding SRST signal on $flatten\u_mm.\arr.\row[0].col[0].u.$procdff$2092 ($dff) from module ga2 (D = $flatten\u_mm.\arr.\row[0].col[0].u.$add$rtl/systolic.v:8$17_Y, Q = \u_mm.arr.row[0].col[0].u.acc, rval = 0).
Adding SRST signal on $flatten\u_mm.\arr.\row[0].col[0].u.$procdff$2091 ($dff) from module ga2 (D = \u_mm.arr.row[0].col[0].u.b_in, Q = \u_mm.arr.row[0].col[0].u.b_out, rval = 8'00000000).
Adding SRST signal on $flatten\u_mm.\arr.\row[0].col[0].u.$procdff$2090 ($dff) from module ga2 (D = \u_mm.arr.row[0].col[0].u.a_in, Q = \u_mm.arr.row[0].col[0].u.a_out, rval = 8'00000000).
Adding EN signal on $flatten\u_mm.$procdff$2019 ($dff) from module ga2 (D = $flatten\u_mm.$procmux$724_Y, Q = \u_mm.oaddr).
Adding EN signal on $flatten\u_mm.$procdff$2018 ($dff) from module ga2 (D = $flatten\u_mm.$procmux$741_Y, Q = \u_mm.orow).
Adding EN signal on $flatten\u_mm.$procdff$2017 ($dff) from module ga2 (D = $flatten\u_mm.$procmux$756_Y, Q = \u_mm.t).
Adding EN signal on $flatten\u_mm.$procdff$2016 ($dff) from module ga2 (D = \u_mm.k, Q = \u_mm.k_d).
Adding EN signal on $flatten\u_mm.$procdff$2015 ($dff) from module ga2 (D = \u_mm.n, Q = \u_mm.n_d).
Adding EN signal on $flatten\u_mm.$procdff$2014 ($dff) from module ga2 (D = \u_mm.m, Q = \u_mm.m_d).
Adding EN signal on $flatten\u_mm.$procdff$2013 ($dff) from module ga2 (D = $flatten\u_mm.$procmux$837_Y, Q = \u_mm.iss).
Adding SRST signal on $auto$ff.cc:266:slice$2957 ($dffe) from module ga2 (D = $flatten\u_mm.$procmux$834_Y, Q = \u_mm.iss, rval = 1'1).
Adding EN signal on $flatten\u_mm.$procdff$2012 ($dff) from module ga2 (D = $flatten\u_mm.$procmux$864_Y, Q = \u_mm.k).
Adding SRST signal on $auto$ff.cc:266:slice$2967 ($dffe) from module ga2 (D = $flatten\u_mm.$procmux$861_Y, Q = \u_mm.k, rval = 7'0000000).
Adding EN signal on $flatten\u_mm.$procdff$2011 ($dff) from module ga2 (D = $flatten\u_mm.$procmux$873_Y, Q = \u_mm.n).
Adding EN signal on $flatten\u_mm.$procdff$2010 ($dff) from module ga2 (D = $flatten\u_mm.$procmux$917_Y, Q = \u_mm.rowbase).
Adding EN signal on $flatten\u_mm.$procdff$2009 ($dff) from module ga2 (D = $flatten\u_mm.$procmux$944_Y, Q = \u_mm.ptr).
Adding EN signal on $flatten\u_mm.$procdff$2008 ($dff) from module ga2 (D = \ins [18], Q = \u_mm.tb).
Adding EN signal on $flatten\u_mm.$procdff$2007 ($dff) from module ga2 (D = \ins [11:0], Q = \u_mm.ldc).
Adding EN signal on $flatten\u_mm.$procdff$2006 ($dff) from module ga2 (D = \ins [75:64], Q = \u_mm.ldb).
Adding EN signal on $flatten\u_mm.$procdff$2005 ($dff) from module ga2 (D = \ins [63:52], Q = \u_mm.lda).
Adding EN signal on $flatten\u_mm.$procdff$2004 ($dff) from module ga2 (D = \ins [87:76], Q = \u_mm.bbase).
Adding SRST signal on $flatten\u_mm.$procdff$2001 ($dff) from module ga2 (D = $flatten\u_mm.$procmux$1018_Y, Q = \u_mm.v, rval = 1'0).
Adding EN signal on $auto$ff.cc:266:slice$3053 ($sdff) from module ga2 (D = \u_mm.iss, Q = \u_mm.v).
Adding EN signal on $flatten\u_mm.$procdff$2000 ($dff) from module ga2 (D = $flatten\u_mm.$procmux$1044_Y, Q = \u_mm.m).
Adding SRST signal on $auto$ff.cc:266:slice$3059 ($dffe) from module ga2 (D = $flatten\u_mm.$procmux$1041_Y, Q = \u_mm.m, rval = 4'0000).
Adding SRST signal on $flatten\u_mm.$procdff$1999 ($dff) from module ga2 (D = $flatten\u_mm.$procmux$710_Y, Q = \u_mm.done, rval = 1'0).
Adding SRST signal on $flatten\u_mm.$procdff$1998 ($dff) from module ga2 (D = $flatten\u_mm.$procmux$1054_Y, Q = \u_mm.busy, rval = 1'0).
Adding EN signal on $flatten\u_mm.$procdff$1997 ($dff) from module ga2 (D = \ins [119:108], Q = \u_mm.dst).
Adding EN signal on $flatten\u_mm.$procdff$1996 ($dff) from module ga2 (D = \ins [25:22], Q = \u_mm.N).
Adding EN signal on $flatten\u_mm.$procdff$1995 ($dff) from module ga2 (D = \ins [41:38], Q = \u_mm.M).
Adding EN signal on $flatten\u_mm.$procdff$1994 ($dff) from module ga2 (D = \ins [36:30], Q = \u_mm.K).
Adding SRST signal on $flatten\u_ld.$procdff$2089 ($dff) from module ga2 (D = $flatten\u_ld.$procmux$1848_Y, Q = \u_ld.recvd, rval = 12'000000000000).
Adding EN signal on $auto$ff.cc:266:slice$3103 ($sdff) from module ga2 (D = $flatten\u_ld.$add$rtl/dma.v:20$587_Y [11:0], Q = \u_ld.recvd).
Adding SRST signal on $flatten\u_ld.$procdff$2088 ($dff) from module ga2 (D = $flatten\u_ld.$procmux$1858_Y, Q = \u_ld.issued, rval = 12'000000000000).
Adding EN signal on $auto$ff.cc:266:slice$3109 ($sdff) from module ga2 (D = $flatten\u_ld.$add$rtl/dma.v:18$586_Y [11:0], Q = \u_ld.issued).
Adding EN signal on $flatten\u_ld.$procdff$2087 ($dff) from module ga2 (D = \ins [87:76], Q = \u_ld.len_r).
Adding EN signal on $flatten\u_ld.$procdff$2086 ($dff) from module ga2 (D = \ins [119:108], Q = \u_ld.dst_r).
Adding EN signal on $flatten\u_ld.$procdff$2085 ($dff) from module ga2 (D = \ins [107:92], Q = \u_ld.src_r).
Adding SRST signal on $flatten\u_ld.$procdff$2084 ($dff) from module ga2 (D = $flatten\u_ld.$procmux$1834_Y, Q = \u_ld.done, rval = 1'0).
Adding SRST signal on $flatten\u_ld.$procdff$2083 ($dff) from module ga2 (D = $flatten\u_ld.$procmux$1891_Y, Q = \u_ld.busy, rval = 1'0).
Adding SRST signal on $flatten\u_am.$procdff$2052 ($dff) from module ga2 (D = $flatten\u_am.$procmux$1466_Y, Q = \u_am.fin, rval = 1'0).
Adding EN signal on $auto$ff.cc:266:slice$3138 ($sdff) from module ga2 (D = $flatten\u_am.$procmux$1464_Y, Q = \u_am.fin).
Adding EN signal on $flatten\u_am.$procdff$2051 ($dff) from module ga2 (D = \u_am.rd, Q = \u_am.best).
Adding EN signal on $flatten\u_am.$procdff$2050 ($dff) from module ga2 (D = \u_am.j, Q = \u_am.bidx).
Adding SRST signal on $flatten\u_am.$procdff$2049 ($dff) from module ga2 (D = $flatten\u_am.$procmux$1507_Y, Q = \u_am.v, rval = 1'0).
Adding EN signal on $auto$ff.cc:266:slice$3160 ($sdff) from module ga2 (D = $flatten\u_am.$lt$rtl/ga2_vec.v:70$157_Y, Q = \u_am.v).
Adding EN signal on $flatten\u_am.$procdff$2048 ($dff) from module ga2 (D = $flatten\u_am.$procmux$1523_Y, Q = \u_am.j).
Adding SRST signal on $auto$ff.cc:266:slice$3168 ($dffe) from module ga2 (D = $flatten\u_am.$procmux$1520_Y, Q = \u_am.j, rval = 12'000000000000).
Adding EN signal on $flatten\u_am.$procdff$2047 ($dff) from module ga2 (D = $flatten\u_am.$procmux$1536_Y, Q = \u_am.i).
Adding SRST signal on $auto$ff.cc:266:slice$3180 ($dffe) from module ga2 (D = $flatten\u_am.$procmux$1533_Y, Q = \u_am.i, rval = 12'000000000000).
Adding SRST signal on $flatten\u_am.$procdff$2046 ($dff) from module ga2 (D = $flatten\u_am.$procmux$1449_Y, Q = \u_am.done, rval = 1'0).
Adding SRST signal on $flatten\u_am.$procdff$2045 ($dff) from module ga2 (D = $flatten\u_am.$procmux$1547_Y, Q = \u_am.busy, rval = 1'0).
Adding EN signal on $flatten\u_am.$procdff$2044 ($dff) from module ga2 (D = \ins [87:76], Q = \u_am.len).
Adding EN signal on $flatten\u_am.$procdff$2043 ($dff) from module ga2 (D = \ins [119:108], Q = \u_am.dst).
Adding EN signal on $flatten\u_am.$procdff$2042 ($dff) from module ga2 (D = \ins [103:92], Q = \u_am.src).
Setting constant 0-bit at position 0 on $auto$ff.cc:266:slice$2681 ($sdffce) from module ga2.
Setting constant 0-bit at position 32 on $auto$ff.cc:266:slice$2669 ($dffe) from module ga2.
Setting constant 0-bit at position 33 on $auto$ff.cc:266:slice$2669 ($dffe) from module ga2.
Setting constant 0-bit at position 34 on $auto$ff.cc:266:slice$2669 ($dffe) from module ga2.
Setting constant 0-bit at position 35 on $auto$ff.cc:266:slice$2669 ($dffe) from module ga2.
Setting constant 0-bit at position 36 on $auto$ff.cc:266:slice$2669 ($dffe) from module ga2.
Setting constant 0-bit at position 37 on $auto$ff.cc:266:slice$2669 ($dffe) from module ga2.
Setting constant 0-bit at position 38 on $auto$ff.cc:266:slice$2669 ($dffe) from module ga2.
Setting constant 0-bit at position 39 on $auto$ff.cc:266:slice$2669 ($dffe) from module ga2.

13.9.7. Executing OPT_CLEAN pass (remove unused cells and wires).
Finding unused cells or wires in module \ga2..
Removed 302 unused cells and 355 unused wires.
<suppressed ~303 debug messages>

13.9.8. Executing OPT_EXPR pass (perform const folding).
Optimizing module ga2.
<suppressed ~35 debug messages>

13.9.9. Rerunning OPT passes. (Maybe there is more to do..)

13.9.10. Executing OPT_MUXTREE pass (detect dead branches in mux trees).
Running muxtree optimizer on module \ga2..
  Creating internal representation of mux trees.
  Evaluating internal representation of mux trees.
  Analyzing evaluation results.
Removed 0 multiplexer ports.
<suppressed ~79 debug messages>

13.9.11. Executing OPT_REDUCE pass (consolidate $*mux and $reduce_* inputs).
  Optimizing cells in module \ga2.
Performed a total of 0 changes.

13.9.12. Executing OPT_MERGE pass (detect identical cells).
Finding identical cells in module `\ga2'.
<suppressed ~522 debug messages>
Removed a total of 174 cells.

13.9.13. Executing OPT_DFF pass (perform DFF optimizations).
Adding SRST signal on $auto$ff.cc:266:slice$2684 ($sdffce) from module ga2 (D = 1'x, Q = \u_sm.div.n_r [1], rval = 1'0).
Setting constant 0-bit at position 0 on $auto$ff.cc:266:slice$3214 ($sdffce) from module ga2.

13.9.14. Executing OPT_CLEAN pass (remove unused cells and wires).
Finding unused cells or wires in module \ga2..
Removed 1 unused cells and 175 unused wires.
<suppressed ~2 debug messages>

13.9.15. Executing OPT_EXPR pass (perform const folding).
Optimizing module ga2.

13.9.16. Rerunning OPT passes. (Maybe there is more to do..)

13.9.17. Executing OPT_MUXTREE pass (detect dead branches in mux trees).
Running muxtree optimizer on module \ga2..
  Creating internal representation of mux trees.
  Evaluating internal representation of mux trees.
  Analyzing evaluation results.
Removed 0 multiplexer ports.
<suppressed ~82 debug messages>

13.9.18. Executing OPT_REDUCE pass (consolidate $*mux and $reduce_* inputs).
  Optimizing cells in module \ga2.
Performed a total of 0 changes.

13.9.19. Executing OPT_MERGE pass (detect identical cells).
Finding identical cells in module `\ga2'.
Removed a total of 0 cells.

13.9.20. Executing OPT_DFF pass (perform DFF optimizations).
Adding SRST signal on $auto$ff.cc:266:slice$3217 ($sdffce) from module ga2 (D = 1'x, Q = \u_sm.div.n_r [2], rval = 1'0).
Setting constant 0-bit at position 0 on $auto$ff.cc:266:slice$3218 ($sdffce) from module ga2.

13.9.21. Executing OPT_CLEAN pass (remove unused cells and wires).
Finding unused cells or wires in module \ga2..
Removed 1 unused cells and 1 unused wires.
<suppressed ~2 debug messages>

13.9.22. Executing OPT_EXPR pass (perform const folding).
Optimizing module ga2.

13.9.23. Rerunning OPT passes. (Maybe there is more to do..)

13.9.24. Executing OPT_MUXTREE pass (detect dead branches in mux trees).
Running muxtree optimizer on module \ga2..
  Creating internal representation of mux trees.
  Evaluating internal representation of mux trees.
  Analyzing evaluation results.
Removed 0 multiplexer ports.
<suppressed ~82 debug messages>

13.9.25. Executing OPT_REDUCE pass (consolidate $*mux and $reduce_* inputs).
  Optimizing cells in module \ga2.
Performed a total of 0 changes.

13.9.26. Executing OPT_MERGE pass (detect identical cells).
Finding identical cells in module `\ga2'.
Removed a total of 0 cells.

13.9.27. Executing OPT_DFF pass (perform DFF optimizations).
Adding SRST signal on $auto$ff.cc:266:slice$3221 ($sdffce) from module ga2 (D = 1'x, Q = \u_sm.div.n_r [3], rval = 1'0).
Setting constant 0-bit at position 0 on $auto$ff.cc:266:slice$3222 ($sdffce) from module ga2.

13.9.28. Executing OPT_CLEAN pass (remove unused cells and wires).
Finding unused cells or wires in module \ga2..
Removed 1 unused cells and 1 unused wires.
<suppressed ~2 debug messages>

13.9.29. Executing OPT_EXPR pass (perform const folding).
Optimizing module ga2.

13.9.30. Rerunning OPT passes. (Maybe there is more to do..)

13.9.31. Executing OPT_MUXTREE pass (detect dead branches in mux trees).
Running muxtree optimizer on module \ga2..
  Creating internal representation of mux trees.
  Evaluating internal representation of mux trees.
  Analyzing evaluation results.
Removed 0 multiplexer ports.
<suppressed ~82 debug messages>

13.9.32. Executing OPT_REDUCE pass (consolidate $*mux and $reduce_* inputs).
  Optimizing cells in module \ga2.
Performed a total of 0 changes.

13.9.33. Executing OPT_MERGE pass (detect identical cells).
Finding identical cells in module `\ga2'.
Removed a total of 0 cells.

13.9.34. Executing OPT_DFF pass (perform DFF optimizations).
Adding SRST signal on $auto$ff.cc:266:slice$3225 ($sdffce) from module ga2 (D = 1'x, Q = \u_sm.div.n_r [4], rval = 1'0).
Setting constant 0-bit at position 0 on $auto$ff.cc:266:slice$3226 ($sdffce) from module ga2.

13.9.35. Executing OPT_CLEAN pass (remove unused cells and wires).
Finding unused cells or wires in module \ga2..
Removed 1 unused cells and 1 unused wires.
<suppressed ~2 debug messages>

13.9.36. Executing OPT_EXPR pass (perform const folding).
Optimizing module ga2.

13.9.37. Rerunning OPT passes. (Maybe there is more to do..)

13.9.38. Executing OPT_MUXTREE pass (detect dead branches in mux trees).
Running muxtree optimizer on module \ga2..
  Creating internal representation of mux trees.
  Evaluating internal representation of mux trees.
  Analyzing evaluation results.
Removed 0 multiplexer ports.
<suppressed ~82 debug messages>

13.9.39. Executing OPT_REDUCE pass (consolidate $*mux and $reduce_* inputs).
  Optimizing cells in module \ga2.
Performed a total of 0 changes.

13.9.40. Executing OPT_MERGE pass (detect identical cells).
Finding identical cells in module `\ga2'.
Removed a total of 0 cells.

13.9.41. Executing OPT_DFF pass (perform DFF optimizations).
Adding SRST signal on $auto$ff.cc:266:slice$3229 ($sdffce) from module ga2 (D = 1'x, Q = \u_sm.div.n_r [5], rval = 1'0).
Setting constant 0-bit at position 0 on $auto$ff.cc:266:slice$3230 ($sdffce) from module ga2.

13.9.42. Executing OPT_CLEAN pass (remove unused cells and wires).
Finding unused cells or wires in module \ga2..
Removed 1 unused cells and 1 unused wires.
<suppressed ~2 debug messages>

13.9.43. Executing OPT_EXPR pass (perform const folding).
Optimizing module ga2.

13.9.44. Rerunning OPT passes. (Maybe there is more to do..)

13.9.45. Executing OPT_MUXTREE pass (detect dead branches in mux trees).
Running muxtree optimizer on module \ga2..
  Creating internal representation of mux trees.
  Evaluating internal representation of mux trees.
  Analyzing evaluation results.
Removed 0 multiplexer ports.
<suppressed ~82 debug messages>

13.9.46. Executing OPT_REDUCE pass (consolidate $*mux and $reduce_* inputs).
  Optimizing cells in module \ga2.
Performed a total of 0 changes.

13.9.47. Executing OPT_MERGE pass (detect identical cells).
Finding identical cells in module `\ga2'.
Removed a total of 0 cells.

13.9.48. Executing OPT_DFF pass (perform DFF optimizations).
Adding SRST signal on $auto$ff.cc:266:slice$3233 ($sdffce) from module ga2 (D = 1'x, Q = \u_sm.div.n_r [6], rval = 1'0).
Setting constant 0-bit at position 0 on $auto$ff.cc:266:slice$3234 ($sdffce) from module ga2.

13.9.49. Executing OPT_CLEAN pass (remove unused cells and wires).
Finding unused cells or wires in module \ga2..
Removed 1 unused cells and 1 unused wires.
<suppressed ~2 debug messages>

13.9.50. Executing OPT_EXPR pass (perform const folding).
Optimizing module ga2.

13.9.51. Rerunning OPT passes. (Maybe there is more to do..)

13.9.52. Executing OPT_MUXTREE pass (detect dead branches in mux trees).
Running muxtree optimizer on module \ga2..
  Creating internal representation of mux trees.
  Evaluating internal representation of mux trees.
  Analyzing evaluation results.
Removed 0 multiplexer ports.
<suppressed ~82 debug messages>

13.9.53. Executing OPT_REDUCE pass (consolidate $*mux and $reduce_* inputs).
  Optimizing cells in module \ga2.
Performed a total of 0 changes.

13.9.54. Executing OPT_MERGE pass (detect identical cells).
Finding identical cells in module `\ga2'.
Removed a total of 0 cells.

13.9.55. Executing OPT_DFF pass (perform DFF optimizations).
Adding SRST signal on $auto$ff.cc:266:slice$3237 ($sdffce) from module ga2 (D = 1'x, Q = \u_sm.div.n_r [7], rval = 1'0).
Setting constant 0-bit at position 0 on $auto$ff.cc:266:slice$3238 ($sdffce) from module ga2.

13.9.56. Executing OPT_CLEAN pass (remove unused cells and wires).
Finding unused cells or wires in module \ga2..
Removed 1 unused cells and 1 unused wires.
<suppressed ~2 debug messages>

13.9.57. Executing OPT_EXPR pass (perform const folding).
Optimizing module ga2.

13.9.58. Rerunning OPT passes. (Maybe there is more to do..)

13.9.59. Executing OPT_MUXTREE pass (detect dead branches in mux trees).
Running muxtree optimizer on module \ga2..
  Creating internal representation of mux trees.
  Evaluating internal representation of mux trees.
  Analyzing evaluation results.
Removed 0 multiplexer ports.
<suppressed ~82 debug messages>

13.9.60. Executing OPT_REDUCE pass (consolidate $*mux and $reduce_* inputs).
  Optimizing cells in module \ga2.
Performed a total of 0 changes.

13.9.61. Executing OPT_MERGE pass (detect identical cells).
Finding identical cells in module `\ga2'.
Removed a total of 0 cells.

13.9.62. Executing OPT_DFF pass (perform DFF optimizations).
Adding SRST signal on $auto$ff.cc:266:slice$3241 ($sdffce) from module ga2 (D = 1'x, Q = \u_sm.div.n_r [8], rval = 1'0).
Setting constant 0-bit at position 0 on $auto$ff.cc:266:slice$3242 ($sdffce) from module ga2.

13.9.63. Executing OPT_CLEAN pass (remove unused cells and wires).
Finding unused cells or wires in module \ga2..
Removed 1 unused cells and 1 unused wires.
<suppressed ~2 debug messages>

13.9.64. Executing OPT_EXPR pass (perform const folding).
Optimizing module ga2.

13.9.65. Rerunning OPT passes. (Maybe there is more to do..)

13.9.66. Executing OPT_MUXTREE pass (detect dead branches in mux trees).
Running muxtree optimizer on module \ga2..
  Creating internal representation of mux trees.
  Evaluating internal representation of mux trees.
  Analyzing evaluation results.
Removed 0 multiplexer ports.
<suppressed ~82 debug messages>

13.9.67. Executing OPT_REDUCE pass (consolidate $*mux and $reduce_* inputs).
  Optimizing cells in module \ga2.
Performed a total of 0 changes.

13.9.68. Executing OPT_MERGE pass (detect identical cells).
Finding identical cells in module `\ga2'.
Removed a total of 0 cells.

13.9.69. Executing OPT_DFF pass (perform DFF optimizations).
Adding SRST signal on $auto$ff.cc:266:slice$3245 ($sdffce) from module ga2 (D = 1'x, Q = \u_sm.div.n_r [9], rval = 1'0).
Setting constant 0-bit at position 0 on $auto$ff.cc:266:slice$3246 ($sdffce) from module ga2.

13.9.70. Executing OPT_CLEAN pass (remove unused cells and wires).
Finding unused cells or wires in module \ga2..
Removed 1 unused cells and 1 unused wires.
<suppressed ~2 debug messages>

13.9.71. Executing OPT_EXPR pass (perform const folding).
Optimizing module ga2.

13.9.72. Rerunning OPT passes. (Maybe there is more to do..)

13.9.73. Executing OPT_MUXTREE pass (detect dead branches in mux trees).
Running muxtree optimizer on module \ga2..
  Creating internal representation of mux trees.
  Evaluating internal representation of mux trees.
  Analyzing evaluation results.
Removed 0 multiplexer ports.
<suppressed ~82 debug messages>

13.9.74. Executing OPT_REDUCE pass (consolidate $*mux and $reduce_* inputs).
  Optimizing cells in module \ga2.
Performed a total of 0 changes.

13.9.75. Executing OPT_MERGE pass (detect identical cells).
Finding identical cells in module `\ga2'.
Removed a total of 0 cells.

13.9.76. Executing OPT_DFF pass (perform DFF optimizations).
Adding SRST signal on $auto$ff.cc:266:slice$3249 ($sdffce) from module ga2 (D = 1'x, Q = \u_sm.div.n_r [10], rval = 1'0).
Setting constant 0-bit at position 0 on $auto$ff.cc:266:slice$3250 ($sdffce) from module ga2.

13.9.77. Executing OPT_CLEAN pass (remove unused cells and wires).
Finding unused cells or wires in module \ga2..
Removed 1 unused cells and 1 unused wires.
<suppressed ~2 debug messages>

13.9.78. Executing OPT_EXPR pass (perform const folding).
Optimizing module ga2.

13.9.79. Rerunning OPT passes. (Maybe there is more to do..)

13.9.80. Executing OPT_MUXTREE pass (detect dead branches in mux trees).
Running muxtree optimizer on module \ga2..
  Creating internal representation of mux trees.
  Evaluating internal representation of mux trees.
  Analyzing evaluation results.
Removed 0 multiplexer ports.
<suppressed ~82 debug messages>

13.9.81. Executing OPT_REDUCE pass (consolidate $*mux and $reduce_* inputs).
  Optimizing cells in module \ga2.
Performed a total of 0 changes.

13.9.82. Executing OPT_MERGE pass (detect identical cells).
Finding identical cells in module `\ga2'.
Removed a total of 0 cells.

13.9.83. Executing OPT_DFF pass (perform DFF optimizations).
Adding SRST signal on $auto$ff.cc:266:slice$3253 ($sdffce) from module ga2 (D = 1'x, Q = \u_sm.div.n_r [11], rval = 1'0).
Setting constant 0-bit at position 0 on $auto$ff.cc:266:slice$3254 ($sdffce) from module ga2.

13.9.84. Executing OPT_CLEAN pass (remove unused cells and wires).
Finding unused cells or wires in module \ga2..
Removed 1 unused cells and 1 unused wires.
<suppressed ~2 debug messages>

13.9.85. Executing OPT_EXPR pass (perform const folding).
Optimizing module ga2.

13.9.86. Rerunning OPT passes. (Maybe there is more to do..)

13.9.87. Executing OPT_MUXTREE pass (detect dead branches in mux trees).
Running muxtree optimizer on module \ga2..
  Creating internal representation of mux trees.
  Evaluating internal representation of mux trees.
  Analyzing evaluation results.
Removed 0 multiplexer ports.
<suppressed ~82 debug messages>

13.9.88. Executing OPT_REDUCE pass (consolidate $*mux and $reduce_* inputs).
  Optimizing cells in module \ga2.
Performed a total of 0 changes.

13.9.89. Executing OPT_MERGE pass (detect identical cells).
Finding identical cells in module `\ga2'.
Removed a total of 0 cells.

13.9.90. Executing OPT_DFF pass (perform DFF optimizations).
Adding SRST signal on $auto$ff.cc:266:slice$3257 ($sdffce) from module ga2 (D = 1'x, Q = \u_sm.div.n_r [12], rval = 1'0).
Setting constant 0-bit at position 0 on $auto$ff.cc:266:slice$3258 ($sdffce) from module ga2.

13.9.91. Executing OPT_CLEAN pass (remove unused cells and wires).
Finding unused cells or wires in module \ga2..
Removed 1 unused cells and 1 unused wires.
<suppressed ~2 debug messages>

13.9.92. Executing OPT_EXPR pass (perform const folding).
Optimizing module ga2.

13.9.93. Rerunning OPT passes. (Maybe there is more to do..)

13.9.94. Executing OPT_MUXTREE pass (detect dead branches in mux trees).
Running muxtree optimizer on module \ga2..
  Creating internal representation of mux trees.
  Evaluating internal representation of mux trees.
  Analyzing evaluation results.
Removed 0 multiplexer ports.
<suppressed ~82 debug messages>

13.9.95. Executing OPT_REDUCE pass (consolidate $*mux and $reduce_* inputs).
  Optimizing cells in module \ga2.
Performed a total of 0 changes.

13.9.96. Executing OPT_MERGE pass (detect identical cells).
Finding identical cells in module `\ga2'.
Removed a total of 0 cells.

13.9.97. Executing OPT_DFF pass (perform DFF optimizations).
Adding SRST signal on $auto$ff.cc:266:slice$3261 ($sdffce) from module ga2 (D = 1'x, Q = \u_sm.div.n_r [13], rval = 1'0).
Setting constant 0-bit at position 0 on $auto$ff.cc:266:slice$3262 ($sdffce) from module ga2.

13.9.98. Executing OPT_CLEAN pass (remove unused cells and wires).
Finding unused cells or wires in module \ga2..
Removed 1 unused cells and 1 unused wires.
<suppressed ~2 debug messages>

13.9.99. Executing OPT_EXPR pass (perform const folding).
Optimizing module ga2.

13.9.100. Rerunning OPT passes. (Maybe there is more to do..)

13.9.101. Executing OPT_MUXTREE pass (detect dead branches in mux trees).
Running muxtree optimizer on module \ga2..
  Creating internal representation of mux trees.
  Evaluating internal representation of mux trees.
  Analyzing evaluation results.
Removed 0 multiplexer ports.
<suppressed ~82 debug messages>

13.9.102. Executing OPT_REDUCE pass (consolidate $*mux and $reduce_* inputs).
  Optimizing cells in module \ga2.
Performed a total of 0 changes.

13.9.103. Executing OPT_MERGE pass (detect identical cells).
Finding identical cells in module `\ga2'.
Removed a total of 0 cells.

13.9.104. Executing OPT_DFF pass (perform DFF optimizations).
Adding SRST signal on $auto$ff.cc:266:slice$3265 ($sdffce) from module ga2 (D = 1'x, Q = \u_sm.div.n_r [14], rval = 1'0).
Setting constant 0-bit at position 0 on $auto$ff.cc:266:slice$3266 ($sdffce) from module ga2.

13.9.105. Executing OPT_CLEAN pass (remove unused cells and wires).
Finding unused cells or wires in module \ga2..
Removed 1 unused cells and 1 unused wires.
<suppressed ~2 debug messages>

13.9.106. Executing OPT_EXPR pass (perform const folding).
Optimizing module ga2.

13.9.107. Rerunning OPT passes. (Maybe there is more to do..)

13.9.108. Executing OPT_MUXTREE pass (detect dead branches in mux trees).
Running muxtree optimizer on module \ga2..
  Creating internal representation of mux trees.
  Evaluating internal representation of mux trees.
  Analyzing evaluation results.
Removed 0 multiplexer ports.
<suppressed ~82 debug messages>

13.9.109. Executing OPT_REDUCE pass (consolidate $*mux and $reduce_* inputs).
  Optimizing cells in module \ga2.
Performed a total of 0 changes.

13.9.110. Executing OPT_MERGE pass (detect identical cells).
Finding identical cells in module `\ga2'.
Removed a total of 0 cells.

13.9.111. Executing OPT_DFF pass (perform DFF optimizations).
Adding SRST signal on $auto$ff.cc:266:slice$3269 ($sdffce) from module ga2 (D = 1'x, Q = \u_sm.div.n_r [15], rval = 1'0).
Setting constant 0-bit at position 0 on $auto$ff.cc:266:slice$3270 ($sdffce) from module ga2.

13.9.112. Executing OPT_CLEAN pass (remove unused cells and wires).
Finding unused cells or wires in module \ga2..
Removed 1 unused cells and 1 unused wires.
<suppressed ~2 debug messages>

13.9.113. Executing OPT_EXPR pass (perform const folding).
Optimizing module ga2.

13.9.114. Rerunning OPT passes. (Maybe there is more to do..)

13.9.115. Executing OPT_MUXTREE pass (detect dead branches in mux trees).
Running muxtree optimizer on module \ga2..
  Creating internal representation of mux trees.
  Evaluating internal representation of mux trees.
  Analyzing evaluation results.
Removed 0 multiplexer ports.
<suppressed ~82 debug messages>

13.9.116. Executing OPT_REDUCE pass (consolidate $*mux and $reduce_* inputs).
  Optimizing cells in module \ga2.
Performed a total of 0 changes.

13.9.117. Executing OPT_MERGE pass (detect identical cells).
Finding identical cells in module `\ga2'.
Removed a total of 0 cells.

13.9.118. Executing OPT_DFF pass (perform DFF optimizations).
Adding SRST signal on $auto$ff.cc:266:slice$3273 ($sdffce) from module ga2 (D = 1'x, Q = \u_sm.div.n_r [16], rval = 1'0).
Setting constant 0-bit at position 0 on $auto$ff.cc:266:slice$3274 ($sdffce) from module ga2.

13.9.119. Executing OPT_CLEAN pass (remove unused cells and wires).
Finding unused cells or wires in module \ga2..
Removed 1 unused cells and 1 unused wires.
<suppressed ~2 debug messages>

13.9.120. Executing OPT_EXPR pass (perform const folding).
Optimizing module ga2.

13.9.121. Rerunning OPT passes. (Maybe there is more to do..)

13.9.122. Executing OPT_MUXTREE pass (detect dead branches in mux trees).
Running muxtree optimizer on module \ga2..
  Creating internal representation of mux trees.
  Evaluating internal representation of mux trees.
  Analyzing evaluation results.
Removed 0 multiplexer ports.
<suppressed ~82 debug messages>

13.9.123. Executing OPT_REDUCE pass (consolidate $*mux and $reduce_* inputs).
  Optimizing cells in module \ga2.
Performed a total of 0 changes.

13.9.124. Executing OPT_MERGE pass (detect identical cells).
Finding identical cells in module `\ga2'.
Removed a total of 0 cells.

13.9.125. Executing OPT_DFF pass (perform DFF optimizations).
Adding SRST signal on $auto$ff.cc:266:slice$3277 ($sdffce) from module ga2 (D = 1'x, Q = \u_sm.div.n_r [17], rval = 1'0).
Setting constant 0-bit at position 0 on $auto$ff.cc:266:slice$3278 ($sdffce) from module ga2.

13.9.126. Executing OPT_CLEAN pass (remove unused cells and wires).
Finding unused cells or wires in module \ga2..
Removed 1 unused cells and 1 unused wires.
<suppressed ~2 debug messages>

13.9.127. Executing OPT_EXPR pass (perform const folding).
Optimizing module ga2.

13.9.128. Rerunning OPT passes. (Maybe there is more to do..)

13.9.129. Executing OPT_MUXTREE pass (detect dead branches in mux trees).
Running muxtree optimizer on module \ga2..
  Creating internal representation of mux trees.
  Evaluating internal representation of mux trees.
  Analyzing evaluation results.
Removed 0 multiplexer ports.
<suppressed ~82 debug messages>

13.9.130. Executing OPT_REDUCE pass (consolidate $*mux and $reduce_* inputs).
  Optimizing cells in module \ga2.
Performed a total of 0 changes.

13.9.131. Executing OPT_MERGE pass (detect identical cells).
Finding identical cells in module `\ga2'.
Removed a total of 0 cells.

13.9.132. Executing OPT_DFF pass (perform DFF optimizations).
Adding SRST signal on $auto$ff.cc:266:slice$3281 ($sdffce) from module ga2 (D = 1'x, Q = \u_sm.div.n_r [18], rval = 1'0).
Setting constant 0-bit at position 0 on $auto$ff.cc:266:slice$3282 ($sdffce) from module ga2.

13.9.133. Executing OPT_CLEAN pass (remove unused cells and wires).
Finding unused cells or wires in module \ga2..
Removed 1 unused cells and 1 unused wires.
<suppressed ~2 debug messages>

13.9.134. Executing OPT_EXPR pass (perform const folding).
Optimizing module ga2.

13.9.135. Rerunning OPT passes. (Maybe there is more to do..)

13.9.136. Executing OPT_MUXTREE pass (detect dead branches in mux trees).
Running muxtree optimizer on module \ga2..
  Creating internal representation of mux trees.
  Evaluating internal representation of mux trees.
  Analyzing evaluation results.
Removed 0 multiplexer ports.
<suppressed ~82 debug messages>

13.9.137. Executing OPT_REDUCE pass (consolidate $*mux and $reduce_* inputs).
  Optimizing cells in module \ga2.
Performed a total of 0 changes.

13.9.138. Executing OPT_MERGE pass (detect identical cells).
Finding identical cells in module `\ga2'.
Removed a total of 0 cells.

13.9.139. Executing OPT_DFF pass (perform DFF optimizations).
Adding SRST signal on $auto$ff.cc:266:slice$3285 ($sdffce) from module ga2 (D = 1'x, Q = \u_sm.div.n_r [19], rval = 1'0).
Setting constant 0-bit at position 0 on $auto$ff.cc:266:slice$3286 ($sdffce) from module ga2.

13.9.140. Executing OPT_CLEAN pass (remove unused cells and wires).
Finding unused cells or wires in module \ga2..
Removed 1 unused cells and 1 unused wires.
<suppressed ~2 debug messages>

13.9.141. Executing OPT_EXPR pass (perform const folding).
Optimizing module ga2.

13.9.142. Rerunning OPT passes. (Maybe there is more to do..)

13.9.143. Executing OPT_MUXTREE pass (detect dead branches in mux trees).
Running muxtree optimizer on module \ga2..
  Creating internal representation of mux trees.
  Evaluating internal representation of mux trees.
  Analyzing evaluation results.
Removed 0 multiplexer ports.
<suppressed ~82 debug messages>

13.9.144. Executing OPT_REDUCE pass (consolidate $*mux and $reduce_* inputs).
  Optimizing cells in module \ga2.
Performed a total of 0 changes.

13.9.145. Executing OPT_MERGE pass (detect identical cells).
Finding identical cells in module `\ga2'.
Removed a total of 0 cells.

13.9.146. Executing OPT_DFF pass (perform DFF optimizations).
Adding SRST signal on $auto$ff.cc:266:slice$3289 ($sdffce) from module ga2 (D = 1'x, Q = \u_sm.div.n_r [20], rval = 1'0).
Setting constant 0-bit at position 0 on $auto$ff.cc:266:slice$3290 ($sdffce) from module ga2.

13.9.147. Executing OPT_CLEAN pass (remove unused cells and wires).
Finding unused cells or wires in module \ga2..
Removed 1 unused cells and 1 unused wires.
<suppressed ~2 debug messages>

13.9.148. Executing OPT_EXPR pass (perform const folding).
Optimizing module ga2.

13.9.149. Rerunning OPT passes. (Maybe there is more to do..)

13.9.150. Executing OPT_MUXTREE pass (detect dead branches in mux trees).
Running muxtree optimizer on module \ga2..
  Creating internal representation of mux trees.
  Evaluating internal representation of mux trees.
  Analyzing evaluation results.
Removed 0 multiplexer ports.
<suppressed ~82 debug messages>

13.9.151. Executing OPT_REDUCE pass (consolidate $*mux and $reduce_* inputs).
  Optimizing cells in module \ga2.
Performed a total of 0 changes.

13.9.152. Executing OPT_MERGE pass (detect identical cells).
Finding identical cells in module `\ga2'.
Removed a total of 0 cells.

13.9.153. Executing OPT_DFF pass (perform DFF optimizations).
Adding SRST signal on $auto$ff.cc:266:slice$3293 ($sdffce) from module ga2 (D = 1'x, Q = \u_sm.div.n_r [21], rval = 1'0).
Setting constant 0-bit at position 0 on $auto$ff.cc:266:slice$3294 ($sdffce) from module ga2.

13.9.154. Executing OPT_CLEAN pass (remove unused cells and wires).
Finding unused cells or wires in module \ga2..
Removed 1 unused cells and 1 unused wires.
<suppressed ~2 debug messages>

13.9.155. Executing OPT_EXPR pass (perform const folding).
Optimizing module ga2.

13.9.156. Rerunning OPT passes. (Maybe there is more to do..)

13.9.157. Executing OPT_MUXTREE pass (detect dead branches in mux trees).
Running muxtree optimizer on module \ga2..
  Creating internal representation of mux trees.
  Evaluating internal representation of mux trees.
  Analyzing evaluation results.
Removed 0 multiplexer ports.
<suppressed ~82 debug messages>

13.9.158. Executing OPT_REDUCE pass (consolidate $*mux and $reduce_* inputs).
  Optimizing cells in module \ga2.
Performed a total of 0 changes.

13.9.159. Executing OPT_MERGE pass (detect identical cells).
Finding identical cells in module `\ga2'.
Removed a total of 0 cells.

13.9.160. Executing OPT_DFF pass (perform DFF optimizations).
Adding SRST signal on $auto$ff.cc:266:slice$3297 ($sdffce) from module ga2 (D = 1'x, Q = \u_sm.div.n_r [22], rval = 1'0).
Setting constant 0-bit at position 0 on $auto$ff.cc:266:slice$3298 ($sdffce) from module ga2.

13.9.161. Executing OPT_CLEAN pass (remove unused cells and wires).
Finding unused cells or wires in module \ga2..
Removed 1 unused cells and 1 unused wires.
<suppressed ~2 debug messages>

13.9.162. Executing OPT_EXPR pass (perform const folding).
Optimizing module ga2.

13.9.163. Rerunning OPT passes. (Maybe there is more to do..)

13.9.164. Executing OPT_MUXTREE pass (detect dead branches in mux trees).
Running muxtree optimizer on module \ga2..
  Creating internal representation of mux trees.
  Evaluating internal representation of mux trees.
  Analyzing evaluation results.
Removed 0 multiplexer ports.
<suppressed ~82 debug messages>

13.9.165. Executing OPT_REDUCE pass (consolidate $*mux and $reduce_* inputs).
  Optimizing cells in module \ga2.
Performed a total of 0 changes.

13.9.166. Executing OPT_MERGE pass (detect identical cells).
Finding identical cells in module `\ga2'.
Removed a total of 0 cells.

13.9.167. Executing OPT_DFF pass (perform DFF optimizations).
Adding SRST signal on $auto$ff.cc:266:slice$3301 ($sdffce) from module ga2 (D = 1'x, Q = \u_sm.div.n_r [23], rval = 1'0).
Setting constant 0-bit at position 0 on $auto$ff.cc:266:slice$3302 ($sdffce) from module ga2.

13.9.168. Executing OPT_CLEAN pass (remove unused cells and wires).
Finding unused cells or wires in module \ga2..
Removed 1 unused cells and 1 unused wires.
<suppressed ~2 debug messages>

13.9.169. Executing OPT_EXPR pass (perform const folding).
Optimizing module ga2.

13.9.170. Rerunning OPT passes. (Maybe there is more to do..)

13.9.171. Executing OPT_MUXTREE pass (detect dead branches in mux trees).
Running muxtree optimizer on module \ga2..
  Creating internal representation of mux trees.
  Evaluating internal representation of mux trees.
  Analyzing evaluation results.
Removed 0 multiplexer ports.
<suppressed ~82 debug messages>

13.9.172. Executing OPT_REDUCE pass (consolidate $*mux and $reduce_* inputs).
  Optimizing cells in module \ga2.
Performed a total of 0 changes.

13.9.173. Executing OPT_MERGE pass (detect identical cells).
Finding identical cells in module `\ga2'.
Removed a total of 0 cells.

13.9.174. Executing OPT_DFF pass (perform DFF optimizations).
Adding SRST signal on $auto$ff.cc:266:slice$3305 ($sdffce) from module ga2 (D = 1'x, Q = \u_sm.div.n_r [24], rval = 1'0).
Setting constant 0-bit at position 0 on $auto$ff.cc:266:slice$3306 ($sdffce) from module ga2.

13.9.175. Executing OPT_CLEAN pass (remove unused cells and wires).
Finding unused cells or wires in module \ga2..
Removed 1 unused cells and 1 unused wires.
<suppressed ~2 debug messages>

13.9.176. Executing OPT_EXPR pass (perform const folding).
Optimizing module ga2.

13.9.177. Rerunning OPT passes. (Maybe there is more to do..)

13.9.178. Executing OPT_MUXTREE pass (detect dead branches in mux trees).
Running muxtree optimizer on module \ga2..
  Creating internal representation of mux trees.
  Evaluating internal representation of mux trees.
  Analyzing evaluation results.
Removed 0 multiplexer ports.
<suppressed ~82 debug messages>

13.9.179. Executing OPT_REDUCE pass (consolidate $*mux and $reduce_* inputs).
  Optimizing cells in module \ga2.
Performed a total of 0 changes.

13.9.180. Executing OPT_MERGE pass (detect identical cells).
Finding identical cells in module `\ga2'.
Removed a total of 0 cells.

13.9.181. Executing OPT_DFF pass (perform DFF optimizations).
Adding SRST signal on $auto$ff.cc:266:slice$3309 ($sdffce) from module ga2 (D = 1'x, Q = \u_sm.div.n_r [25], rval = 1'0).
Setting constant 0-bit at position 0 on $auto$ff.cc:266:slice$3310 ($sdffce) from module ga2.

13.9.182. Executing OPT_CLEAN pass (remove unused cells and wires).
Finding unused cells or wires in module \ga2..
Removed 1 unused cells and 1 unused wires.
<suppressed ~2 debug messages>

13.9.183. Executing OPT_EXPR pass (perform const folding).
Optimizing module ga2.

13.9.184. Rerunning OPT passes. (Maybe there is more to do..)

13.9.185. Executing OPT_MUXTREE pass (detect dead branches in mux trees).
Running muxtree optimizer on module \ga2..
  Creating internal representation of mux trees.
  Evaluating internal representation of mux trees.
  Analyzing evaluation results.
Removed 0 multiplexer ports.
<suppressed ~82 debug messages>

13.9.186. Executing OPT_REDUCE pass (consolidate $*mux and $reduce_* inputs).
  Optimizing cells in module \ga2.
Performed a total of 0 changes.

13.9.187. Executing OPT_MERGE pass (detect identical cells).
Finding identical cells in module `\ga2'.
Removed a total of 0 cells.

13.9.188. Executing OPT_DFF pass (perform DFF optimizations).
Adding SRST signal on $auto$ff.cc:266:slice$3313 ($sdffce) from module ga2 (D = 1'x, Q = \u_sm.div.n_r [26], rval = 1'0).
Setting constant 0-bit at position 0 on $auto$ff.cc:266:slice$3314 ($sdffce) from module ga2.

13.9.189. Executing OPT_CLEAN pass (remove unused cells and wires).
Finding unused cells or wires in module \ga2..
Removed 1 unused cells and 1 unused wires.
<suppressed ~2 debug messages>

13.9.190. Executing OPT_EXPR pass (perform const folding).
Optimizing module ga2.

13.9.191. Rerunning OPT passes. (Maybe there is more to do..)

13.9.192. Executing OPT_MUXTREE pass (detect dead branches in mux trees).
Running muxtree optimizer on module \ga2..
  Creating internal representation of mux trees.
  Evaluating internal representation of mux trees.
  Analyzing evaluation results.
Removed 0 multiplexer ports.
<suppressed ~82 debug messages>

13.9.193. Executing OPT_REDUCE pass (consolidate $*mux and $reduce_* inputs).
  Optimizing cells in module \ga2.
Performed a total of 0 changes.

13.9.194. Executing OPT_MERGE pass (detect identical cells).
Finding identical cells in module `\ga2'.
Removed a total of 0 cells.

13.9.195. Executing OPT_DFF pass (perform DFF optimizations).
Adding SRST signal on $auto$ff.cc:266:slice$3317 ($sdffce) from module ga2 (D = 1'x, Q = \u_sm.div.n_r [27], rval = 1'0).
Setting constant 0-bit at position 0 on $auto$ff.cc:266:slice$3318 ($sdffce) from module ga2.

13.9.196. Executing OPT_CLEAN pass (remove unused cells and wires).
Finding unused cells or wires in module \ga2..
Removed 1 unused cells and 1 unused wires.
<suppressed ~2 debug messages>

13.9.197. Executing OPT_EXPR pass (perform const folding).
Optimizing module ga2.

13.9.198. Rerunning OPT passes. (Maybe there is more to do..)

13.9.199. Executing OPT_MUXTREE pass (detect dead branches in mux trees).
Running muxtree optimizer on module \ga2..
  Creating internal representation of mux trees.
  Evaluating internal representation of mux trees.
  Analyzing evaluation results.
Removed 0 multiplexer ports.
<suppressed ~82 debug messages>

13.9.200. Executing OPT_REDUCE pass (consolidate $*mux and $reduce_* inputs).
  Optimizing cells in module \ga2.
Performed a total of 0 changes.

13.9.201. Executing OPT_MERGE pass (detect identical cells).
Finding identical cells in module `\ga2'.
Removed a total of 0 cells.

13.9.202. Executing OPT_DFF pass (perform DFF optimizations).
Adding SRST signal on $auto$ff.cc:266:slice$3321 ($sdffce) from module ga2 (D = 1'x, Q = \u_sm.div.n_r [28], rval = 1'0).
Setting constant 0-bit at position 0 on $auto$ff.cc:266:slice$3322 ($sdffce) from module ga2.

13.9.203. Executing OPT_CLEAN pass (remove unused cells and wires).
Finding unused cells or wires in module \ga2..
Removed 1 unused cells and 1 unused wires.
<suppressed ~2 debug messages>

13.9.204. Executing OPT_EXPR pass (perform const folding).
Optimizing module ga2.

13.9.205. Rerunning OPT passes. (Maybe there is more to do..)

13.9.206. Executing OPT_MUXTREE pass (detect dead branches in mux trees).
Running muxtree optimizer on module \ga2..
  Creating internal representation of mux trees.
  Evaluating internal representation of mux trees.
  Analyzing evaluation results.
Removed 0 multiplexer ports.
<suppressed ~82 debug messages>

13.9.207. Executing OPT_REDUCE pass (consolidate $*mux and $reduce_* inputs).
  Optimizing cells in module \ga2.
Performed a total of 0 changes.

13.9.208. Executing OPT_MERGE pass (detect identical cells).
Finding identical cells in module `\ga2'.
Removed a total of 0 cells.

13.9.209. Executing OPT_DFF pass (perform DFF optimizations).
Adding SRST signal on $auto$ff.cc:266:slice$3325 ($sdffce) from module ga2 (D = 1'x, Q = \u_sm.div.n_r [29], rval = 1'0).
Setting constant 0-bit at position 0 on $auto$ff.cc:266:slice$3326 ($sdffce) from module ga2.

13.9.210. Executing OPT_CLEAN pass (remove unused cells and wires).
Finding unused cells or wires in module \ga2..
Removed 1 unused cells and 1 unused wires.
<suppressed ~2 debug messages>

13.9.211. Executing OPT_EXPR pass (perform const folding).
Optimizing module ga2.

13.9.212. Rerunning OPT passes. (Maybe there is more to do..)

13.9.213. Executing OPT_MUXTREE pass (detect dead branches in mux trees).
Running muxtree optimizer on module \ga2..
  Creating internal representation of mux trees.
  Evaluating internal representation of mux trees.
  Analyzing evaluation results.
Removed 0 multiplexer ports.
<suppressed ~82 debug messages>

13.9.214. Executing OPT_REDUCE pass (consolidate $*mux and $reduce_* inputs).
  Optimizing cells in module \ga2.
Performed a total of 0 changes.

13.9.215. Executing OPT_MERGE pass (detect identical cells).
Finding identical cells in module `\ga2'.
Removed a total of 0 cells.

13.9.216. Executing OPT_DFF pass (perform DFF optimizations).
Adding SRST signal on $auto$ff.cc:266:slice$3329 ($sdffce) from module ga2 (D = 1'x, Q = \u_sm.div.n_r [30], rval = 1'0).
Setting constant 0-bit at position 0 on $auto$ff.cc:266:slice$3330 ($sdffce) from module ga2.

13.9.217. Executing OPT_CLEAN pass (remove unused cells and wires).
Finding unused cells or wires in module \ga2..
Removed 1 unused cells and 1 unused wires.
<suppressed ~2 debug messages>

13.9.218. Executing OPT_EXPR pass (perform const folding).
Optimizing module ga2.

13.9.219. Rerunning OPT passes. (Maybe there is more to do..)

13.9.220. Executing OPT_MUXTREE pass (detect dead branches in mux trees).
Running muxtree optimizer on module \ga2..
  Creating internal representation of mux trees.
  Evaluating internal representation of mux trees.
  Analyzing evaluation results.
Removed 0 multiplexer ports.
<suppressed ~82 debug messages>

13.9.221. Executing OPT_REDUCE pass (consolidate $*mux and $reduce_* inputs).
  Optimizing cells in module \ga2.
Performed a total of 0 changes.

13.9.222. Executing OPT_MERGE pass (detect identical cells).
Finding identical cells in module `\ga2'.
Removed a total of 0 cells.

13.9.223. Executing OPT_DFF pass (perform DFF optimizations).
Adding SRST signal on $auto$ff.cc:266:slice$3333 ($sdffce) from module ga2 (D = 1'x, Q = \u_sm.div.n_r [31], rval = 1'0).
Setting constant 0-bit at position 0 on $auto$ff.cc:266:slice$3334 ($sdffce) from module ga2.

13.9.224. Executing OPT_CLEAN pass (remove unused cells and wires).
Finding unused cells or wires in module \ga2..
Removed 1 unused cells and 1 unused wires.
<suppressed ~2 debug messages>

13.9.225. Executing OPT_EXPR pass (perform const folding).
Optimizing module ga2.

13.9.226. Rerunning OPT passes. (Maybe there is more to do..)

13.9.227. Executing OPT_MUXTREE pass (detect dead branches in mux trees).
Running muxtree optimizer on module \ga2..
  Creating internal representation of mux trees.
  Evaluating internal representation of mux trees.
  Analyzing evaluation results.
Removed 0 multiplexer ports.
<suppressed ~82 debug messages>

13.9.228. Executing OPT_REDUCE pass (consolidate $*mux and $reduce_* inputs).
  Optimizing cells in module \ga2.
Performed a total of 0 changes.

13.9.229. Executing OPT_MERGE pass (detect identical cells).
Finding identical cells in module `\ga2'.
Removed a total of 0 cells.

13.9.230. Executing OPT_DFF pass (perform DFF optimizations).
Adding SRST signal on $auto$ff.cc:266:slice$3337 ($sdffce) from module ga2 (D = 1'x, Q = \u_sm.div.n_r [32], rval = 1'0).
Setting constant 0-bit at position 0 on $auto$ff.cc:266:slice$3338 ($sdffce) from module ga2.

13.9.231. Executing OPT_CLEAN pass (remove unused cells and wires).
Finding unused cells or wires in module \ga2..
Removed 1 unused cells and 1 unused wires.
<suppressed ~2 debug messages>

13.9.232. Executing OPT_EXPR pass (perform const folding).
Optimizing module ga2.

13.9.233. Rerunning OPT passes. (Maybe there is more to do..)

13.9.234. Executing OPT_MUXTREE pass (detect dead branches in mux trees).
Running muxtree optimizer on module \ga2..
  Creating internal representation of mux trees.
  Evaluating internal representation of mux trees.
  Analyzing evaluation results.
Removed 0 multiplexer ports.
<suppressed ~82 debug messages>

13.9.235. Executing OPT_REDUCE pass (consolidate $*mux and $reduce_* inputs).
  Optimizing cells in module \ga2.
Performed a total of 0 changes.

13.9.236. Executing OPT_MERGE pass (detect identical cells).
Finding identical cells in module `\ga2'.
Removed a total of 0 cells.

13.9.237. Executing OPT_DFF pass (perform DFF optimizations).
Adding SRST signal on $auto$ff.cc:266:slice$3341 ($sdffce) from module ga2 (D = 1'x, Q = \u_sm.div.n_r [33], rval = 1'0).
Setting constant 0-bit at position 0 on $auto$ff.cc:266:slice$3342 ($sdffce) from module ga2.

13.9.238. Executing OPT_CLEAN pass (remove unused cells and wires).
Finding unused cells or wires in module \ga2..
Removed 1 unused cells and 1 unused wires.
<suppressed ~2 debug messages>

13.9.239. Executing OPT_EXPR pass (perform const folding).
Optimizing module ga2.

13.9.240. Rerunning OPT passes. (Maybe there is more to do..)

13.9.241. Executing OPT_MUXTREE pass (detect dead branches in mux trees).
Running muxtree optimizer on module \ga2..
  Creating internal representation of mux trees.
  Evaluating internal representation of mux trees.
  Analyzing evaluation results.
Removed 0 multiplexer ports.
<suppressed ~82 debug messages>

13.9.242. Executing OPT_REDUCE pass (consolidate $*mux and $reduce_* inputs).
  Optimizing cells in module \ga2.
Performed a total of 0 changes.

13.9.243. Executing OPT_MERGE pass (detect identical cells).
Finding identical cells in module `\ga2'.
Removed a total of 0 cells.

13.9.244. Executing OPT_DFF pass (perform DFF optimizations).
Adding SRST signal on $auto$ff.cc:266:slice$3345 ($sdffce) from module ga2 (D = 1'x, Q = \u_sm.div.n_r [34], rval = 1'0).
Setting constant 0-bit at position 0 on $auto$ff.cc:266:slice$3346 ($sdffce) from module ga2.

13.9.245. Executing OPT_CLEAN pass (remove unused cells and wires).
Finding unused cells or wires in module \ga2..
Removed 1 unused cells and 1 unused wires.
<suppressed ~2 debug messages>

13.9.246. Executing OPT_EXPR pass (perform const folding).
Optimizing module ga2.

13.9.247. Rerunning OPT passes. (Maybe there is more to do..)

13.9.248. Executing OPT_MUXTREE pass (detect dead branches in mux trees).
Running muxtree optimizer on module \ga2..
  Creating internal representation of mux trees.
  Evaluating internal representation of mux trees.
  Analyzing evaluation results.
Removed 0 multiplexer ports.
<suppressed ~82 debug messages>

13.9.249. Executing OPT_REDUCE pass (consolidate $*mux and $reduce_* inputs).
  Optimizing cells in module \ga2.
Performed a total of 0 changes.

13.9.250. Executing OPT_MERGE pass (detect identical cells).
Finding identical cells in module `\ga2'.
Removed a total of 0 cells.

13.9.251. Executing OPT_DFF pass (perform DFF optimizations).
Adding SRST signal on $auto$ff.cc:266:slice$3349 ($sdffce) from module ga2 (D = 1'x, Q = \u_sm.div.n_r [35], rval = 1'0).
Setting constant 0-bit at position 0 on $auto$ff.cc:266:slice$3350 ($sdffce) from module ga2.

13.9.252. Executing OPT_CLEAN pass (remove unused cells and wires).
Finding unused cells or wires in module \ga2..
Removed 1 unused cells and 1 unused wires.
<suppressed ~2 debug messages>

13.9.253. Executing OPT_EXPR pass (perform const folding).
Optimizing module ga2.

13.9.254. Rerunning OPT passes. (Maybe there is more to do..)

13.9.255. Executing OPT_MUXTREE pass (detect dead branches in mux trees).
Running muxtree optimizer on module \ga2..
  Creating internal representation of mux trees.
  Evaluating internal representation of mux trees.
  Analyzing evaluation results.
Removed 0 multiplexer ports.
<suppressed ~82 debug messages>

13.9.256. Executing OPT_REDUCE pass (consolidate $*mux and $reduce_* inputs).
  Optimizing cells in module \ga2.
Performed a total of 0 changes.

13.9.257. Executing OPT_MERGE pass (detect identical cells).
Finding identical cells in module `\ga2'.
Removed a total of 0 cells.

13.9.258. Executing OPT_DFF pass (perform DFF optimizations).
Adding SRST signal on $auto$ff.cc:266:slice$3353 ($sdffce) from module ga2 (D = 1'x, Q = \u_sm.div.n_r [36], rval = 1'0).
Setting constant 0-bit at position 0 on $auto$ff.cc:266:slice$3354 ($sdffce) from module ga2.

13.9.259. Executing OPT_CLEAN pass (remove unused cells and wires).
Finding unused cells or wires in module \ga2..
Removed 1 unused cells and 1 unused wires.
<suppressed ~2 debug messages>

13.9.260. Executing OPT_EXPR pass (perform const folding).
Optimizing module ga2.

13.9.261. Rerunning OPT passes. (Maybe there is more to do..)

13.9.262. Executing OPT_MUXTREE pass (detect dead branches in mux trees).
Running muxtree optimizer on module \ga2..
  Creating internal representation of mux trees.
  Evaluating internal representation of mux trees.
  Analyzing evaluation results.
Removed 0 multiplexer ports.
<suppressed ~82 debug messages>

13.9.263. Executing OPT_REDUCE pass (consolidate $*mux and $reduce_* inputs).
  Optimizing cells in module \ga2.
Performed a total of 0 changes.

13.9.264. Executing OPT_MERGE pass (detect identical cells).
Finding identical cells in module `\ga2'.
Removed a total of 0 cells.

13.9.265. Executing OPT_DFF pass (perform DFF optimizations).
Adding SRST signal on $auto$ff.cc:266:slice$3357 ($sdffce) from module ga2 (D = 1'x, Q = \u_sm.div.n_r [37], rval = 1'0).
Setting constant 0-bit at position 0 on $auto$ff.cc:266:slice$3358 ($sdffce) from module ga2.

13.9.266. Executing OPT_CLEAN pass (remove unused cells and wires).
Finding unused cells or wires in module \ga2..
Removed 1 unused cells and 1 unused wires.
<suppressed ~2 debug messages>

13.9.267. Executing OPT_EXPR pass (perform const folding).
Optimizing module ga2.

13.9.268. Rerunning OPT passes. (Maybe there is more to do..)

13.9.269. Executing OPT_MUXTREE pass (detect dead branches in mux trees).
Running muxtree optimizer on module \ga2..
  Creating internal representation of mux trees.
  Evaluating internal representation of mux trees.
  Analyzing evaluation results.
Removed 0 multiplexer ports.
<suppressed ~82 debug messages>

13.9.270. Executing OPT_REDUCE pass (consolidate $*mux and $reduce_* inputs).
  Optimizing cells in module \ga2.
Performed a total of 0 changes.

13.9.271. Executing OPT_MERGE pass (detect identical cells).
Finding identical cells in module `\ga2'.
Removed a total of 0 cells.

13.9.272. Executing OPT_DFF pass (perform DFF optimizations).

13.9.273. Executing OPT_CLEAN pass (remove unused cells and wires).
Finding unused cells or wires in module \ga2..

13.9.274. Executing OPT_EXPR pass (perform const folding).
Optimizing module ga2.

13.9.275. Finished OPT passes. (There is nothing left to do.)

13.10. Executing WREDUCE pass (reducing word size of cells).
Removed top 24 address bits (of 32) from memory init port ga2.$flatten\u_sm.\lut.$auto$mem.cc:319:emit$595 ($flatten\u_sm.\lut.$auto$proc_rom.cc:150:do_switch$593).
Removed top 3 bits (of 4) from port B of cell ga2.$eq$rtl/ga2.v:20$399 ($eq).
Removed top 2 bits (of 4) from port B of cell ga2.$eq$rtl/ga2.v:22$401 ($eq).
Removed top 2 bits (of 4) from port B of cell ga2.$eq$rtl/ga2.v:24$403 ($eq).
Removed top 1 bits (of 4) from port B of cell ga2.$eq$rtl/ga2.v:26$405 ($eq).
Removed top 1 bits (of 4) from port B of cell ga2.$eq$rtl/ga2.v:28$407 ($eq).
Removed top 1 bits (of 4) from port B of cell ga2.$eq$rtl/ga2.v:30$409 ($eq).
Removed top 1 bits (of 4) from port B of cell ga2.$eq$rtl/ga2.v:32$411 ($eq).
Removed top 2 bits (of 4) from port B of cell ga2.$eq$rtl/ga2.v:37$415 ($eq).
Removed top 2 bits (of 4) from port B of cell ga2.$eq$rtl/ga2.v:37$416 ($eq).
Removed top 1 bits (of 4) from port B of cell ga2.$eq$rtl/ga2.v:37$417 ($eq).
Removed top 1 bits (of 4) from port B of cell ga2.$eq$rtl/ga2.v:37$418 ($eq).
Removed top 1 bits (of 4) from port B of cell ga2.$eq$rtl/ga2.v:37$419 ($eq).
Removed top 1 bits (of 4) from port B of cell ga2.$eq$rtl/ga2.v:37$420 ($eq).
Removed top 3 bits (of 4) from port B of cell ga2.$eq$rtl/ga2.v:38$429 ($eq).
Removed top 31 bits (of 32) from port B of cell ga2.$add$rtl/ga2.v:46$491 ($add).
Removed top 31 bits (of 32) from port B of cell ga2.$add$rtl/ga2.v:53$496 ($add).
Removed top 31 bits (of 32) from port B of cell ga2.$add$rtl/ga2.v:53$500 ($add).
Removed top 31 bits (of 32) from port B of cell ga2.$add$rtl/ga2.v:53$501 ($add).
Removed top 31 bits (of 32) from port B of cell ga2.$add$rtl/ga2.v:54$502 ($add).
Removed top 16 bits (of 32) from port Y of cell ga2.$add$rtl/ga2.v:54$502 ($add).
Removed top 31 bits (of 32) from port B of cell ga2.$add$rtl/ga2.v:54$503 ($add).
Removed top 31 bits (of 32) from port B of cell ga2.$flatten\u_ld.$sub$rtl/dma.v:21$588 ($sub).
Removed top 19 bits (of 32) from port Y of cell ga2.$flatten\u_ld.$sub$rtl/dma.v:21$588 ($sub).
Removed top 31 bits (of 32) from port B of cell ga2.$flatten\u_ld.$add$rtl/dma.v:20$587 ($add).
Removed top 20 bits (of 32) from port Y of cell ga2.$flatten\u_ld.$add$rtl/dma.v:20$587 ($add).
Removed top 31 bits (of 32) from port B of cell ga2.$flatten\u_ld.$add$rtl/dma.v:18$586 ($add).
Removed top 20 bits (of 32) from port Y of cell ga2.$flatten\u_ld.$add$rtl/dma.v:18$586 ($add).
Removed top 31 bits (of 32) from port B of cell ga2.$flatten\u_st.$sub$rtl/ga2_vec.v:16$118 ($sub).
Removed top 19 bits (of 32) from port Y of cell ga2.$flatten\u_st.$sub$rtl/ga2_vec.v:16$118 ($sub).
Removed top 31 bits (of 32) from port B of cell ga2.$flatten\u_st.$add$rtl/ga2_vec.v:16$117 ($add).
Removed top 20 bits (of 32) from port Y of cell ga2.$flatten\u_st.$add$rtl/ga2_vec.v:16$117 ($add).
Removed top 31 bits (of 32) from port B of cell ga2.$flatten\u_st.$add$rtl/ga2_vec.v:15$116 ($add).
Removed top 20 bits (of 32) from port Y of cell ga2.$flatten\u_st.$add$rtl/ga2_vec.v:15$116 ($add).
Removed top 16 bits (of 32) from port Y of cell ga2.$flatten\u_mm.\arr.\row[0].col[1].u.$mul$rtl/systolic.v:8$16 ($mul).
Removed top 16 bits (of 32) from port Y of cell ga2.$flatten\u_mm.\arr.\row[0].col[2].u.$mul$rtl/systolic.v:8$16 ($mul).
Removed top 16 bits (of 32) from port Y of cell ga2.$flatten\u_mm.\arr.\row[0].col[3].u.$mul$rtl/systolic.v:8$16 ($mul).
Removed top 16 bits (of 32) from port Y of cell ga2.$flatten\u_mm.\arr.\row[1].col[0].u.$mul$rtl/systolic.v:8$16 ($mul).
Removed top 16 bits (of 32) from port Y of cell ga2.$flatten\u_mm.\arr.\row[1].col[1].u.$mul$rtl/systolic.v:8$16 ($mul).
Removed top 16 bits (of 32) from port Y of cell ga2.$flatten\u_mm.\arr.\row[1].col[2].u.$mul$rtl/systolic.v:8$16 ($mul).
Removed top 16 bits (of 32) from port Y of cell ga2.$flatten\u_mm.\arr.\row[1].col[3].u.$mul$rtl/systolic.v:8$16 ($mul).
Removed top 16 bits (of 32) from port Y of cell ga2.$flatten\u_mm.\arr.\row[2].col[0].u.$mul$rtl/systolic.v:8$16 ($mul).
Removed top 16 bits (of 32) from port Y of cell ga2.$flatten\u_mm.\arr.\row[2].col[1].u.$mul$rtl/systolic.v:8$16 ($mul).
Removed top 16 bits (of 32) from port Y of cell ga2.$flatten\u_mm.\arr.\row[2].col[2].u.$mul$rtl/systolic.v:8$16 ($mul).
Removed top 16 bits (of 32) from port Y of cell ga2.$flatten\u_mm.\arr.\row[2].col[3].u.$mul$rtl/systolic.v:8$16 ($mul).
Removed top 16 bits (of 32) from port Y of cell ga2.$flatten\u_mm.\arr.\row[3].col[0].u.$mul$rtl/systolic.v:8$16 ($mul).
Removed top 16 bits (of 32) from port Y of cell ga2.$flatten\u_mm.\arr.\row[3].col[1].u.$mul$rtl/systolic.v:8$16 ($mul).
Removed top 16 bits (of 32) from port Y of cell ga2.$flatten\u_mm.\arr.\row[3].col[2].u.$mul$rtl/systolic.v:8$16 ($mul).
Removed top 16 bits (of 32) from port Y of cell ga2.$flatten\u_mm.\arr.\row[3].col[3].u.$mul$rtl/systolic.v:8$16 ($mul).
Removed top 16 bits (of 32) from port B of cell ga2.$flatten\u_mm.\arr.\row[0].col[1].u.$add$rtl/systolic.v:8$17 ($add).
Removed top 16 bits (of 32) from port B of cell ga2.$flatten\u_mm.\arr.\row[0].col[2].u.$add$rtl/systolic.v:8$17 ($add).
Removed top 16 bits (of 32) from port B of cell ga2.$flatten\u_mm.\arr.\row[0].col[3].u.$add$rtl/systolic.v:8$17 ($add).
Removed top 16 bits (of 32) from port B of cell ga2.$flatten\u_mm.\arr.\row[1].col[0].u.$add$rtl/systolic.v:8$17 ($add).
Removed top 16 bits (of 32) from port B of cell ga2.$flatten\u_mm.\arr.\row[1].col[1].u.$add$rtl/systolic.v:8$17 ($add).
Removed top 16 bits (of 32) from port B of cell ga2.$flatten\u_mm.\arr.\row[1].col[2].u.$add$rtl/systolic.v:8$17 ($add).
Removed top 16 bits (of 32) from port B of cell ga2.$flatten\u_mm.\arr.\row[1].col[3].u.$add$rtl/systolic.v:8$17 ($add).
Removed top 16 bits (of 32) from port B of cell ga2.$flatten\u_mm.\arr.\row[2].col[0].u.$add$rtl/systolic.v:8$17 ($add).
Removed top 16 bits (of 32) from port B of cell ga2.$flatten\u_mm.\arr.\row[2].col[1].u.$add$rtl/systolic.v:8$17 ($add).
Removed top 16 bits (of 32) from port B of cell ga2.$flatten\u_mm.\arr.\row[2].col[2].u.$add$rtl/systolic.v:8$17 ($add).
Removed top 16 bits (of 32) from port B of cell ga2.$flatten\u_mm.\arr.\row[2].col[3].u.$add$rtl/systolic.v:8$17 ($add).
Removed top 16 bits (of 32) from port B of cell ga2.$flatten\u_mm.\arr.\row[3].col[0].u.$add$rtl/systolic.v:8$17 ($add).
Removed top 16 bits (of 32) from port B of cell ga2.$flatten\u_mm.\arr.\row[3].col[1].u.$add$rtl/systolic.v:8$17 ($add).
Removed top 16 bits (of 32) from port B of cell ga2.$flatten\u_mm.\arr.\row[3].col[2].u.$add$rtl/systolic.v:8$17 ($add).
Removed top 16 bits (of 32) from port B of cell ga2.$flatten\u_mm.\arr.\row[3].col[3].u.$add$rtl/systolic.v:8$17 ($add).
Removed top 1 bits (of 7) from FF cell ga2.$auto$ff.cc:266:slice$2936 ($dffe).
Removed top 2 bits (of 4) from port B of cell ga2.$flatten\u_mm.$eq$rtl/ga2_mm.v:17$395 ($eq).
Removed top 2 bits (of 4) from port B of cell ga2.$flatten\u_mm.$eq$rtl/ga2_mm.v:16$391 ($eq).
Removed top 2 bits (of 4) from port B of cell ga2.$flatten\u_mm.$eq$rtl/ga2_mm.v:17$387 ($eq).
Removed top 2 bits (of 4) from port B of cell ga2.$flatten\u_mm.$eq$rtl/ga2_mm.v:16$383 ($eq).
Removed top 3 bits (of 4) from port B of cell ga2.$flatten\u_mm.$eq$rtl/ga2_mm.v:17$379 ($eq).
Removed top 3 bits (of 4) from port B of cell ga2.$flatten\u_mm.$eq$rtl/ga2_mm.v:16$375 ($eq).
Removed top 31 bits (of 32) from port B of cell ga2.$flatten\u_mm.$add$rtl/ga2_mm.v:70$364 ($add).
Removed top 20 bits (of 32) from port Y of cell ga2.$flatten\u_mm.$add$rtl/ga2_mm.v:70$364 ($add).
Removed top 30 bits (of 32) from port B of cell ga2.$flatten\u_mm.$sub$rtl/ga2_mm.v:64$354 ($sub).
Removed top 24 bits (of 32) from port Y of cell ga2.$flatten\u_mm.$add$rtl/ga2_mm.v:64$352 ($add).
Removed top 31 bits (of 32) from port B of cell ga2.$flatten\u_mm.$add$rtl/ga2_mm.v:63$351 ($add).
Removed top 24 bits (of 32) from port Y of cell ga2.$flatten\u_mm.$add$rtl/ga2_mm.v:63$351 ($add).
Removed top 31 bits (of 32) from port B of cell ga2.$flatten\u_mm.$add$rtl/ga2_mm.v:57$346 ($add).
Removed top 28 bits (of 32) from port Y of cell ga2.$flatten\u_mm.$add$rtl/ga2_mm.v:57$346 ($add).
Removed top 31 bits (of 32) from port B of cell ga2.$flatten\u_mm.$sub$rtl/ga2_mm.v:56$337 ($sub).
Removed top 27 bits (of 32) from port Y of cell ga2.$flatten\u_mm.$sub$rtl/ga2_mm.v:56$337 ($sub).
Removed top 31 bits (of 32) from port B of cell ga2.$flatten\u_mm.$add$rtl/ga2_mm.v:49$333 ($add).
Removed top 20 bits (of 32) from port Y of cell ga2.$flatten\u_mm.$add$rtl/ga2_mm.v:49$333 ($add).
Removed top 31 bits (of 32) from port B of cell ga2.$flatten\u_mm.$add$rtl/ga2_mm.v:49$332 ($add).
Removed top 25 bits (of 32) from port Y of cell ga2.$flatten\u_mm.$add$rtl/ga2_mm.v:49$332 ($add).
Removed top 31 bits (of 32) from port B of cell ga2.$flatten\u_mm.$sub$rtl/ga2_mm.v:48$330 ($sub).
Removed top 27 bits (of 32) from port Y of cell ga2.$flatten\u_mm.$sub$rtl/ga2_mm.v:48$330 ($sub).
Removed top 31 bits (of 32) from port B of cell ga2.$flatten\u_mm.$add$rtl/ga2_mm.v:48$327 ($add).
Removed top 28 bits (of 32) from port Y of cell ga2.$flatten\u_mm.$add$rtl/ga2_mm.v:48$327 ($add).
Removed top 31 bits (of 32) from port B of cell ga2.$flatten\u_mm.$sub$rtl/ga2_mm.v:48$325 ($sub).
Removed top 24 bits (of 32) from port Y of cell ga2.$flatten\u_mm.$sub$rtl/ga2_mm.v:48$325 ($sub).
Removed top 26 bits (of 32) from port A of cell ga2.$flatten\u_mm.$add$rtl/ga2_mm.v:35$318 ($add).
Removed top 25 bits (of 32) from port Y of cell ga2.$flatten\u_mm.$add$rtl/ga2_mm.v:35$318 ($add).
Removed top 30 bits (of 32) from port A of cell ga2.$flatten\u_mm.$lt$rtl/ga2_mm.v:29$309 ($lt).
Removed top 30 bits (of 32) from port B of cell ga2.$flatten\u_mm.$sub$rtl/ga2_mm.v:28$306 ($sub).
Removed top 23 bits (of 32) from port Y of cell ga2.$flatten\u_mm.$sub$rtl/ga2_mm.v:28$306 ($sub).
Removed top 30 bits (of 32) from port B of cell ga2.$flatten\u_mm.$ge$rtl/ga2_mm.v:28$304 ($ge).
Removed top 30 bits (of 32) from port A of cell ga2.$flatten\u_mm.$lt$rtl/ga2_mm.v:28$303 ($lt).
Removed top 4 bits (of 6) from port B of cell ga2.$flatten\u_mm.$sub$rtl/ga2_mm.v:26$300 ($sub).
Removed top 30 bits (of 32) from port A of cell ga2.$flatten\u_mm.$lt$rtl/ga2_mm.v:29$294 ($lt).
Removed top 30 bits (of 32) from port B of cell ga2.$flatten\u_mm.$sub$rtl/ga2_mm.v:28$291 ($sub).
Removed top 23 bits (of 32) from port Y of cell ga2.$flatten\u_mm.$sub$rtl/ga2_mm.v:28$291 ($sub).
Removed top 30 bits (of 32) from port B of cell ga2.$flatten\u_mm.$ge$rtl/ga2_mm.v:28$289 ($ge).
Removed top 30 bits (of 32) from port A of cell ga2.$flatten\u_mm.$lt$rtl/ga2_mm.v:28$288 ($lt).
Removed top 4 bits (of 6) from port B of cell ga2.$flatten\u_mm.$sub$rtl/ga2_mm.v:26$285 ($sub).
Removed top 31 bits (of 32) from port A of cell ga2.$flatten\u_mm.$lt$rtl/ga2_mm.v:29$279 ($lt).
Removed top 31 bits (of 32) from port B of cell ga2.$flatten\u_mm.$sub$rtl/ga2_mm.v:28$276 ($sub).
Removed top 23 bits (of 32) from port Y of cell ga2.$flatten\u_mm.$sub$rtl/ga2_mm.v:28$276 ($sub).
Removed top 31 bits (of 32) from port B of cell ga2.$flatten\u_mm.$ge$rtl/ga2_mm.v:28$274 ($ge).
Removed top 31 bits (of 32) from port A of cell ga2.$flatten\u_mm.$lt$rtl/ga2_mm.v:28$273 ($lt).
Removed top 5 bits (of 6) from port B of cell ga2.$flatten\u_mm.$sub$rtl/ga2_mm.v:26$270 ($sub).
Removed top 31 bits (of 32) from port A of cell ga2.$flatten\u_mm.$lt$rtl/ga2_mm.v:29$264 ($lt).
Removed top 24 bits (of 32) from port A of cell ga2.$flatten\u_mm.$lt$rtl/ga2_mm.v:28$262 ($lt).
Removed top 31 bits (of 32) from port B of cell ga2.$flatten\u_mm.$ge$rtl/ga2_mm.v:28$259 ($ge).
Removed top 31 bits (of 32) from port A of cell ga2.$flatten\u_mm.$lt$rtl/ga2_mm.v:28$258 ($lt).
Removed top 16 bits (of 32) from port Y of cell ga2.$flatten\u_mm.\arr.\row[0].col[0].u.$mul$rtl/systolic.v:8$16 ($mul).
Removed top 31 bits (of 32) from port B of cell ga2.$flatten\u_rq.\rqu.$add$rtl/requant.v:7$84 ($add).
Removed top 5 bits (of 6) from port B of cell ga2.$flatten\u_rq.\rqu.$sub$rtl/requant.v:9$88 ($sub).
Removed top 55 bits (of 56) from port A of cell ga2.$flatten\u_rq.\rqu.$shl$rtl/requant.v:9$89 ($shl).
Removed top 1 bits (of 57) from port A of cell ga2.$flatten\u_rq.\rqu.$add$rtl/requant.v:10$91 ($add).
Removed top 1 bits (of 57) from port B of cell ga2.$flatten\u_rq.\rqu.$add$rtl/requant.v:10$91 ($add).
Removed top 50 bits (of 57) from port B of cell ga2.$flatten\u_rq.\rqu.$gt$rtl/requant.v:13$93 ($gt).
Converting cell ga2.$flatten\u_rq.\rqu.$neg$rtl/requant.v:14$95 ($neg) from signed to unsigned.
Removed top 1 bits (of 8) from port A of cell ga2.$flatten\u_rq.\rqu.$neg$rtl/requant.v:14$95 ($neg).
Removed top 31 bits (of 32) from port B of cell ga2.$flatten\u_rq.$sub$rtl/ga2_vec.v:33$129 ($sub).
Removed top 19 bits (of 32) from port Y of cell ga2.$flatten\u_rq.$sub$rtl/ga2_vec.v:33$129 ($sub).
Removed top 31 bits (of 32) from port B of cell ga2.$flatten\u_rq.$add$rtl/ga2_vec.v:33$128 ($add).
Removed top 20 bits (of 32) from port Y of cell ga2.$flatten\u_rq.$add$rtl/ga2_vec.v:33$128 ($add).
Removed top 31 bits (of 32) from port B of cell ga2.$flatten\u_rq.$add$rtl/ga2_vec.v:32$127 ($add).
Removed top 20 bits (of 32) from port Y of cell ga2.$flatten\u_rq.$add$rtl/ga2_vec.v:32$127 ($add).
Removed top 1 bits (of 2) from port B of cell ga2.$auto$opt_dff.cc:195:make_patterns_logic$2991 ($ne).
Removed top 1 bits (of 2) from port B of cell ga2.$auto$opt_dff.cc:195:make_patterns_logic$2989 ($ne).
Removed top 1 bits (of 2) from port B of cell ga2.$auto$opt_dff.cc:195:make_patterns_logic$2920 ($ne).
Removed top 1 bits (of 2) from port B of cell ga2.$auto$opt_dff.cc:195:make_patterns_logic$2907 ($ne).
Removed top 9 bits (of 41) from port B of cell ga2.$flatten\u_sm.\div.$sub$rtl/divu.v:9$505 ($sub).
Removed top 31 bits (of 32) from port B of cell ga2.$flatten\u_sm.\div.$sub$rtl/divu.v:16$511 ($sub).
Removed top 24 bits (of 32) from port Y of cell ga2.$flatten\u_sm.\div.$sub$rtl/divu.v:16$511 ($sub).
Removed top 7 bits (of 8) from port B of cell ga2.$flatten\u_sm.\div.$eq$rtl/divu.v:17$512 ($eq).
Removed top 1 bits (of 40) from FF cell ga2.$auto$ff.cc:266:slice$2699 ($sdffce).
Removed top 1 bits (of 41) from FF cell ga2.$auto$ff.cc:266:slice$2668 ($sdffce).
Removed top 1 bits (of 3) from port B of cell ga2.$auto$opt_dff.cc:195:make_patterns_logic$2440 ($ne).
Removed top 31 bits (of 32) from port B of cell ga2.$flatten\u_sm.$add$rtl/ga2_sm.v:27$209 ($add).
Removed top 20 bits (of 32) from port Y of cell ga2.$flatten\u_sm.$add$rtl/ga2_sm.v:27$209 ($add).
Removed top 31 bits (of 32) from port B of cell ga2.$flatten\u_sm.$add$rtl/ga2_sm.v:23$203 ($add).
Removed top 20 bits (of 32) from port Y of cell ga2.$flatten\u_sm.$add$rtl/ga2_sm.v:23$203 ($add).
Removed top 31 bits (of 32) from port B of cell ga2.$flatten\u_sm.$sub$rtl/ga2_sm.v:15$196 ($sub).
Removed top 19 bits (of 32) from port Y of cell ga2.$flatten\u_sm.$sub$rtl/ga2_sm.v:15$196 ($sub).
Removed top 15 bits (of 32) from mux cell ga2.$flatten\u_sm.$ternary$rtl/ga2_sm.v:14$195 ($mux).
Removed top 34 bits (of 56) from port B of cell ga2.$flatten\u_sm.$add$rtl/ga2_sm.v:12$184 ($add).
Removed top 17 bits (of 56) from port Y of cell ga2.$flatten\u_sm.$add$rtl/ga2_sm.v:12$184 ($add).
Removed top 17 bits (of 56) from port A of cell ga2.$flatten\u_sm.$add$rtl/ga2_sm.v:12$184 ($add).
Removed top 17 bits (of 56) from port Y of cell ga2.$flatten\u_sm.$mul$rtl/ga2_sm.v:12$183 ($mul).
Removed top 9 bits (of 41) from port B of cell ga2.$flatten\u_sm.\div.$ge$rtl/divu.v:8$504 ($ge).
Removed top 1 bits (of 9) from port Y of cell ga2.$flatten\u_sm.$sub$rtl/ga2_sm.v:9$182 ($sub).
Removed top 1 bits (of 9) from port A of cell ga2.$flatten\u_sm.$sub$rtl/ga2_sm.v:9$182 ($sub).
Removed top 1 bits (of 9) from port B of cell ga2.$flatten\u_sm.$sub$rtl/ga2_sm.v:9$182 ($sub).
Removed top 31 bits (of 32) from port B of cell ga2.$flatten\u_va.$sub$rtl/ga2_vec.v:53$151 ($sub).
Removed top 15 bits (of 32) from port Y of cell ga2.$flatten\u_va.$sub$rtl/ga2_vec.v:53$151 ($sub).
Removed top 31 bits (of 32) from port B of cell ga2.$flatten\u_va.$add$rtl/ga2_vec.v:53$150 ($add).
Removed top 20 bits (of 32) from port Y of cell ga2.$flatten\u_va.$add$rtl/ga2_vec.v:53$150 ($add).
Removed top 31 bits (of 32) from port B of cell ga2.$flatten\u_va.$add$rtl/ga2_vec.v:51$146 ($add).
Removed top 15 bits (of 32) from port Y of cell ga2.$flatten\u_va.$add$rtl/ga2_vec.v:51$146 ($add).
Removed top 1 bits (of 9) from port B of cell ga2.$flatten\u_va.$lt$rtl/ga2_vec.v:44$136 ($lt).
Removed top 1 bits (of 9) from port B of cell ga2.$flatten\u_va.$gt$rtl/ga2_vec.v:44$135 ($gt).
Removed top 4 bits (of 16) from mux cell ga2.$flatten\u_va.$ternary$rtl/ga2_vec.v:42$133 ($mux).
Removed top 4 bits (of 16) from port Y of cell ga2.$flatten\u_va.$add$rtl/ga2_vec.v:42$132 ($add).
Removed top 4 bits (of 16) from port B of cell ga2.$flatten\u_va.$add$rtl/ga2_vec.v:42$132 ($add).
Removed top 4 bits (of 16) from port Y of cell ga2.$flatten\u_va.$add$rtl/ga2_vec.v:42$131 ($add).
Removed top 4 bits (of 16) from port B of cell ga2.$flatten\u_va.$add$rtl/ga2_vec.v:42$131 ($add).
Removed top 31 bits (of 32) from port B of cell ga2.$flatten\u_am.$sub$rtl/ga2_vec.v:73$164 ($sub).
Removed top 19 bits (of 32) from port Y of cell ga2.$flatten\u_am.$sub$rtl/ga2_vec.v:73$164 ($sub).
Removed top 31 bits (of 32) from port B of cell ga2.$flatten\u_am.$add$rtl/ga2_vec.v:73$163 ($add).
Removed top 20 bits (of 32) from port Y of cell ga2.$flatten\u_am.$add$rtl/ga2_vec.v:73$163 ($add).
Removed top 31 bits (of 32) from port B of cell ga2.$flatten\u_am.$add$rtl/ga2_vec.v:70$159 ($add).
Removed top 20 bits (of 32) from port Y of cell ga2.$flatten\u_am.$add$rtl/ga2_vec.v:70$159 ($add).
Removed top 1 bits (of 2) from port B of cell ga2.$auto$opt_dff.cc:195:make_patterns_logic$2476 ($ne).
Removed top 31 bits (of 32) from port B of cell ga2.$flatten\u_un.$add$rtl/ga2_vec.v:98$181 ($add).
Removed top 20 bits (of 32) from port Y of cell ga2.$flatten\u_un.$add$rtl/ga2_vec.v:98$181 ($add).
Removed top 31 bits (of 32) from port B of cell ga2.$flatten\u_un.$sub$rtl/ga2_vec.v:98$179 ($sub).
Removed top 19 bits (of 32) from port Y of cell ga2.$flatten\u_un.$sub$rtl/ga2_vec.v:98$179 ($sub).
Removed top 31 bits (of 32) from port B of cell ga2.$flatten\u_un.$add$rtl/ga2_vec.v:96$177 ($add).
Removed top 29 bits (of 32) from port Y of cell ga2.$flatten\u_un.$add$rtl/ga2_vec.v:96$177 ($add).
Removed top 26 bits (of 32) from port B of cell ga2.$flatten\u_un.$shiftx$rtl/ga2_vec.v:0$173 ($shiftx).
Removed top 3 bits (of 15) from port Y of cell ga2.$flatten\u_un.$add$rtl/ga2_vec.v:86$170 ($add).
Removed top 3 bits (of 15) from port A of cell ga2.$flatten\u_un.$add$rtl/ga2_vec.v:86$170 ($add).
Removed top 3 bits (of 15) from port Y of cell ga2.$flatten\u_un.$add$rtl/ga2_vec.v:86$169 ($add).
Removed top 3 bits (of 15) from port B of cell ga2.$flatten\u_un.$add$rtl/ga2_vec.v:86$169 ($add).
Removed top 1 bits (of 41) from mux cell ga2.$flatten\u_sm.\div.$procmux$1924 ($mux).
Removed top 1 bits (of 40) from mux cell ga2.$flatten\u_sm.\div.$procmux$1966 ($mux).
Removed top 1 bits (of 41) from mux cell ga2.$flatten\u_sm.\div.$ternary$rtl/divu.v:9$506 ($mux).
Removed top 1 bits (of 41) from port Y of cell ga2.$flatten\u_sm.\div.$sub$rtl/divu.v:9$505 ($sub).
Removed top 1 bits (of 41) from port A of cell ga2.$flatten\u_sm.\div.$sub$rtl/divu.v:9$505 ($sub).
Removed top 16 bits (of 32) from wire ga2.$add$rtl/ga2.v:54$502_Y.
Removed top 2 bits (of 5) from wire ga2.$auto$fsm_map.cc:170:map_fsm$2134.
Removed top 20 bits (of 32) from wire ga2.$flatten\u_am.$add$rtl/ga2_vec.v:70$159_Y.
Removed top 27 bits (of 32) from wire ga2.$flatten\u_am.$add$rtl/ga2_vec.v:73$163_Y.
Removed top 20 bits (of 32) from wire ga2.$flatten\u_ld.$add$rtl/dma.v:18$586_Y.
Removed top 20 bits (of 32) from wire ga2.$flatten\u_ld.$add$rtl/dma.v:20$587_Y.
Removed top 20 bits (of 32) from wire ga2.$flatten\u_mm.$add$rtl/ga2_mm.v:0$320_Y.
Removed top 28 bits (of 32) from wire ga2.$flatten\u_mm.$add$rtl/ga2_mm.v:48$327_Y.
Removed top 25 bits (of 32) from wire ga2.$flatten\u_mm.$add$rtl/ga2_mm.v:49$332_Y.
Removed top 20 bits (of 32) from wire ga2.$flatten\u_mm.$add$rtl/ga2_mm.v:49$333_Y.
Removed top 28 bits (of 32) from wire ga2.$flatten\u_mm.$add$rtl/ga2_mm.v:57$346_Y.
Removed top 24 bits (of 32) from wire ga2.$flatten\u_mm.$add$rtl/ga2_mm.v:63$351_Y.
Removed top 9 bits (of 12) from wire ga2.$flatten\u_mm.$procmux$724_Y.
Removed top 1 bits (of 12) from wire ga2.$flatten\u_mm.$procmux$726_Y.
Removed top 5 bits (of 12) from wire ga2.$flatten\u_mm.$procmux$739_Y.
Removed top 20 bits (of 32) from wire ga2.$flatten\u_rq.$add$rtl/ga2_vec.v:32$127_Y.
Removed top 22 bits (of 32) from wire ga2.$flatten\u_rq.$sub$rtl/ga2_vec.v:33$129_Y.
Removed top 20 bits (of 32) from wire ga2.$flatten\u_sm.$add$rtl/ga2_sm.v:23$203_Y.
Removed top 20 bits (of 32) from wire ga2.$flatten\u_sm.$add$rtl/ga2_sm.v:27$209_Y.
Removed top 1 bits (of 41) from wire ga2.$flatten\u_sm.\div.$procmux$1924_Y.
Removed top 1 bits (of 40) from wire ga2.$flatten\u_sm.\div.$procmux$1966_Y.
Removed top 24 bits (of 32) from wire ga2.$flatten\u_sm.\div.$sub$rtl/divu.v:16$511_Y.
Removed top 1 bits (of 41) from wire ga2.$flatten\u_sm.\div.$sub$rtl/divu.v:9$505_Y.
Removed top 20 bits (of 32) from wire ga2.$flatten\u_st.$add$rtl/ga2_vec.v:15$116_Y.
Removed top 20 bits (of 32) from wire ga2.$flatten\u_st.$add$rtl/ga2_vec.v:16$117_Y.
Removed top 3 bits (of 15) from wire ga2.$flatten\u_un.$add$rtl/ga2_vec.v:86$169_Y.
Removed top 29 bits (of 32) from wire ga2.$flatten\u_un.$add$rtl/ga2_vec.v:96$177_Y.
Removed top 4 bits (of 16) from wire ga2.$flatten\u_va.$add$rtl/ga2_vec.v:42$131_Y.
Removed top 4 bits (of 16) from wire ga2.$flatten\u_va.$add$rtl/ga2_vec.v:42$132_Y.
Removed top 15 bits (of 32) from wire ga2.$flatten\u_va.$add$rtl/ga2_vec.v:51$146_Y.
Removed top 20 bits (of 32) from wire ga2.$flatten\u_va.$add$rtl/ga2_vec.v:53$150_Y.
Removed top 10 bits (of 12) from wire ga2.$flatten\u_va.$procmux$1626_Y.
Removed top 1 bits (of 17) from wire ga2.$flatten\u_va.$procmux$1634_Y.
Removed top 13 bits (of 32) from wire ga2.sp_rd.

13.11. Executing PEEPOPT pass (run peephole optimizers).

13.12. Executing OPT_CLEAN pass (remove unused cells and wires).
Finding unused cells or wires in module \ga2..
Removed 0 unused cells and 36 unused wires.
<suppressed ~1 debug messages>

13.13. Executing ALUMACC pass (create $alu and $macc cells).
Extracting $alu and $macc cells in module ga2:
  creating $macc model for $add$rtl/ga2.v:46$491 ($add).
  creating $macc model for $add$rtl/ga2.v:53$496 ($add).
  creating $macc model for $add$rtl/ga2.v:53$500 ($add).
  creating $macc model for $add$rtl/ga2.v:53$501 ($add).
  creating $macc model for $add$rtl/ga2.v:54$502 ($add).
  creating $macc model for $add$rtl/ga2.v:54$503 ($add).
  creating $macc model for $flatten\u_am.$add$rtl/ga2_vec.v:62$153 ($add).
  creating $macc model for $flatten\u_am.$add$rtl/ga2_vec.v:70$159 ($add).
  creating $macc model for $flatten\u_am.$add$rtl/ga2_vec.v:73$163 ($add).
  creating $macc model for $flatten\u_am.$sub$rtl/ga2_vec.v:73$164 ($sub).
  creating $macc model for $flatten\u_ld.$add$rtl/dma.v:11$580 ($add).
  creating $macc model for $flatten\u_ld.$add$rtl/dma.v:12$581 ($add).
  creating $macc model for $flatten\u_ld.$add$rtl/dma.v:18$586 ($add).
  creating $macc model for $flatten\u_ld.$add$rtl/dma.v:20$587 ($add).
  creating $macc model for $flatten\u_ld.$sub$rtl/dma.v:21$588 ($sub).
  creating $macc model for $flatten\u_mm.$add$rtl/ga2_mm.v:35$318 ($add).
  creating $macc model for $flatten\u_mm.$add$rtl/ga2_mm.v:48$327 ($add).
  creating $macc model for $flatten\u_mm.$add$rtl/ga2_mm.v:48$328 ($add).
  creating $macc model for $flatten\u_mm.$add$rtl/ga2_mm.v:49$332 ($add).
  creating $macc model for $flatten\u_mm.$add$rtl/ga2_mm.v:49$333 ($add).
  creating $macc model for $flatten\u_mm.$add$rtl/ga2_mm.v:56$341 ($add).
  creating $macc model for $flatten\u_mm.$add$rtl/ga2_mm.v:57$346 ($add).
  creating $macc model for $flatten\u_mm.$add$rtl/ga2_mm.v:57$347 ($add).
  creating $macc model for $flatten\u_mm.$add$rtl/ga2_mm.v:63$351 ($add).
  creating $macc model for $flatten\u_mm.$add$rtl/ga2_mm.v:64$352 ($add).
  creating $macc model for $flatten\u_mm.$add$rtl/ga2_mm.v:64$353 ($add).
  creating $macc model for $flatten\u_mm.$add$rtl/ga2_mm.v:68$359 ($add).
  creating $macc model for $flatten\u_mm.$add$rtl/ga2_mm.v:70$364 ($add).
  creating $macc model for $flatten\u_mm.$sub$rtl/ga2_mm.v:26$270 ($sub).
  creating $macc model for $flatten\u_mm.$sub$rtl/ga2_mm.v:26$285 ($sub).
  creating $macc model for $flatten\u_mm.$sub$rtl/ga2_mm.v:26$300 ($sub).
  creating $macc model for $flatten\u_mm.$sub$rtl/ga2_mm.v:28$276 ($sub).
  creating $macc model for $flatten\u_mm.$sub$rtl/ga2_mm.v:28$291 ($sub).
  creating $macc model for $flatten\u_mm.$sub$rtl/ga2_mm.v:28$306 ($sub).
  creating $macc model for $flatten\u_mm.$sub$rtl/ga2_mm.v:48$325 ($sub).
  creating $macc model for $flatten\u_mm.$sub$rtl/ga2_mm.v:48$330 ($sub).
  creating $macc model for $flatten\u_mm.$sub$rtl/ga2_mm.v:56$337 ($sub).
  creating $macc model for $flatten\u_mm.$sub$rtl/ga2_mm.v:64$354 ($sub).
  creating $macc model for $flatten\u_mm.\arr.\row[0].col[0].u.$add$rtl/systolic.v:8$17 ($add).
  creating $macc model for $flatten\u_mm.\arr.\row[0].col[0].u.$mul$rtl/systolic.v:8$16 ($mul).
  creating $macc model for $flatten\u_mm.\arr.\row[0].col[1].u.$add$rtl/systolic.v:8$17 ($add).
  creating $macc model for $flatten\u_mm.\arr.\row[0].col[1].u.$mul$rtl/systolic.v:8$16 ($mul).
  creating $macc model for $flatten\u_mm.\arr.\row[0].col[2].u.$add$rtl/systolic.v:8$17 ($add).
  creating $macc model for $flatten\u_mm.\arr.\row[0].col[2].u.$mul$rtl/systolic.v:8$16 ($mul).
  creating $macc model for $flatten\u_mm.\arr.\row[0].col[3].u.$add$rtl/systolic.v:8$17 ($add).
  creating $macc model for $flatten\u_mm.\arr.\row[0].col[3].u.$mul$rtl/systolic.v:8$16 ($mul).
  creating $macc model for $flatten\u_mm.\arr.\row[1].col[0].u.$add$rtl/systolic.v:8$17 ($add).
  creating $macc model for $flatten\u_mm.\arr.\row[1].col[0].u.$mul$rtl/systolic.v:8$16 ($mul).
  creating $macc model for $flatten\u_mm.\arr.\row[1].col[1].u.$add$rtl/systolic.v:8$17 ($add).
  creating $macc model for $flatten\u_mm.\arr.\row[1].col[1].u.$mul$rtl/systolic.v:8$16 ($mul).
  creating $macc model for $flatten\u_mm.\arr.\row[1].col[2].u.$add$rtl/systolic.v:8$17 ($add).
  creating $macc model for $flatten\u_mm.\arr.\row[1].col[2].u.$mul$rtl/systolic.v:8$16 ($mul).
  creating $macc model for $flatten\u_mm.\arr.\row[1].col[3].u.$add$rtl/systolic.v:8$17 ($add).
  creating $macc model for $flatten\u_mm.\arr.\row[1].col[3].u.$mul$rtl/systolic.v:8$16 ($mul).
  creating $macc model for $flatten\u_mm.\arr.\row[2].col[0].u.$add$rtl/systolic.v:8$17 ($add).
  creating $macc model for $flatten\u_mm.\arr.\row[2].col[0].u.$mul$rtl/systolic.v:8$16 ($mul).
  creating $macc model for $flatten\u_mm.\arr.\row[2].col[1].u.$add$rtl/systolic.v:8$17 ($add).
  creating $macc model for $flatten\u_mm.\arr.\row[2].col[1].u.$mul$rtl/systolic.v:8$16 ($mul).
  creating $macc model for $flatten\u_mm.\arr.\row[2].col[2].u.$add$rtl/systolic.v:8$17 ($add).
  creating $macc model for $flatten\u_mm.\arr.\row[2].col[2].u.$mul$rtl/systolic.v:8$16 ($mul).
  creating $macc model for $flatten\u_mm.\arr.\row[2].col[3].u.$add$rtl/systolic.v:8$17 ($add).
  creating $macc model for $flatten\u_mm.\arr.\row[2].col[3].u.$mul$rtl/systolic.v:8$16 ($mul).
  creating $macc model for $flatten\u_mm.\arr.\row[3].col[0].u.$add$rtl/systolic.v:8$17 ($add).
  creating $macc model for $flatten\u_mm.\arr.\row[3].col[0].u.$mul$rtl/systolic.v:8$16 ($mul).
  creating $macc model for $flatten\u_mm.\arr.\row[3].col[1].u.$add$rtl/systolic.v:8$17 ($add).
  creating $macc model for $flatten\u_mm.\arr.\row[3].col[1].u.$mul$rtl/systolic.v:8$16 ($mul).
  creating $macc model for $flatten\u_mm.\arr.\row[3].col[2].u.$add$rtl/systolic.v:8$17 ($add).
  creating $macc model for $flatten\u_mm.\arr.\row[3].col[2].u.$mul$rtl/systolic.v:8$16 ($mul).
  creating $macc model for $flatten\u_mm.\arr.\row[3].col[3].u.$add$rtl/systolic.v:8$17 ($add).
  creating $macc model for $flatten\u_mm.\arr.\row[3].col[3].u.$mul$rtl/systolic.v:8$16 ($mul).
  creating $macc model for $flatten\u_rq.$add$rtl/ga2_vec.v:26$120 ($add).
  creating $macc model for $flatten\u_rq.$add$rtl/ga2_vec.v:26$121 ($add).
  creating $macc model for $flatten\u_rq.$add$rtl/ga2_vec.v:32$127 ($add).
  creating $macc model for $flatten\u_rq.$add$rtl/ga2_vec.v:33$128 ($add).
  creating $macc model for $flatten\u_rq.$sub$rtl/ga2_vec.v:33$129 ($sub).
  creating $macc model for $flatten\u_rq.\rqu.$add$rtl/requant.v:10$91 ($add).
  creating $macc model for $flatten\u_rq.\rqu.$add$rtl/requant.v:7$84 ($add).
  creating $macc model for $flatten\u_rq.\rqu.$mul$rtl/requant.v:8$86 ($mul).
  creating $macc model for $flatten\u_rq.\rqu.$neg$rtl/requant.v:14$95 ($neg).
  creating $macc model for $flatten\u_rq.\rqu.$sub$rtl/requant.v:9$88 ($sub).
  creating $macc model for $flatten\u_sm.$add$rtl/ga2_sm.v:12$184 ($add).
  creating $macc model for $flatten\u_sm.$add$rtl/ga2_sm.v:13$186 ($add).
  creating $macc model for $flatten\u_sm.$add$rtl/ga2_sm.v:13$187 ($add).
  creating $macc model for $flatten\u_sm.$add$rtl/ga2_sm.v:14$193 ($add).
  creating $macc model for $flatten\u_sm.$add$rtl/ga2_sm.v:23$203 ($add).
  creating $macc model for $flatten\u_sm.$add$rtl/ga2_sm.v:26$208 ($add).
  creating $macc model for $flatten\u_sm.$add$rtl/ga2_sm.v:27$209 ($add).
  creating $macc model for $flatten\u_sm.$mul$rtl/ga2_sm.v:12$183 ($mul).
  creating $macc model for $flatten\u_sm.$sub$rtl/ga2_sm.v:15$196 ($sub).
  creating $macc model for $flatten\u_sm.$sub$rtl/ga2_sm.v:9$182 ($sub).
  creating $macc model for $flatten\u_sm.\div.$sub$rtl/divu.v:16$511 ($sub).
  creating $macc model for $flatten\u_sm.\div.$sub$rtl/divu.v:9$505 ($sub).
  creating $macc model for $flatten\u_st.$add$rtl/ga2_vec.v:15$116 ($add).
  creating $macc model for $flatten\u_st.$add$rtl/ga2_vec.v:16$117 ($add).
  creating $macc model for $flatten\u_st.$add$rtl/ga2_vec.v:9$109 ($add).
  creating $macc model for $flatten\u_st.$add$rtl/ga2_vec.v:9$110 ($add).
  creating $macc model for $flatten\u_st.$sub$rtl/ga2_vec.v:16$118 ($sub).
  creating $macc model for $flatten\u_un.$add$rtl/ga2_vec.v:86$166 ($add).
  creating $macc model for $flatten\u_un.$add$rtl/ga2_vec.v:86$169 ($add).
  creating $macc model for $flatten\u_un.$add$rtl/ga2_vec.v:86$170 ($add).
  creating $macc model for $flatten\u_un.$add$rtl/ga2_vec.v:96$177 ($add).
  creating $macc model for $flatten\u_un.$add$rtl/ga2_vec.v:98$181 ($add).
  creating $macc model for $flatten\u_un.$sub$rtl/ga2_vec.v:98$179 ($sub).
  creating $macc model for $flatten\u_va.$add$rtl/ga2_vec.v:42$131 ($add).
  creating $macc model for $flatten\u_va.$add$rtl/ga2_vec.v:42$132 ($add).
  creating $macc model for $flatten\u_va.$add$rtl/ga2_vec.v:43$134 ($add).
  creating $macc model for $flatten\u_va.$add$rtl/ga2_vec.v:45$140 ($add).
  creating $macc model for $flatten\u_va.$add$rtl/ga2_vec.v:51$146 ($add).
  creating $macc model for $flatten\u_va.$add$rtl/ga2_vec.v:53$150 ($add).
  creating $macc model for $flatten\u_va.$sub$rtl/ga2_vec.v:53$151 ($sub).
  merging $macc model for $flatten\u_un.$add$rtl/ga2_vec.v:86$169 into $flatten\u_un.$add$rtl/ga2_vec.v:86$170.
  merging $macc model for $flatten\u_sm.$mul$rtl/ga2_sm.v:12$183 into $flatten\u_sm.$add$rtl/ga2_sm.v:12$184.
  merging $macc model for $flatten\u_rq.\rqu.$mul$rtl/requant.v:8$86 into $flatten\u_rq.\rqu.$add$rtl/requant.v:10$91.
  merging $macc model for $flatten\u_mm.\arr.\row[3].col[3].u.$mul$rtl/systolic.v:8$16 into $flatten\u_mm.\arr.\row[3].col[3].u.$add$rtl/systolic.v:8$17.
  merging $macc model for $flatten\u_mm.\arr.\row[3].col[2].u.$mul$rtl/systolic.v:8$16 into $flatten\u_mm.\arr.\row[3].col[2].u.$add$rtl/systolic.v:8$17.
  merging $macc model for $flatten\u_mm.\arr.\row[3].col[1].u.$mul$rtl/systolic.v:8$16 into $flatten\u_mm.\arr.\row[3].col[1].u.$add$rtl/systolic.v:8$17.
  merging $macc model for $flatten\u_mm.\arr.\row[3].col[0].u.$mul$rtl/systolic.v:8$16 into $flatten\u_mm.\arr.\row[3].col[0].u.$add$rtl/systolic.v:8$17.
  merging $macc model for $flatten\u_mm.\arr.\row[2].col[3].u.$mul$rtl/systolic.v:8$16 into $flatten\u_mm.\arr.\row[2].col[3].u.$add$rtl/systolic.v:8$17.
  merging $macc model for $flatten\u_mm.\arr.\row[2].col[2].u.$mul$rtl/systolic.v:8$16 into $flatten\u_mm.\arr.\row[2].col[2].u.$add$rtl/systolic.v:8$17.
  merging $macc model for $flatten\u_mm.\arr.\row[2].col[1].u.$mul$rtl/systolic.v:8$16 into $flatten\u_mm.\arr.\row[2].col[1].u.$add$rtl/systolic.v:8$17.
  merging $macc model for $flatten\u_mm.\arr.\row[2].col[0].u.$mul$rtl/systolic.v:8$16 into $flatten\u_mm.\arr.\row[2].col[0].u.$add$rtl/systolic.v:8$17.
  merging $macc model for $flatten\u_mm.\arr.\row[1].col[3].u.$mul$rtl/systolic.v:8$16 into $flatten\u_mm.\arr.\row[1].col[3].u.$add$rtl/systolic.v:8$17.
  merging $macc model for $flatten\u_mm.\arr.\row[1].col[2].u.$mul$rtl/systolic.v:8$16 into $flatten\u_mm.\arr.\row[1].col[2].u.$add$rtl/systolic.v:8$17.
  merging $macc model for $flatten\u_mm.\arr.\row[1].col[1].u.$mul$rtl/systolic.v:8$16 into $flatten\u_mm.\arr.\row[1].col[1].u.$add$rtl/systolic.v:8$17.
  merging $macc model for $flatten\u_mm.\arr.\row[1].col[0].u.$mul$rtl/systolic.v:8$16 into $flatten\u_mm.\arr.\row[1].col[0].u.$add$rtl/systolic.v:8$17.
  merging $macc model for $flatten\u_mm.\arr.\row[0].col[3].u.$mul$rtl/systolic.v:8$16 into $flatten\u_mm.\arr.\row[0].col[3].u.$add$rtl/systolic.v:8$17.
  merging $macc model for $flatten\u_mm.\arr.\row[0].col[2].u.$mul$rtl/systolic.v:8$16 into $flatten\u_mm.\arr.\row[0].col[2].u.$add$rtl/systolic.v:8$17.
  merging $macc model for $flatten\u_mm.\arr.\row[0].col[1].u.$mul$rtl/systolic.v:8$16 into $flatten\u_mm.\arr.\row[0].col[1].u.$add$rtl/systolic.v:8$17.
  merging $macc model for $flatten\u_mm.$add$rtl/ga2_mm.v:64$353 into $flatten\u_mm.$sub$rtl/ga2_mm.v:64$354.
  creating $alu model for $macc $flatten\u_sm.\div.$sub$rtl/divu.v:16$511.
  creating $alu model for $macc $flatten\u_sm.$sub$rtl/ga2_sm.v:9$182.
  creating $alu model for $macc $flatten\u_sm.$sub$rtl/ga2_sm.v:15$196.
  creating $alu model for $macc $flatten\u_st.$add$rtl/ga2_vec.v:15$116.
  creating $alu model for $macc $flatten\u_sm.$add$rtl/ga2_sm.v:27$209.
  creating $alu model for $macc $flatten\u_sm.$add$rtl/ga2_sm.v:26$208.
  creating $alu model for $macc $flatten\u_sm.$add$rtl/ga2_sm.v:23$203.
  creating $alu model for $macc $flatten\u_sm.$add$rtl/ga2_sm.v:14$193.
  creating $alu model for $macc $flatten\u_sm.$add$rtl/ga2_sm.v:13$187.
  creating $alu model for $macc $flatten\u_sm.$add$rtl/ga2_sm.v:13$186.
  creating $alu model for $macc $flatten\u_rq.\rqu.$sub$rtl/requant.v:9$88.
  creating $alu model for $macc $flatten\u_rq.\rqu.$neg$rtl/requant.v:14$95.
  creating $alu model for $macc $flatten\u_st.$add$rtl/ga2_vec.v:16$117.
  creating $alu model for $macc $flatten\u_rq.\rqu.$add$rtl/requant.v:7$84.
  creating $alu model for $macc $flatten\u_rq.$sub$rtl/ga2_vec.v:33$129.
  creating $alu model for $macc $flatten\u_rq.$add$rtl/ga2_vec.v:33$128.
  creating $alu model for $macc $flatten\u_rq.$add$rtl/ga2_vec.v:32$127.
  creating $alu model for $macc $flatten\u_rq.$add$rtl/ga2_vec.v:26$121.
  creating $alu model for $macc $flatten\u_rq.$add$rtl/ga2_vec.v:26$120.
  creating $alu model for $macc $flatten\u_st.$add$rtl/ga2_vec.v:9$109.
  creating $alu model for $macc $flatten\u_st.$add$rtl/ga2_vec.v:9$110.
  creating $alu model for $macc $flatten\u_st.$sub$rtl/ga2_vec.v:16$118.
  creating $alu model for $macc $flatten\u_un.$add$rtl/ga2_vec.v:86$166.
  creating $alu model for $macc $flatten\u_sm.\div.$sub$rtl/divu.v:9$505.
  creating $alu model for $macc $flatten\u_un.$add$rtl/ga2_vec.v:96$177.
  creating $alu model for $macc $flatten\u_un.$add$rtl/ga2_vec.v:98$181.
  creating $alu model for $macc $flatten\u_un.$sub$rtl/ga2_vec.v:98$179.
  creating $alu model for $macc $flatten\u_va.$add$rtl/ga2_vec.v:42$131.
  creating $alu model for $macc $flatten\u_va.$add$rtl/ga2_vec.v:42$132.
  creating $alu model for $macc $flatten\u_va.$add$rtl/ga2_vec.v:43$134.
  creating $alu model for $macc $flatten\u_va.$add$rtl/ga2_vec.v:45$140.
  creating $alu model for $macc $flatten\u_va.$add$rtl/ga2_vec.v:51$146.
  creating $alu model for $macc $flatten\u_va.$add$rtl/ga2_vec.v:53$150.
  creating $alu model for $macc $flatten\u_mm.\arr.\row[0].col[0].u.$add$rtl/systolic.v:8$17.
  creating $alu model for $macc $flatten\u_mm.$sub$rtl/ga2_mm.v:56$337.
  creating $alu model for $macc $flatten\u_mm.$sub$rtl/ga2_mm.v:48$330.
  creating $alu model for $macc $flatten\u_mm.$sub$rtl/ga2_mm.v:48$325.
  creating $alu model for $macc $flatten\u_mm.$sub$rtl/ga2_mm.v:28$306.
  creating $alu model for $macc $flatten\u_mm.$sub$rtl/ga2_mm.v:28$291.
  creating $alu model for $macc $flatten\u_mm.$sub$rtl/ga2_mm.v:28$276.
  creating $alu model for $macc $flatten\u_mm.$sub$rtl/ga2_mm.v:26$300.
  creating $alu model for $macc $flatten\u_mm.$sub$rtl/ga2_mm.v:26$285.
  creating $alu model for $macc $flatten\u_mm.$sub$rtl/ga2_mm.v:26$270.
  creating $alu model for $macc $flatten\u_mm.$add$rtl/ga2_mm.v:70$364.
  creating $alu model for $macc $flatten\u_mm.$add$rtl/ga2_mm.v:68$359.
  creating $alu model for $macc $flatten\u_va.$sub$rtl/ga2_vec.v:53$151.
  creating $alu model for $macc $flatten\u_mm.$add$rtl/ga2_mm.v:64$352.
  creating $alu model for $macc $flatten\u_mm.$add$rtl/ga2_mm.v:63$351.
  creating $alu model for $macc $flatten\u_mm.$add$rtl/ga2_mm.v:57$347.
  creating $alu model for $macc $flatten\u_mm.$add$rtl/ga2_mm.v:57$346.
  creating $alu model for $macc $flatten\u_mm.$add$rtl/ga2_mm.v:56$341.
  creating $alu model for $macc $flatten\u_mm.$add$rtl/ga2_mm.v:49$333.
  creating $alu model for $macc $flatten\u_mm.$add$rtl/ga2_mm.v:49$332.
  creating $alu model for $macc $flatten\u_mm.$add$rtl/ga2_mm.v:48$328.
  creating $alu model for $macc $flatten\u_mm.$add$rtl/ga2_mm.v:48$327.
  creating $alu model for $macc $flatten\u_mm.$add$rtl/ga2_mm.v:35$318.
  creating $alu model for $macc $flatten\u_ld.$sub$rtl/dma.v:21$588.
  creating $alu model for $macc $flatten\u_ld.$add$rtl/dma.v:20$587.
  creating $alu model for $macc $flatten\u_ld.$add$rtl/dma.v:18$586.
  creating $alu model for $macc $flatten\u_ld.$add$rtl/dma.v:12$581.
  creating $alu model for $macc $flatten\u_ld.$add$rtl/dma.v:11$580.
  creating $alu model for $macc $flatten\u_am.$sub$rtl/ga2_vec.v:73$164.
  creating $alu model for $macc $flatten\u_am.$add$rtl/ga2_vec.v:73$163.
  creating $alu model for $macc $flatten\u_am.$add$rtl/ga2_vec.v:70$159.
  creating $alu model for $macc $flatten\u_am.$add$rtl/ga2_vec.v:62$153.
  creating $alu model for $macc $add$rtl/ga2.v:54$503.
  creating $alu model for $macc $add$rtl/ga2.v:54$502.
  creating $alu model for $macc $add$rtl/ga2.v:53$501.
  creating $alu model for $macc $add$rtl/ga2.v:53$500.
  creating $alu model for $macc $add$rtl/ga2.v:53$496.
  creating $alu model for $macc $add$rtl/ga2.v:46$491.
  creating $macc cell for $flatten\u_mm.$sub$rtl/ga2_mm.v:64$354: $auto$alumacc.cc:365:replace_macc$3396
  creating $macc cell for $flatten\u_mm.\arr.\row[2].col[0].u.$add$rtl/systolic.v:8$17: $auto$alumacc.cc:365:replace_macc$3397
  creating $macc cell for $flatten\u_mm.\arr.\row[1].col[2].u.$add$rtl/systolic.v:8$17: $auto$alumacc.cc:365:replace_macc$3398
  creating $macc cell for $flatten\u_mm.\arr.\row[2].col[1].u.$add$rtl/systolic.v:8$17: $auto$alumacc.cc:365:replace_macc$3399
  creating $macc cell for $flatten\u_rq.\rqu.$add$rtl/requant.v:10$91: $auto$alumacc.cc:365:replace_macc$3400
  creating $macc cell for $flatten\u_mm.\arr.\row[0].col[3].u.$add$rtl/systolic.v:8$17: $auto$alumacc.cc:365:replace_macc$3401
  creating $macc cell for $flatten\u_mm.\arr.\row[2].col[2].u.$add$rtl/systolic.v:8$17: $auto$alumacc.cc:365:replace_macc$3402
  creating $macc cell for $flatten\u_un.$add$rtl/ga2_vec.v:86$170: $auto$alumacc.cc:365:replace_macc$3403
  creating $macc cell for $flatten\u_mm.\arr.\row[2].col[3].u.$add$rtl/systolic.v:8$17: $auto$alumacc.cc:365:replace_macc$3404
  creating $macc cell for $flatten\u_sm.$add$rtl/ga2_sm.v:12$184: $auto$alumacc.cc:365:replace_macc$3405
  creating $macc cell for $flatten\u_mm.\arr.\row[1].col[1].u.$add$rtl/systolic.v:8$17: $auto$alumacc.cc:365:replace_macc$3406
  creating $macc cell for $flatten\u_mm.\arr.\row[3].col[0].u.$add$rtl/systolic.v:8$17: $auto$alumacc.cc:365:replace_macc$3407
  creating $macc cell for $flatten\u_mm.\arr.\row[0].col[2].u.$add$rtl/systolic.v:8$17: $auto$alumacc.cc:365:replace_macc$3408
  creating $macc cell for $flatten\u_mm.\arr.\row[3].col[1].u.$add$rtl/systolic.v:8$17: $auto$alumacc.cc:365:replace_macc$3409
  creating $macc cell for $flatten\u_mm.\arr.\row[1].col[3].u.$add$rtl/systolic.v:8$17: $auto$alumacc.cc:365:replace_macc$3410
  creating $macc cell for $flatten\u_mm.\arr.\row[3].col[2].u.$add$rtl/systolic.v:8$17: $auto$alumacc.cc:365:replace_macc$3411
  creating $macc cell for $flatten\u_mm.\arr.\row[0].col[1].u.$add$rtl/systolic.v:8$17: $auto$alumacc.cc:365:replace_macc$3412
  creating $macc cell for $flatten\u_mm.\arr.\row[3].col[3].u.$add$rtl/systolic.v:8$17: $auto$alumacc.cc:365:replace_macc$3413
  creating $macc cell for $flatten\u_mm.\arr.\row[0].col[0].u.$mul$rtl/systolic.v:8$16: $auto$alumacc.cc:365:replace_macc$3414
  creating $macc cell for $flatten\u_mm.\arr.\row[1].col[0].u.$add$rtl/systolic.v:8$17: $auto$alumacc.cc:365:replace_macc$3415
  creating $alu model for $flatten\u_am.$gt$rtl/ga2_vec.v:72$161 ($gt): new $alu
  creating $alu model for $flatten\u_am.$lt$rtl/ga2_vec.v:70$157 ($lt): new $alu
  creating $alu model for $flatten\u_mm.$ge$rtl/ga2_mm.v:28$259 ($ge): new $alu
  creating $alu model for $flatten\u_mm.$ge$rtl/ga2_mm.v:28$274 ($ge): new $alu
  creating $alu model for $flatten\u_mm.$ge$rtl/ga2_mm.v:28$289 ($ge): new $alu
  creating $alu model for $flatten\u_mm.$ge$rtl/ga2_mm.v:28$304 ($ge): new $alu
  creating $alu model for $flatten\u_mm.$lt$rtl/ga2_mm.v:28$258 ($lt): new $alu
  creating $alu model for $flatten\u_mm.$lt$rtl/ga2_mm.v:28$262 ($lt): new $alu
  creating $alu model for $flatten\u_mm.$lt$rtl/ga2_mm.v:28$273 ($lt): new $alu
  creating $alu model for $flatten\u_mm.$lt$rtl/ga2_mm.v:28$277 ($lt): new $alu
  creating $alu model for $flatten\u_mm.$lt$rtl/ga2_mm.v:28$288 ($lt): new $alu
  creating $alu model for $flatten\u_mm.$lt$rtl/ga2_mm.v:28$292 ($lt): new $alu
  creating $alu model for $flatten\u_mm.$lt$rtl/ga2_mm.v:28$303 ($lt): new $alu
  creating $alu model for $flatten\u_mm.$lt$rtl/ga2_mm.v:28$307 ($lt): new $alu
  creating $alu model for $flatten\u_mm.$lt$rtl/ga2_mm.v:29$264 ($lt): new $alu
  creating $alu model for $flatten\u_mm.$lt$rtl/ga2_mm.v:29$279 ($lt): new $alu
  creating $alu model for $flatten\u_mm.$lt$rtl/ga2_mm.v:29$294 ($lt): new $alu
  creating $alu model for $flatten\u_mm.$lt$rtl/ga2_mm.v:29$309 ($lt): new $alu
  creating $alu model for $flatten\u_rq.$lt$rtl/ga2_vec.v:32$125 ($lt): new $alu
  creating $alu model for $flatten\u_rq.\rqu.$gt$rtl/requant.v:13$93 ($gt): new $alu
  creating $alu model for $flatten\u_sm.$gt$rtl/ga2_sm.v:25$205 ($gt): new $alu
  creating $alu model for $flatten\u_sm.$lt$rtl/ga2_sm.v:23$201 ($lt): new $alu
  creating $alu model for $flatten\u_sm.\div.$ge$rtl/divu.v:8$504 ($ge): new $alu
  creating $alu model for $flatten\u_st.$lt$rtl/ga2_vec.v:15$114 ($lt): new $alu
  creating $alu model for $flatten\u_va.$gt$rtl/ga2_vec.v:44$135 ($gt): new $alu
  creating $alu model for $flatten\u_va.$lt$rtl/ga2_vec.v:44$136 ($lt): new $alu
  creating $alu model for $flatten\u_va.$lt$rtl/ga2_vec.v:51$144 ($lt): new $alu
  creating $alu cell for $flatten\u_va.$lt$rtl/ga2_vec.v:51$144: $auto$alumacc.cc:485:replace_alu$3443
  creating $alu cell for $flatten\u_va.$lt$rtl/ga2_vec.v:44$136: $auto$alumacc.cc:485:replace_alu$3448
  creating $alu cell for $flatten\u_va.$gt$rtl/ga2_vec.v:44$135: $auto$alumacc.cc:485:replace_alu$3461
  creating $alu cell for $flatten\u_st.$lt$rtl/ga2_vec.v:15$114: $auto$alumacc.cc:485:replace_alu$3468
  creating $alu cell for $flatten\u_sm.\div.$ge$rtl/divu.v:8$504: $auto$alumacc.cc:485:replace_alu$3473
  creating $alu cell for $flatten\u_sm.$lt$rtl/ga2_sm.v:23$201: $auto$alumacc.cc:485:replace_alu$3482
  creating $alu cell for $flatten\u_sm.$gt$rtl/ga2_sm.v:25$205: $auto$alumacc.cc:485:replace_alu$3493
  creating $alu cell for $flatten\u_rq.\rqu.$gt$rtl/requant.v:13$93: $auto$alumacc.cc:485:replace_alu$3506
  creating $alu cell for $flatten\u_rq.$lt$rtl/ga2_vec.v:32$125: $auto$alumacc.cc:485:replace_alu$3511
  creating $alu cell for $flatten\u_mm.$lt$rtl/ga2_mm.v:29$309: $auto$alumacc.cc:485:replace_alu$3522
  creating $alu cell for $flatten\u_mm.$lt$rtl/ga2_mm.v:29$294: $auto$alumacc.cc:485:replace_alu$3527
  creating $alu cell for $flatten\u_mm.$lt$rtl/ga2_mm.v:29$279: $auto$alumacc.cc:485:replace_alu$3532
  creating $alu cell for $flatten\u_mm.$lt$rtl/ga2_mm.v:29$264: $auto$alumacc.cc:485:replace_alu$3537
  creating $alu cell for $flatten\u_mm.$lt$rtl/ga2_mm.v:28$307: $auto$alumacc.cc:485:replace_alu$3542
  creating $alu cell for $flatten\u_mm.$lt$rtl/ga2_mm.v:28$303: $auto$alumacc.cc:485:replace_alu$3553
  creating $alu cell for $flatten\u_mm.$lt$rtl/ga2_mm.v:28$292: $auto$alumacc.cc:485:replace_alu$3558
  creating $alu cell for $flatten\u_mm.$lt$rtl/ga2_mm.v:28$288: $auto$alumacc.cc:485:replace_alu$3569
  creating $alu cell for $flatten\u_mm.$lt$rtl/ga2_mm.v:28$277: $auto$alumacc.cc:485:replace_alu$3574
  creating $alu cell for $flatten\u_mm.$lt$rtl/ga2_mm.v:28$273: $auto$alumacc.cc:485:replace_alu$3585
  creating $alu cell for $flatten\u_mm.$lt$rtl/ga2_mm.v:28$262: $auto$alumacc.cc:485:replace_alu$3590
  creating $alu cell for $flatten\u_mm.$lt$rtl/ga2_mm.v:28$258: $auto$alumacc.cc:485:replace_alu$3601
  creating $alu cell for $flatten\u_mm.$ge$rtl/ga2_mm.v:28$304: $auto$alumacc.cc:485:replace_alu$3606
  creating $alu cell for $flatten\u_mm.$ge$rtl/ga2_mm.v:28$289: $auto$alumacc.cc:485:replace_alu$3615
  creating $alu cell for $flatten\u_mm.$ge$rtl/ga2_mm.v:28$259: $auto$alumacc.cc:485:replace_alu$3624
  creating $alu cell for $flatten\u_am.$lt$rtl/ga2_vec.v:70$157: $auto$alumacc.cc:485:replace_alu$3633
  creating $alu cell for $flatten\u_am.$gt$rtl/ga2_vec.v:72$161: $auto$alumacc.cc:485:replace_alu$3644
  creating $alu cell for $add$rtl/ga2.v:46$491: $auto$alumacc.cc:485:replace_alu$3651
  creating $alu cell for $add$rtl/ga2.v:53$496: $auto$alumacc.cc:485:replace_alu$3654
  creating $alu cell for $add$rtl/ga2.v:53$500: $auto$alumacc.cc:485:replace_alu$3657
  creating $alu cell for $add$rtl/ga2.v:53$501: $auto$alumacc.cc:485:replace_alu$3660
  creating $alu cell for $add$rtl/ga2.v:54$502: $auto$alumacc.cc:485:replace_alu$3663
  creating $alu cell for $add$rtl/ga2.v:54$503: $auto$alumacc.cc:485:replace_alu$3666
  creating $alu cell for $flatten\u_am.$add$rtl/ga2_vec.v:62$153: $auto$alumacc.cc:485:replace_alu$3669
  creating $alu cell for $flatten\u_am.$add$rtl/ga2_vec.v:70$159: $auto$alumacc.cc:485:replace_alu$3672
  creating $alu cell for $flatten\u_am.$add$rtl/ga2_vec.v:73$163: $auto$alumacc.cc:485:replace_alu$3675
  creating $alu cell for $flatten\u_am.$sub$rtl/ga2_vec.v:73$164: $auto$alumacc.cc:485:replace_alu$3678
  creating $alu cell for $flatten\u_ld.$add$rtl/dma.v:11$580: $auto$alumacc.cc:485:replace_alu$3681
  creating $alu cell for $flatten\u_ld.$add$rtl/dma.v:12$581: $auto$alumacc.cc:485:replace_alu$3684
  creating $alu cell for $flatten\u_ld.$add$rtl/dma.v:18$586: $auto$alumacc.cc:485:replace_alu$3687
  creating $alu cell for $flatten\u_ld.$add$rtl/dma.v:20$587: $auto$alumacc.cc:485:replace_alu$3690
  creating $alu cell for $flatten\u_ld.$sub$rtl/dma.v:21$588: $auto$alumacc.cc:485:replace_alu$3693
  creating $alu cell for $flatten\u_mm.$add$rtl/ga2_mm.v:35$318: $auto$alumacc.cc:485:replace_alu$3696
  creating $alu cell for $flatten\u_mm.$add$rtl/ga2_mm.v:48$327: $auto$alumacc.cc:485:replace_alu$3699
  creating $alu cell for $flatten\u_mm.$add$rtl/ga2_mm.v:48$328: $auto$alumacc.cc:485:replace_alu$3702
  creating $alu cell for $flatten\u_mm.$add$rtl/ga2_mm.v:49$332: $auto$alumacc.cc:485:replace_alu$3705
  creating $alu cell for $flatten\u_mm.$add$rtl/ga2_mm.v:49$333: $auto$alumacc.cc:485:replace_alu$3708
  creating $alu cell for $flatten\u_mm.$add$rtl/ga2_mm.v:56$341: $auto$alumacc.cc:485:replace_alu$3711
  creating $alu cell for $flatten\u_mm.$add$rtl/ga2_mm.v:57$346: $auto$alumacc.cc:485:replace_alu$3714
  creating $alu cell for $flatten\u_mm.$add$rtl/ga2_mm.v:57$347: $auto$alumacc.cc:485:replace_alu$3717
  creating $alu cell for $flatten\u_mm.$ge$rtl/ga2_mm.v:28$274: $auto$alumacc.cc:485:replace_alu$3720
  creating $alu cell for $flatten\u_mm.$add$rtl/ga2_mm.v:63$351: $auto$alumacc.cc:485:replace_alu$3729
  creating $alu cell for $flatten\u_mm.$add$rtl/ga2_mm.v:64$352: $auto$alumacc.cc:485:replace_alu$3732
  creating $alu cell for $flatten\u_va.$sub$rtl/ga2_vec.v:53$151: $auto$alumacc.cc:485:replace_alu$3735
  creating $alu cell for $flatten\u_mm.$add$rtl/ga2_mm.v:68$359: $auto$alumacc.cc:485:replace_alu$3738
  creating $alu cell for $flatten\u_mm.$add$rtl/ga2_mm.v:70$364: $auto$alumacc.cc:485:replace_alu$3741
  creating $alu cell for $flatten\u_mm.$sub$rtl/ga2_mm.v:26$270: $auto$alumacc.cc:485:replace_alu$3744
  creating $alu cell for $flatten\u_mm.$sub$rtl/ga2_mm.v:26$285: $auto$alumacc.cc:485:replace_alu$3747
  creating $alu cell for $flatten\u_mm.$sub$rtl/ga2_mm.v:26$300: $auto$alumacc.cc:485:replace_alu$3750
  creating $alu cell for $flatten\u_mm.$sub$rtl/ga2_mm.v:28$276: $auto$alumacc.cc:485:replace_alu$3753
  creating $alu cell for $flatten\u_mm.$sub$rtl/ga2_mm.v:28$291: $auto$alumacc.cc:485:replace_alu$3756
  creating $alu cell for $flatten\u_mm.$sub$rtl/ga2_mm.v:28$306: $auto$alumacc.cc:485:replace_alu$3759
  creating $alu cell for $flatten\u_mm.$sub$rtl/ga2_mm.v:48$325: $auto$alumacc.cc:485:replace_alu$3762
  creating $alu cell for $flatten\u_mm.$sub$rtl/ga2_mm.v:48$330: $auto$alumacc.cc:485:replace_alu$3765
  creating $alu cell for $flatten\u_mm.$sub$rtl/ga2_mm.v:56$337: $auto$alumacc.cc:485:replace_alu$3768
  creating $alu cell for $flatten\u_mm.\arr.\row[0].col[0].u.$add$rtl/systolic.v:8$17: $auto$alumacc.cc:485:replace_alu$3771
  creating $alu cell for $flatten\u_va.$add$rtl/ga2_vec.v:53$150: $auto$alumacc.cc:485:replace_alu$3774
  creating $alu cell for $flatten\u_va.$add$rtl/ga2_vec.v:51$146: $auto$alumacc.cc:485:replace_alu$3777
  creating $alu cell for $flatten\u_va.$add$rtl/ga2_vec.v:45$140: $auto$alumacc.cc:485:replace_alu$3780
  creating $alu cell for $flatten\u_va.$add$rtl/ga2_vec.v:43$134: $auto$alumacc.cc:485:replace_alu$3783
  creating $alu cell for $flatten\u_va.$add$rtl/ga2_vec.v:42$132: $auto$alumacc.cc:485:replace_alu$3786
  creating $alu cell for $flatten\u_va.$add$rtl/ga2_vec.v:42$131: $auto$alumacc.cc:485:replace_alu$3789
  creating $alu cell for $flatten\u_un.$sub$rtl/ga2_vec.v:98$179: $auto$alumacc.cc:485:replace_alu$3792
  creating $alu cell for $flatten\u_un.$add$rtl/ga2_vec.v:98$181: $auto$alumacc.cc:485:replace_alu$3795
  creating $alu cell for $flatten\u_un.$add$rtl/ga2_vec.v:96$177: $auto$alumacc.cc:485:replace_alu$3798
  creating $alu cell for $flatten\u_sm.\div.$sub$rtl/divu.v:9$505: $auto$alumacc.cc:485:replace_alu$3801
  creating $alu cell for $flatten\u_un.$add$rtl/ga2_vec.v:86$166: $auto$alumacc.cc:485:replace_alu$3804
  creating $alu cell for $flatten\u_st.$sub$rtl/ga2_vec.v:16$118: $auto$alumacc.cc:485:replace_alu$3807
  creating $alu cell for $flatten\u_st.$add$rtl/ga2_vec.v:9$110: $auto$alumacc.cc:485:replace_alu$3810
  creating $alu cell for $flatten\u_st.$add$rtl/ga2_vec.v:9$109: $auto$alumacc.cc:485:replace_alu$3813
  creating $alu cell for $flatten\u_rq.$add$rtl/ga2_vec.v:26$120: $auto$alumacc.cc:485:replace_alu$3816
  creating $alu cell for $flatten\u_rq.$add$rtl/ga2_vec.v:26$121: $auto$alumacc.cc:485:replace_alu$3819
  creating $alu cell for $flatten\u_rq.$add$rtl/ga2_vec.v:32$127: $auto$alumacc.cc:485:replace_alu$3822
  creating $alu cell for $flatten\u_rq.$add$rtl/ga2_vec.v:33$128: $auto$alumacc.cc:485:replace_alu$3825
  creating $alu cell for $flatten\u_rq.$sub$rtl/ga2_vec.v:33$129: $auto$alumacc.cc:485:replace_alu$3828
  creating $alu cell for $flatten\u_rq.\rqu.$add$rtl/requant.v:7$84: $auto$alumacc.cc:485:replace_alu$3831
  creating $alu cell for $flatten\u_st.$add$rtl/ga2_vec.v:16$117: $auto$alumacc.cc:485:replace_alu$3834
  creating $alu cell for $flatten\u_rq.\rqu.$neg$rtl/requant.v:14$95: $auto$alumacc.cc:485:replace_alu$3837
  creating $alu cell for $flatten\u_rq.\rqu.$sub$rtl/requant.v:9$88: $auto$alumacc.cc:485:replace_alu$3840
  creating $alu cell for $flatten\u_sm.$add$rtl/ga2_sm.v:13$186: $auto$alumacc.cc:485:replace_alu$3843
  creating $alu cell for $flatten\u_sm.$add$rtl/ga2_sm.v:13$187: $auto$alumacc.cc:485:replace_alu$3846
  creating $alu cell for $flatten\u_sm.$add$rtl/ga2_sm.v:14$193: $auto$alumacc.cc:485:replace_alu$3849
  creating $alu cell for $flatten\u_sm.$add$rtl/ga2_sm.v:23$203: $auto$alumacc.cc:485:replace_alu$3852
  creating $alu cell for $flatten\u_sm.$add$rtl/ga2_sm.v:26$208: $auto$alumacc.cc:485:replace_alu$3855
  creating $alu cell for $flatten\u_sm.$add$rtl/ga2_sm.v:27$209: $auto$alumacc.cc:485:replace_alu$3858
  creating $alu cell for $flatten\u_st.$add$rtl/ga2_vec.v:15$116: $auto$alumacc.cc:485:replace_alu$3861
  creating $alu cell for $flatten\u_sm.$sub$rtl/ga2_sm.v:15$196: $auto$alumacc.cc:485:replace_alu$3864
  creating $alu cell for $flatten\u_sm.$sub$rtl/ga2_sm.v:9$182: $auto$alumacc.cc:485:replace_alu$3867
  creating $alu cell for $flatten\u_sm.\div.$sub$rtl/divu.v:16$511: $auto$alumacc.cc:485:replace_alu$3870
  created 98 $alu and 20 $macc cells.

13.14. Executing SHARE pass (SAT-based resource sharing).
Found 20 cells in module ga2 that may be considered for resource sharing.
  Analyzing resource sharing options for $flatten\u_sm.\lut.$auto$mem.cc:273:emit$594 ($memrd_v2):
    Found 2 activation_patterns using ctrl signal { \u_sm.busy \u_sm.v $flatten\u_sm.$procmux$1179_CTRL \u_sm.st [3] $eq$rtl/ga2.v:38$429_Y $eq$rtl/ga2.v:37$418_Y $eq$rtl/ga2.v:37$417_Y $eq$rtl/ga2.v:37$416_Y }.
    No candidates found.
  Analyzing resource sharing options for $flatten\u_sm.$mul$rtl/ga2_sm.v:12$183 ($mul):
    Found cell that is never activated: $flatten\u_sm.$mul$rtl/ga2_sm.v:12$183
    Cell is never active. Sharing is pointless, we simply remove it.
  Analyzing resource sharing options for $flatten\u_rq.\rqu.$shr$rtl/requant.v:11$92 ($shr):
    Found 4 activation_patterns using ctrl signal { $auto$rtlil.cc:2401:Not$3510 $flatten\u_rq.\rqu.$logic_and$rtl/requant.v:15$97_Y $eq$rtl/ga2.v:38$429_Y $eq$rtl/ga2.v:37$417_Y $eq$rtl/ga2.v:37$416_Y }.
    No candidates found.
  Analyzing resource sharing options for $flatten\u_rq.\rqu.$shl$rtl/requant.v:9$89 ($shl):
    Found 4 activation_patterns using ctrl signal { $auto$rtlil.cc:2401:Not$3510 $flatten\u_rq.\rqu.$logic_and$rtl/requant.v:15$97_Y $flatten\u_rq.\rqu.$eq$rtl/requant.v:9$87_Y $eq$rtl/ga2.v:38$429_Y $eq$rtl/ga2.v:37$417_Y $eq$rtl/ga2.v:37$416_Y }.
    No candidates found.
  Analyzing resource sharing options for $flatten\u_rq.\rqu.$mul$rtl/requant.v:8$86 ($mul):
    Found cell that is never activated: $flatten\u_rq.\rqu.$mul$rtl/requant.v:8$86
    Cell is never active. Sharing is pointless, we simply remove it.
  Analyzing resource sharing options for $flatten\u_mm.\arr.\row[3].col[3].u.$mul$rtl/systolic.v:8$16 ($mul):
    Found cell that is never activated: $flatten\u_mm.\arr.\row[3].col[3].u.$mul$rtl/systolic.v:8$16
    Cell is never active. Sharing is pointless, we simply remove it.
  Analyzing resource sharing options for $flatten\u_mm.\arr.\row[3].col[2].u.$mul$rtl/systolic.v:8$16 ($mul):
    Found cell that is never activated: $flatten\u_mm.\arr.\row[3].col[2].u.$mul$rtl/systolic.v:8$16
    Cell is never active. Sharing is pointless, we simply remove it.
  Analyzing resource sharing options for $flatten\u_mm.\arr.\row[3].col[1].u.$mul$rtl/systolic.v:8$16 ($mul):
    Found cell that is never activated: $flatten\u_mm.\arr.\row[3].col[1].u.$mul$rtl/systolic.v:8$16
    Cell is never active. Sharing is pointless, we simply remove it.
  Analyzing resource sharing options for $flatten\u_mm.\arr.\row[3].col[0].u.$mul$rtl/systolic.v:8$16 ($mul):
    Found cell that is never activated: $flatten\u_mm.\arr.\row[3].col[0].u.$mul$rtl/systolic.v:8$16
    Cell is never active. Sharing is pointless, we simply remove it.
  Analyzing resource sharing options for $flatten\u_mm.\arr.\row[2].col[3].u.$mul$rtl/systolic.v:8$16 ($mul):
    Found cell that is never activated: $flatten\u_mm.\arr.\row[2].col[3].u.$mul$rtl/systolic.v:8$16
    Cell is never active. Sharing is pointless, we simply remove it.
  Analyzing resource sharing options for $flatten\u_mm.\arr.\row[2].col[2].u.$mul$rtl/systolic.v:8$16 ($mul):
    Found cell that is never activated: $flatten\u_mm.\arr.\row[2].col[2].u.$mul$rtl/systolic.v:8$16
    Cell is never active. Sharing is pointless, we simply remove it.
  Analyzing resource sharing options for $flatten\u_mm.\arr.\row[2].col[1].u.$mul$rtl/systolic.v:8$16 ($mul):
    Found cell that is never activated: $flatten\u_mm.\arr.\row[2].col[1].u.$mul$rtl/systolic.v:8$16
    Cell is never active. Sharing is pointless, we simply remove it.
  Analyzing resource sharing options for $flatten\u_mm.\arr.\row[2].col[0].u.$mul$rtl/systolic.v:8$16 ($mul):
    Found cell that is never activated: $flatten\u_mm.\arr.\row[2].col[0].u.$mul$rtl/systolic.v:8$16
    Cell is never active. Sharing is pointless, we simply remove it.
  Analyzing resource sharing options for $flatten\u_mm.\arr.\row[1].col[3].u.$mul$rtl/systolic.v:8$16 ($mul):
    Found cell that is never activated: $flatten\u_mm.\arr.\row[1].col[3].u.$mul$rtl/systolic.v:8$16
    Cell is never active. Sharing is pointless, we simply remove it.
  Analyzing resource sharing options for $flatten\u_mm.\arr.\row[1].col[2].u.$mul$rtl/systolic.v:8$16 ($mul):
    Found cell that is never activated: $flatten\u_mm.\arr.\row[1].col[2].u.$mul$rtl/systolic.v:8$16
    Cell is never active. Sharing is pointless, we simply remove it.
  Analyzing resource sharing options for $flatten\u_mm.\arr.\row[1].col[1].u.$mul$rtl/systolic.v:8$16 ($mul):
    Found cell that is never activated: $flatten\u_mm.\arr.\row[1].col[1].u.$mul$rtl/systolic.v:8$16
    Cell is never active. Sharing is pointless, we simply remove it.
  Analyzing resource sharing options for $flatten\u_mm.\arr.\row[1].col[0].u.$mul$rtl/systolic.v:8$16 ($mul):
    Found cell that is never activated: $flatten\u_mm.\arr.\row[1].col[0].u.$mul$rtl/systolic.v:8$16
    Cell is never active. Sharing is pointless, we simply remove it.
  Analyzing resource sharing options for $flatten\u_mm.\arr.\row[0].col[3].u.$mul$rtl/systolic.v:8$16 ($mul):
    Found cell that is never activated: $flatten\u_mm.\arr.\row[0].col[3].u.$mul$rtl/systolic.v:8$16
    Cell is never active. Sharing is pointless, we simply remove it.
  Analyzing resource sharing options for $flatten\u_mm.\arr.\row[0].col[2].u.$mul$rtl/systolic.v:8$16 ($mul):
    Found cell that is never activated: $flatten\u_mm.\arr.\row[0].col[2].u.$mul$rtl/systolic.v:8$16
    Cell is never active. Sharing is pointless, we simply remove it.
  Analyzing resource sharing options for $flatten\u_mm.\arr.\row[0].col[1].u.$mul$rtl/systolic.v:8$16 ($mul):
    Found cell that is never activated: $flatten\u_mm.\arr.\row[0].col[1].u.$mul$rtl/systolic.v:8$16
    Cell is never active. Sharing is pointless, we simply remove it.
Removing 17 cells in module ga2:
  Removing cell $flatten\u_mm.\arr.\row[0].col[1].u.$mul$rtl/systolic.v:8$16 ($mul).
  Removing cell $flatten\u_mm.\arr.\row[0].col[2].u.$mul$rtl/systolic.v:8$16 ($mul).
  Removing cell $flatten\u_mm.\arr.\row[0].col[3].u.$mul$rtl/systolic.v:8$16 ($mul).
  Removing cell $flatten\u_mm.\arr.\row[1].col[0].u.$mul$rtl/systolic.v:8$16 ($mul).
  Removing cell $flatten\u_mm.\arr.\row[1].col[1].u.$mul$rtl/systolic.v:8$16 ($mul).
  Removing cell $flatten\u_mm.\arr.\row[1].col[2].u.$mul$rtl/systolic.v:8$16 ($mul).
  Removing cell $flatten\u_mm.\arr.\row[1].col[3].u.$mul$rtl/systolic.v:8$16 ($mul).
  Removing cell $flatten\u_mm.\arr.\row[2].col[0].u.$mul$rtl/systolic.v:8$16 ($mul).
  Removing cell $flatten\u_mm.\arr.\row[2].col[1].u.$mul$rtl/systolic.v:8$16 ($mul).
  Removing cell $flatten\u_mm.\arr.\row[2].col[2].u.$mul$rtl/systolic.v:8$16 ($mul).
  Removing cell $flatten\u_mm.\arr.\row[2].col[3].u.$mul$rtl/systolic.v:8$16 ($mul).
  Removing cell $flatten\u_mm.\arr.\row[3].col[0].u.$mul$rtl/systolic.v:8$16 ($mul).
  Removing cell $flatten\u_mm.\arr.\row[3].col[1].u.$mul$rtl/systolic.v:8$16 ($mul).
  Removing cell $flatten\u_mm.\arr.\row[3].col[2].u.$mul$rtl/systolic.v:8$16 ($mul).
  Removing cell $flatten\u_mm.\arr.\row[3].col[3].u.$mul$rtl/systolic.v:8$16 ($mul).
  Removing cell $flatten\u_rq.\rqu.$mul$rtl/requant.v:8$86 ($mul).
  Removing cell $flatten\u_sm.$mul$rtl/ga2_sm.v:12$183 ($mul).

13.15. Executing OPT pass (performing simple optimizations).

13.15.1. Executing OPT_EXPR pass (perform const folding).
Optimizing module ga2.
<suppressed ~7 debug messages>

13.15.2. Executing OPT_MERGE pass (detect identical cells).
Finding identical cells in module `\ga2'.
Removed a total of 0 cells.

13.15.3. Executing OPT_MUXTREE pass (detect dead branches in mux trees).
Running muxtree optimizer on module \ga2..
  Creating internal representation of mux trees.
  Evaluating internal representation of mux trees.
  Analyzing evaluation results.
Removed 0 multiplexer ports.
<suppressed ~82 debug messages>

13.15.4. Executing OPT_REDUCE pass (consolidate $*mux and $reduce_* inputs).
  Optimizing cells in module \ga2.
Performed a total of 0 changes.

13.15.5. Executing OPT_MERGE pass (detect identical cells).
Finding identical cells in module `\ga2'.
Removed a total of 0 cells.

13.15.6. Executing OPT_DFF pass (perform DFF optimizations).

13.15.7. Executing OPT_CLEAN pass (remove unused cells and wires).
Finding unused cells or wires in module \ga2..
Removed 4 unused cells and 46 unused wires.
<suppressed ~5 debug messages>

13.15.8. Executing OPT_EXPR pass (perform const folding).
Optimizing module ga2.

13.15.9. Rerunning OPT passes. (Maybe there is more to do..)

13.15.10. Executing OPT_MUXTREE pass (detect dead branches in mux trees).
Running muxtree optimizer on module \ga2..
  Creating internal representation of mux trees.
  Evaluating internal representation of mux trees.
  Analyzing evaluation results.
Removed 0 multiplexer ports.
<suppressed ~82 debug messages>

13.15.11. Executing OPT_REDUCE pass (consolidate $*mux and $reduce_* inputs).
  Optimizing cells in module \ga2.
Performed a total of 0 changes.

13.15.12. Executing OPT_MERGE pass (detect identical cells).
Finding identical cells in module `\ga2'.
Removed a total of 0 cells.

13.15.13. Executing OPT_DFF pass (perform DFF optimizations).

13.15.14. Executing OPT_CLEAN pass (remove unused cells and wires).
Finding unused cells or wires in module \ga2..

13.15.15. Executing OPT_EXPR pass (perform const folding).
Optimizing module ga2.

13.15.16. Finished OPT passes. (There is nothing left to do.)

13.16. Executing MEMORY pass.

13.16.1. Executing OPT_MEM pass (optimize memories).
Performed a total of 0 transformations.

13.16.2. Executing OPT_MEM_PRIORITY pass (removing unnecessary memory write priority relations).
Performed a total of 0 transformations.

13.16.3. Executing OPT_MEM_FEEDBACK pass (finding memory read-to-write feedback paths).

13.16.4. Executing MEMORY_BMUX2ROM pass (converting muxes to ROMs).

13.16.5. Executing MEMORY_DFF pass (merging $dff cells to $memrd).
Checking read port `$flatten\u_sm.\lut.$auto$proc_rom.cc:150:do_switch$593'[0] in module `\ga2': no output FF found.
Checking read port address `$flatten\u_sm.\lut.$auto$proc_rom.cc:150:do_switch$593'[0] in module `\ga2': no address FF found.

13.16.6. Executing OPT_CLEAN pass (remove unused cells and wires).
Finding unused cells or wires in module \ga2..

13.16.7. Executing MEMORY_SHARE pass (consolidating $memrd/$memwr cells).

13.16.8. Executing OPT_MEM_WIDEN pass (optimize memories where all ports are wide).
Performed a total of 0 transformations.

13.16.9. Executing OPT_CLEAN pass (remove unused cells and wires).
Finding unused cells or wires in module \ga2..

13.16.10. Executing MEMORY_COLLECT pass (generating $mem cells).

13.17. Executing OPT_CLEAN pass (remove unused cells and wires).
Finding unused cells or wires in module \ga2..

13.18. Executing OPT pass (performing simple optimizations).

13.18.1. Executing OPT_EXPR pass (perform const folding).
Optimizing module ga2.
<suppressed ~191 debug messages>

13.18.2. Executing OPT_MERGE pass (detect identical cells).
Finding identical cells in module `\ga2'.
<suppressed ~21 debug messages>
Removed a total of 7 cells.

13.18.3. Executing OPT_DFF pass (perform DFF optimizations).
Adding SRST signal on $auto$ff.cc:266:slice$2927 ($dffe) from module ga2 (D = $auto$wreduce.cc:461:run$3373 [7:0], Q = \u_mm.t, rval = 8'00000000).
Adding SRST signal on $auto$ff.cc:266:slice$2460 ($dffe) from module ga2 (D = $add$rtl/ga2.v:46$491_Y, Q = \cyc_total, rval = 0).
Adding SRST signal on $auto$ff.cc:266:slice$2449 ($dffe) from module ga2 (D = $procmux$656_Y, Q = \cyc_mm, rval = 0).
Adding SRST signal on $auto$ff.cc:266:slice$2436 ($dffe) from module ga2 (D = $procmux$645_Y, Q = \cyc_dma, rval = 0).
Adding SRST signal on $auto$ff.cc:266:slice$2423 ($dffe) from module ga2 (D = $procmux$631_Y, Q = \cyc_vec, rval = 0).
Adding SRST signal on $auto$ff.cc:266:slice$2412 ($dffe) from module ga2 (D = $procmux$617_Y, Q = \n_inst, rval = 0).
Adding SRST signal on $auto$ff.cc:266:slice$2401 ($dffe) from module ga2 (D = $procmux$607_Y, Q = \pc, rval = 16'0000000000000000).

13.18.4. Executing OPT_CLEAN pass (remove unused cells and wires).
Finding unused cells or wires in module \ga2..
Removed 28 unused cells and 120 unused wires.
<suppressed ~29 debug messages>

13.18.5. Rerunning OPT passes. (Removed registers in this run.)

13.18.6. Executing OPT_EXPR pass (perform const folding).
Optimizing module ga2.
<suppressed ~1 debug messages>

13.18.7. Executing OPT_MERGE pass (detect identical cells).
Finding identical cells in module `\ga2'.
Removed a total of 0 cells.

13.18.8. Executing OPT_DFF pass (perform DFF optimizations).
Adding SRST signal on $auto$ff.cc:266:slice$2728 ($sdffce) from module ga2 (D = $auto$wreduce.cc:461:run$3380 [11:0], Q = \u_sm.j, rval = 12'000000000000).
Adding SRST signal on $auto$ff.cc:266:slice$2566 ($sdffce) from module ga2 (D = $auto$wreduce.cc:461:run$3388 [2:0], Q = \u_un.j, rval = 3'000).

13.18.9. Executing OPT_CLEAN pass (remove unused cells and wires).
Finding unused cells or wires in module \ga2..
Removed 2 unused cells and 3 unused wires.
<suppressed ~3 debug messages>

13.18.10. Rerunning OPT passes. (Removed registers in this run.)

13.18.11. Executing OPT_EXPR pass (perform const folding).
Optimizing module ga2.

13.18.12. Executing OPT_MERGE pass (detect identical cells).
Finding identical cells in module `\ga2'.
<suppressed ~3 debug messages>
Removed a total of 1 cells.

13.18.13. Executing OPT_DFF pass (perform DFF optimizations).

13.18.14. Executing OPT_CLEAN pass (remove unused cells and wires).
Finding unused cells or wires in module \ga2..
Removed 0 unused cells and 1 unused wires.
<suppressed ~1 debug messages>

13.18.15. Finished fast OPT passes.

13.19. Executing MEMORY_MAP pass (converting memories to logic and flip-flops).
Mapping memory $flatten\u_sm.\lut.$auto$proc_rom.cc:150:do_switch$593 in module \ga2:
  created 256 $dff cells and 0 static cells of width 16.
  read interface: 0 $dff and 255 $mux cells.
  write interface: 0 write mux blocks.

13.20. Executing OPT pass (performing simple optimizations).

13.20.1. Executing OPT_EXPR pass (perform const folding).
Optimizing module ga2.
<suppressed ~92 debug messages>

13.20.2. Executing OPT_MERGE pass (detect identical cells).
Finding identical cells in module `\ga2'.
Removed a total of 0 cells.

13.20.3. Executing OPT_MUXTREE pass (detect dead branches in mux trees).
Running muxtree optimizer on module \ga2..
  Creating internal representation of mux trees.
  Evaluating internal representation of mux trees.
  Analyzing evaluation results.
Removed 0 multiplexer ports.
<suppressed ~44 debug messages>

13.20.4. Executing OPT_REDUCE pass (consolidate $*mux and $reduce_* inputs).
  Optimizing cells in module \ga2.
    Consolidated identical input bits for $mux cell $memory$flatten\u_sm.\lut.$auto$proc_rom.cc:150:do_switch$593$rdmux[0][7][34]$4427:
      Old ports: A=16'0000001110100111, B=16'0000001101101110, Y=$memory$flatten\u_sm.\lut.$auto$proc_rom.cc:150:do_switch$593$rdmux[0][6][17]$a$4185
      New ports: A=2'01, B=2'10, Y={ $memory$flatten\u_sm.\lut.$auto$proc_rom.cc:150:do_switch$593$rdmux[0][6][17]$a$4185 [3] $memory$flatten\u_sm.\lut.$auto$proc_rom.cc:150:do_switch$593$rdmux[0][6][17]$a$4185 [0] }
      New connections: { $memory$flatten\u_sm.\lut.$auto$proc_rom.cc:150:do_switch$593$rdmux[0][6][17]$a$4185 [15:4] $memory$flatten\u_sm.\lut.$auto$proc_rom.cc:150:do_switch$593$rdmux[0][6][17]$a$4185 [2:1] } = { 8'00000011 $memory$flatten\u_sm.\lut.$auto$proc_rom.cc:150:do_switch$593$rdmux[0][6][17]$a$4185 [0] $memory$flatten\u_sm.\lut.$auto$proc_rom.cc:150:do_switch$593$rdmux[0][6][17]$a$4185 [3] 4'1011 }
    Consolidated identical input bits for $mux cell $memory$flatten\u_sm.\lut.$auto$proc_rom.cc:150:do_switch$593$rdmux[0][7][33]$4424:
      Old ports: A=16'0000010000100011, B=16'0000001111100011, Y=$memory$flatten\u_sm.\lut.$auto$proc_rom.cc:150:do_switch$593$rdmux[0][6][16]$b$4183
      New ports: A=2'10, B=2'01, Y={ $memory$flatten\u_sm.\lut.$auto$proc_rom.cc:150:do_switch$593$rdmux[0][6][16]$b$4183 [10] $memory$flatten\u_sm.\lut.$auto$proc_rom.cc:150:do_switch$593$rdmux[0][6][16]$b$4183 [6] }
      New connections: { $memory$flatten\u_sm.\lut.$auto$proc_rom.cc:150:do_switch$593$rdmux[0][6][16]$b$4183 [15:11] $memory$flatten\u_sm.\lut.$auto$proc_rom.cc:150:do_switch$593$rdmux[0][6][16]$b$4183 [9:7] $memory$flatten\u_sm.\lut.$auto$proc_rom.cc:150:do_switch$593$rdmux[0][6][16]$b$4183 [5:0] } = { 5'00000 $memory$flatten\u_sm.\lut.$auto$proc_rom.cc:150:do_switch$593$rdmux[0][6][16]$b$4183 [6] $memory$flatten\u_sm.\lut.$auto$proc_rom.cc:150:do_switch$593$rdmux[0][6][16]$b$4183 [6] $memory$flatten\u_sm.\lut.$auto$proc_rom.cc:150:do_switch$593$rdmux[0][6][16]$b$4183 [6] 6'100011 }
    Consolidated identical input bits for $mux cell $memory$flatten\u_sm.\lut.$auto$proc_rom.cc:150:do_switch$593$rdmux[0][7][32]$4421:
      Old ports: A=16'0000010010110000, B=16'0000010001101000, Y=$memory$flatten\u_sm.\lut.$auto$proc_rom.cc:150:do_switch$593$rdmux[0][6][16]$a$4182
      New ports: A=2'10, B=2'01, Y=$memory$flatten\u_sm.\lut.$auto$proc_rom.cc:150:do_switch$593$rdmux[0][6][16]$a$4182 [4:3]
      New connections: { $memory$flatten\u_sm.\lut.$auto$proc_rom.cc:150:do_switch$593$rdmux[0][6][16]$a$4182 [15:5] $memory$flatten\u_sm.\lut.$auto$proc_rom.cc:150:do_switch$593$rdmux[0][6][16]$a$4182 [2:0] } = { 8'00000100 $memory$flatten\u_sm.\lut.$auto$proc_rom.cc:150:do_switch$593$rdmux[0][6][16]$a$4182 [4:3] 4'1000 }
    Consolidated identical input bits for $mux cell $memory$flatten\u_sm.\lut.$auto$proc_rom.cc:150:do_switch$593$rdmux[0][7][31]$4418:
      Old ports: A=16'0000010101010000, B=16'0000010011111110, Y=$memory$flatten\u_sm.\lut.$auto$proc_rom.cc:150:do_switch$593$rdmux[0][6][15]$b$4180
      New ports: A=2'10, B=2'01, Y={ $memory$flatten\u_sm.\lut.$auto$proc_rom.cc:150:do_switch$593$rdmux[0][6][15]$b$4180 [8] $memory$flatten\u_sm.\lut.$auto$proc_rom.cc:150:do_switch$593$rdmux[0][6][15]$b$4180 [1] }
      New connections: { $memory$flatten\u_sm.\lut.$auto$proc_rom.cc:150:do_switch$593$rdmux[0][6][15]$b$4180 [15:9] $memory$flatten\u_sm.\lut.$auto$proc_rom.cc:150:do_switch$593$rdmux[0][6][15]$b$4180 [7:2] $memory$flatten\u_sm.\lut.$auto$proc_rom.cc:150:do_switch$593$rdmux[0][6][15]$b$4180 [0] } = { 7'0000010 $memory$flatten\u_sm.\lut.$auto$proc_rom.cc:150:do_switch$593$rdmux[0][6][15]$b$4180 [1] 1'1 $memory$flatten\u_sm.\lut.$auto$proc_rom.cc:150:do_switch$593$rdmux[0][6][15]$b$4180 [1] 1'1 $memory$flatten\u_sm.\lut.$auto$proc_rom.cc:150:do_switch$593$rdmux[0][6][15]$b$4180 [1] $memory$flatten\u_sm.\lut.$auto$proc_rom.cc:150:do_switch$593$rdmux[0][6][15]$b$4180 [1] 1'0 }
    Consolidated identical input bits for $mux cell $memory$flatten\u_sm.\lut.$auto$proc_rom.cc:150:do_switch$593$rdmux[0][7][30]$4415:
      Old ports: A=16'0000011000000101, B=16'0000010110101000, Y=$memory$flatten\u_sm.\lut.$auto$proc_rom.cc:150:do_switch$593$rdmux[0][6][15]$a$4179
      New ports: A=2'01, B=2'10, Y={ $memory$flatten\u_sm.\lut.$auto$proc_rom.cc:150:do_switch$593$rdmux[0][6][15]$a$4179 [3] $memory$flatten\u_sm.\lut.$auto$proc_rom.cc:150:do_switch$593$rdmux[0][6][15]$a$4179 [0] }
      New connections: { $memory$flatten\u_sm.\lut.$auto$proc_rom.cc:150:do_switch$593$rdmux[0][6][15]$a$4179 [15:4] $memory$flatten\u_sm.\lut.$auto$proc_rom.cc:150:do_switch$593$rdmux[0][6][15]$a$4179 [2:1] } = { 6'000001 $memory$flatten\u_sm.\lut.$auto$proc_rom.cc:150:do_switch$593$rdmux[0][6][15]$a$4179 [0] $memory$flatten\u_sm.\lut.$auto$proc_rom.cc:150:do_switch$593$rdmux[0][6][15]$a$4179 [3] $memory$flatten\u_sm.\lut.$auto$proc_rom.cc:150:do_switch$593$rdmux[0][6][15]$a$4179 [3] 1'0 $memory$flatten\u_sm.\lut.$auto$proc_rom.cc:150:do_switch$593$rdmux[0][6][15]$a$4179 [3] 1'0 $memory$flatten\u_sm.\lut.$auto$proc_rom.cc:150:do_switch$593$rdmux[0][6][15]$a$4179 [0] 1'0 }
    Consolidated identical input bits for $mux cell $memory$flatten\u_sm.\lut.$auto$proc_rom.cc:150:do_switch$593$rdmux[0][7][29]$4412:
      Old ports: A=16'0000011011010010, B=16'0000011001101001, Y=$memory$flatten\u_sm.\lut.$auto$proc_rom.cc:150:do_switch$593$rdmux[0][6][14]$b$4177
      New ports: A=2'10, B=2'01, Y=$memory$flatten\u_sm.\lut.$auto$proc_rom.cc:150:do_switch$593$rdmux[0][6][14]$b$4177 [1:0]
      New connections: $memory$flatten\u_sm.\lut.$auto$proc_rom.cc:150:do_switch$593$rdmux[0][6][14]$b$4177 [15:2] = { 8'00000110 $memory$flatten\u_sm.\lut.$auto$proc_rom.cc:150:do_switch$593$rdmux[0][6][14]$b$4177 [1] 1'1 $memory$flatten\u_sm.\lut.$auto$proc_rom.cc:150:do_switch$593$rdmux[0][6][14]$b$4177 [0] $memory$flatten\u_sm.\lut.$auto$proc_rom.cc:150:do_switch$593$rdmux[0][6][14]$b$4177 [1:0] 1'0 }
    Consolidated identical input bits for $mux cell $memory$flatten\u_sm.\lut.$auto$proc_rom.cc:150:do_switch$593$rdmux[0][7][28]$4409:
      Old ports: A=16'0000011110111011, B=16'0000011101000011, Y=$memory$flatten\u_sm.\lut.$auto$proc_rom.cc:150:do_switch$593$rdmux[0][6][14]$a$4176
      New ports: A=2'01, B=2'10, Y={ $memory$flatten\u_sm.\lut.$auto$proc_rom.cc:150:do_switch$593$rdmux[0][6][14]$a$4176 [6] $memory$flatten\u_sm.\lut.$auto$proc_rom.cc:150:do_switch$593$rdmux[0][6][14]$a$4176 [3] }
      New connections: { $memory$flatten\u_sm.\lut.$auto$proc_rom.cc:150:do_switch$593$rdmux[0][6][14]$a$4176 [15:7] $memory$flatten\u_sm.\lut.$auto$proc_rom.cc:150:do_switch$593$rdmux[0][6][14]$a$4176 [5:4] $memory$flatten\u_sm.\lut.$auto$proc_rom.cc:150:do_switch$593$rdmux[0][6][14]$a$4176 [2:0] } = { 8'00000111 $memory$flatten\u_sm.\lut.$auto$proc_rom.cc:150:do_switch$593$rdmux[0][6][14]$a$4176 [3] $memory$flatten\u_sm.\lut.$auto$proc_rom.cc:150:do_switch$593$rdmux[0][6][14]$a$4176 [3] $memory$flatten\u_sm.\lut.$auto$proc_rom.cc:150:do_switch$593$rdmux[0][6][14]$a$4176 [3] 3'011 }
    Consolidated identical input bits for $mux cell $memory$flatten\u_sm.\lut.$auto$proc_rom.cc:150:do_switch$593$rdmux[0][7][27]$4406:
      Old ports: A=16'0000100011000010, B=16'0000100000111011, Y=$memory$flatten\u_sm.\lut.$auto$proc_rom.cc:150:do_switch$593$rdmux[0][6][13]$b$4174
      New ports: A=2'10, B=2'01, Y={ $memory$flatten\u_sm.\lut.$auto$proc_rom.cc:150:do_switch$593$rdmux[0][6][13]$b$4174 [6] $memory$flatten\u_sm.\lut.$auto$proc_rom.cc:150:do_switch$593$rdmux[0][6][13]$b$4174 [0] }
      New connections: { $memory$flatten\u_sm.\lut.$auto$proc_rom.cc:150:do_switch$593$rdmux[0][6][13]$b$4174 [15:7] $memory$flatten\u_sm.\lut.$auto$proc_rom.cc:150:do_switch$593$rdmux[0][6][13]$b$4174 [5:1] } = { 8'00001000 $memory$flatten\u_sm.\lut.$auto$proc_rom.cc:150:do_switch$593$rdmux[0][6][13]$b$4174 [6] $memory$flatten\u_sm.\lut.$auto$proc_rom.cc:150:do_switch$593$rdmux[0][6][13]$b$4174 [0] $memory$flatten\u_sm.\lut.$auto$proc_rom.cc:150:do_switch$593$rdmux[0][6][13]$b$4174 [0] $memory$flatten\u_sm.\lut.$auto$proc_rom.cc:150:do_switch$593$rdmux[0][6][13]$b$4174 [0] 2'01 }
    Consolidated identical input bits for $mux cell $memory$flatten\u_sm.\lut.$auto$proc_rom.cc:150:do_switch$593$rdmux[0][7][26]$4403:
      Old ports: A=16'0000100111101101, B=16'0000100101010011, Y=$memory$flatten\u_sm.\lut.$auto$proc_rom.cc:150:do_switch$593$rdmux[0][6][13]$a$4173
      New ports: A=2'10, B=2'01, Y=$memory$flatten\u_sm.\lut.$auto$proc_rom.cc:150:do_switch$593$rdmux[0][6][13]$a$4173 [2:1]
      New connections: { $memory$flatten\u_sm.\lut.$auto$proc_rom.cc:150:do_switch$593$rdmux[0][6][13]$a$4173 [15:3] $memory$flatten\u_sm.\lut.$auto$proc_rom.cc:150:do_switch$593$rdmux[0][6][13]$a$4173 [0] } = { 8'00001001 $memory$flatten\u_sm.\lut.$auto$proc_rom.cc:150:do_switch$593$rdmux[0][6][13]$a$4173 [2] 1'1 $memory$flatten\u_sm.\lut.$auto$proc_rom.cc:150:do_switch$593$rdmux[0][6][13]$a$4173 [2:1] $memory$flatten\u_sm.\lut.$auto$proc_rom.cc:150:do_switch$593$rdmux[0][6][13]$a$4173 [2] 1'1 }
    Consolidated identical input bits for $mux cell $memory$flatten\u_sm.\lut.$auto$proc_rom.cc:150:do_switch$593$rdmux[0][7][25]$4400:
      Old ports: A=16'0000101100111111, B=16'0000101010010001, Y=$memory$flatten\u_sm.\lut.$auto$proc_rom.cc:150:do_switch$593$rdmux[0][6][12]$b$4171
      New ports: A=2'01, B=2'10, Y={ $memory$flatten\u_sm.\lut.$auto$proc_rom.cc:150:do_switch$593$rdmux[0][6][12]$b$4171 [7] $memory$flatten\u_sm.\lut.$auto$proc_rom.cc:150:do_switch$593$rdmux[0][6][12]$b$4171 [1] }
      New connections: { $memory$flatten\u_sm.\lut.$auto$proc_rom.cc:150:do_switch$593$rdmux[0][6][12]$b$4171 [15:8] $memory$flatten\u_sm.\lut.$auto$proc_rom.cc:150:do_switch$593$rdmux[0][6][12]$b$4171 [6:2] $memory$flatten\u_sm.\lut.$auto$proc_rom.cc:150:do_switch$593$rdmux[0][6][12]$b$4171 [0] } = { 7'0000101 $memory$flatten\u_sm.\lut.$auto$proc_rom.cc:150:do_switch$593$rdmux[0][6][12]$b$4171 [1] 1'0 $memory$flatten\u_sm.\lut.$auto$proc_rom.cc:150:do_switch$593$rdmux[0][6][12]$b$4171 [1] 1'1 $memory$flatten\u_sm.\lut.$auto$proc_rom.cc:150:do_switch$593$rdmux[0][6][12]$b$4171 [1] $memory$flatten\u_sm.\lut.$auto$proc_rom.cc:150:do_switch$593$rdmux[0][6][12]$b$4171 [1] 1'1 }
    Consolidated identical input bits for $mux cell $memory$flatten\u_sm.\lut.$auto$proc_rom.cc:150:do_switch$593$rdmux[0][7][24]$4397:
      Old ports: A=16'0000110010111111, B=16'0000101111111001, Y=$memory$flatten\u_sm.\lut.$auto$proc_rom.cc:150:do_switch$593$rdmux[0][6][12]$a$4170
      New ports: A=2'01, B=2'10, Y={ $memory$flatten\u_sm.\lut.$auto$proc_rom.cc:150:do_switch$593$rdmux[0][6][12]$a$4170 [6] $memory$flatten\u_sm.\lut.$auto$proc_rom.cc:150:do_switch$593$rdmux[0][6][12]$a$4170 [1] }
      New connections: { $memory$flatten\u_sm.\lut.$auto$proc_rom.cc:150:do_switch$593$rdmux[0][6][12]$a$4170 [15:7] $memory$flatten\u_sm.\lut.$auto$proc_rom.cc:150:do_switch$593$rdmux[0][6][12]$a$4170 [5:2] $memory$flatten\u_sm.\lut.$auto$proc_rom.cc:150:do_switch$593$rdmux[0][6][12]$a$4170 [0] } = { 5'00001 $memory$flatten\u_sm.\lut.$auto$proc_rom.cc:150:do_switch$593$rdmux[0][6][12]$a$4170 [1] $memory$flatten\u_sm.\lut.$auto$proc_rom.cc:150:do_switch$593$rdmux[0][6][12]$a$4170 [6] $memory$flatten\u_sm.\lut.$auto$proc_rom.cc:150:do_switch$593$rdmux[0][6][12]$a$4170 [6] 4'1111 $memory$flatten\u_sm.\lut.$auto$proc_rom.cc:150:do_switch$593$rdmux[0][6][12]$a$4170 [1] 1'1 }
    Consolidated identical input bits for $mux cell $memory$flatten\u_sm.\lut.$auto$proc_rom.cc:150:do_switch$593$rdmux[0][7][23]$4394:
      Old ports: A=16'0000111001110001, B=16'0000110110010001, Y=$memory$flatten\u_sm.\lut.$auto$proc_rom.cc:150:do_switch$593$rdmux[0][6][11]$b$4168
      New ports: A=2'01, B=2'10, Y={ $memory$flatten\u_sm.\lut.$auto$proc_rom.cc:150:do_switch$593$rdmux[0][6][11]$b$4168 [7] $memory$flatten\u_sm.\lut.$auto$proc_rom.cc:150:do_switch$593$rdmux[0][6][11]$b$4168 [5] }
      New connections: { $memory$flatten\u_sm.\lut.$auto$proc_rom.cc:150:do_switch$593$rdmux[0][6][11]$b$4168 [15:8] $memory$flatten\u_sm.\lut.$auto$proc_rom.cc:150:do_switch$593$rdmux[0][6][11]$b$4168 [6] $memory$flatten\u_sm.\lut.$auto$proc_rom.cc:150:do_switch$593$rdmux[0][6][11]$b$4168 [4:0] } = { 6'000011 $memory$flatten\u_sm.\lut.$auto$proc_rom.cc:150:do_switch$593$rdmux[0][6][11]$b$4168 [5] $memory$flatten\u_sm.\lut.$auto$proc_rom.cc:150:do_switch$593$rdmux[0][6][11]$b$4168 [7] $memory$flatten\u_sm.\lut.$auto$proc_rom.cc:150:do_switch$593$rdmux[0][6][11]$b$4168 [5] 5'10001 }
    Consolidated identical input bits for $mux cell $memory$flatten\u_sm.\lut.$auto$proc_rom.cc:150:do_switch$593$rdmux[0][7][22]$4391:
      Old ports: A=16'0001000001011110, B=16'0000111101100000, Y=$memory$flatten\u_sm.\lut.$auto$proc_rom.cc:150:do_switch$593$rdmux[0][6][11]$a$4167
      New ports: A=2'01, B=2'10, Y={ $memory$flatten\u_sm.\lut.$auto$proc_rom.cc:150:do_switch$593$rdmux[0][6][11]$a$4167 [5] $memory$flatten\u_sm.\lut.$auto$proc_rom.cc:150:do_switch$593$rdmux[0][6][11]$a$4167 [1] }
      New connections: { $memory$flatten\u_sm.\lut.$auto$proc_rom.cc:150:do_switch$593$rdmux[0][6][11]$a$4167 [15:6] $memory$flatten\u_sm.\lut.$auto$proc_rom.cc:150:do_switch$593$rdmux[0][6][11]$a$4167 [4:2] $memory$flatten\u_sm.\lut.$auto$proc_rom.cc:150:do_switch$593$rdmux[0][6][11]$a$4167 [0] } = { 3'000 $memory$flatten\u_sm.\lut.$auto$proc_rom.cc:150:do_switch$593$rdmux[0][6][11]$a$4167 [1] $memory$flatten\u_sm.\lut.$auto$proc_rom.cc:150:do_switch$593$rdmux[0][6][11]$a$4167 [5] $memory$flatten\u_sm.\lut.$auto$proc_rom.cc:150:do_switch$593$rdmux[0][6][11]$a$4167 [5] $memory$flatten\u_sm.\lut.$auto$proc_rom.cc:150:do_switch$593$rdmux[0][6][11]$a$4167 [5] $memory$flatten\u_sm.\lut.$auto$proc_rom.cc:150:do_switch$593$rdmux[0][6][11]$a$4167 [5] 2'01 $memory$flatten\u_sm.\lut.$auto$proc_rom.cc:150:do_switch$593$rdmux[0][6][11]$a$4167 [1] $memory$flatten\u_sm.\lut.$auto$proc_rom.cc:150:do_switch$593$rdmux[0][6][11]$a$4167 [1] $memory$flatten\u_sm.\lut.$auto$proc_rom.cc:150:do_switch$593$rdmux[0][6][11]$a$4167 [1] 1'0 }
    Consolidated identical input bits for $mux cell $memory$flatten\u_sm.\lut.$auto$proc_rom.cc:150:do_switch$593$rdmux[0][7][21]$4388:
      Old ports: A=16'0001001010001011, B=16'0001000101101100, Y=$memory$flatten\u_sm.\lut.$auto$proc_rom.cc:150:do_switch$593$rdmux[0][6][10]$b$4165
      New ports: A=2'01, B=2'10, Y={ $memory$flatten\u_sm.\lut.$auto$proc_rom.cc:150:do_switch$593$rdmux[0][6][10]$b$4165 [2] $memory$flatten\u_sm.\lut.$auto$proc_rom.cc:150:do_switch$593$rdmux[0][6][10]$b$4165 [0] }
      New connections: { $memory$flatten\u_sm.\lut.$auto$proc_rom.cc:150:do_switch$593$rdmux[0][6][10]$b$4165 [15:3] $memory$flatten\u_sm.\lut.$auto$proc_rom.cc:150:do_switch$593$rdmux[0][6][10]$b$4165 [1] } = { 6'000100 $memory$flatten\u_sm.\lut.$auto$proc_rom.cc:150:do_switch$593$rdmux[0][6][10]$b$4165 [0] $memory$flatten\u_sm.\lut.$auto$proc_rom.cc:150:do_switch$593$rdmux[0][6][10]$b$4165 [2] $memory$flatten\u_sm.\lut.$auto$proc_rom.cc:150:do_switch$593$rdmux[0][6][10]$b$4165 [0] $memory$flatten\u_sm.\lut.$auto$proc_rom.cc:150:do_switch$593$rdmux[0][6][10]$b$4165 [2] $memory$flatten\u_sm.\lut.$auto$proc_rom.cc:150:do_switch$593$rdmux[0][6][10]$b$4165 [2] 2'01 $memory$flatten\u_sm.\lut.$auto$proc_rom.cc:150:do_switch$593$rdmux[0][6][10]$b$4165 [0] }
    Consolidated identical input bits for $mux cell $memory$flatten\u_sm.\lut.$auto$proc_rom.cc:150:do_switch$593$rdmux[0][7][20]$4385:
      Old ports: A=16'0001010100000011, B=16'0001001110111110, Y=$memory$flatten\u_sm.\lut.$auto$proc_rom.cc:150:do_switch$593$rdmux[0][6][10]$a$4164
      New ports: A=2'01, B=2'10, Y={ $memory$flatten\u_sm.\lut.$auto$proc_rom.cc:150:do_switch$593$rdmux[0][6][10]$a$4164 [2] $memory$flatten\u_sm.\lut.$auto$proc_rom.cc:150:do_switch$593$rdmux[0][6][10]$a$4164 [0] }
      New connections: { $memory$flatten\u_sm.\lut.$auto$proc_rom.cc:150:do_switch$593$rdmux[0][6][10]$a$4164 [15:3] $memory$flatten\u_sm.\lut.$auto$proc_rom.cc:150:do_switch$593$rdmux[0][6][10]$a$4164 [1] } = { 5'00010 $memory$flatten\u_sm.\lut.$auto$proc_rom.cc:150:do_switch$593$rdmux[0][6][10]$a$4164 [0] $memory$flatten\u_sm.\lut.$auto$proc_rom.cc:150:do_switch$593$rdmux[0][6][10]$a$4164 [2] 1'1 $memory$flatten\u_sm.\lut.$auto$proc_rom.cc:150:do_switch$593$rdmux[0][6][10]$a$4164 [2] 1'0 $memory$flatten\u_sm.\lut.$auto$proc_rom.cc:150:do_switch$593$rdmux[0][6][10]$a$4164 [2] $memory$flatten\u_sm.\lut.$auto$proc_rom.cc:150:do_switch$593$rdmux[0][6][10]$a$4164 [2] $memory$flatten\u_sm.\lut.$auto$proc_rom.cc:150:do_switch$593$rdmux[0][6][10]$a$4164 [2] 1'1 }
    Consolidated identical input bits for $mux cell $memory$flatten\u_sm.\lut.$auto$proc_rom.cc:150:do_switch$593$rdmux[0][7][19]$4382:
      Old ports: A=16'0001011111010000, B=16'0001011001011110, Y=$memory$flatten\u_sm.\lut.$auto$proc_rom.cc:150:do_switch$593$rdmux[0][6][9]$b$4162
      New ports: A=2'10, B=2'01, Y={ $memory$flatten\u_sm.\lut.$auto$proc_rom.cc:150:do_switch$593$rdmux[0][6][9]$b$4162 [7] $memory$flatten\u_sm.\lut.$auto$proc_rom.cc:150:do_switch$593$rdmux[0][6][9]$b$4162 [1] }
      New connections: { $memory$flatten\u_sm.\lut.$auto$proc_rom.cc:150:do_switch$593$rdmux[0][6][9]$b$4162 [15:8] $memory$flatten\u_sm.\lut.$auto$proc_rom.cc:150:do_switch$593$rdmux[0][6][9]$b$4162 [6:2] $memory$flatten\u_sm.\lut.$auto$proc_rom.cc:150:do_switch$593$rdmux[0][6][9]$b$4162 [0] } = { 7'0001011 $memory$flatten\u_sm.\lut.$auto$proc_rom.cc:150:do_switch$593$rdmux[0][6][9]$b$4162 [7] 3'101 $memory$flatten\u_sm.\lut.$auto$proc_rom.cc:150:do_switch$593$rdmux[0][6][9]$b$4162 [1] $memory$flatten\u_sm.\lut.$auto$proc_rom.cc:150:do_switch$593$rdmux[0][6][9]$b$4162 [1] 1'0 }
    Consolidated identical input bits for $mux cell $memory$flatten\u_sm.\lut.$auto$proc_rom.cc:150:do_switch$593$rdmux[0][7][18]$4379:
      Old ports: A=16'0001101011111011, B=16'0001100101011001, Y=$memory$flatten\u_sm.\lut.$auto$proc_rom.cc:150:do_switch$593$rdmux[0][6][9]$a$4161
      New ports: A=2'01, B=2'10, Y={ $memory$flatten\u_sm.\lut.$auto$proc_rom.cc:150:do_switch$593$rdmux[0][6][9]$a$4161 [8] $memory$flatten\u_sm.\lut.$auto$proc_rom.cc:150:do_switch$593$rdmux[0][6][9]$a$4161 [1] }
      New connections: { $memory$flatten\u_sm.\lut.$auto$proc_rom.cc:150:do_switch$593$rdmux[0][6][9]$a$4161 [15:9] $memory$flatten\u_sm.\lut.$auto$proc_rom.cc:150:do_switch$593$rdmux[0][6][9]$a$4161 [7:2] $memory$flatten\u_sm.\lut.$auto$proc_rom.cc:150:do_switch$593$rdmux[0][6][9]$a$4161 [0] } = { 6'000110 $memory$flatten\u_sm.\lut.$auto$proc_rom.cc:150:do_switch$593$rdmux[0][6][9]$a$4161 [1] $memory$flatten\u_sm.\lut.$auto$proc_rom.cc:150:do_switch$593$rdmux[0][6][9]$a$4161 [1] 1'1 $memory$flatten\u_sm.\lut.$auto$proc_rom.cc:150:do_switch$593$rdmux[0][6][9]$a$4161 [1] 4'1101 }
    Consolidated identical input bits for $mux cell $memory$flatten\u_sm.\lut.$auto$proc_rom.cc:150:do_switch$593$rdmux[0][7][17]$4376:
      Old ports: A=16'0001111010010011, B=16'0001110010111001, Y=$memory$flatten\u_sm.\lut.$auto$proc_rom.cc:150:do_switch$593$rdmux[0][6][8]$b$4159
      New ports: A=2'01, B=2'10, Y={ $memory$flatten\u_sm.\lut.$auto$proc_rom.cc:150:do_switch$593$rdmux[0][6][8]$b$4159 [3] $memory$flatten\u_sm.\lut.$auto$proc_rom.cc:150:do_switch$593$rdmux[0][6][8]$b$4159 [1] }
      New connections: { $memory$flatten\u_sm.\lut.$auto$proc_rom.cc:150:do_switch$593$rdmux[0][6][8]$b$4159 [15:4] $memory$flatten\u_sm.\lut.$auto$proc_rom.cc:150:do_switch$593$rdmux[0][6][8]$b$4159 [2] $memory$flatten\u_sm.\lut.$auto$proc_rom.cc:150:do_switch$593$rdmux[0][6][8]$b$4159 [0] } = { 6'000111 $memory$flatten\u_sm.\lut.$auto$proc_rom.cc:150:do_switch$593$rdmux[0][6][8]$b$4159 [1] 3'010 $memory$flatten\u_sm.\lut.$auto$proc_rom.cc:150:do_switch$593$rdmux[0][6][8]$b$4159 [3] 3'101 }
    Consolidated identical input bits for $mux cell $memory$flatten\u_sm.\lut.$auto$proc_rom.cc:150:do_switch$593$rdmux[0][7][16]$4373:
      Old ports: A=16'0010001010100101, B=16'0010000010001100, Y=$memory$flatten\u_sm.\lut.$auto$proc_rom.cc:150:do_switch$593$rdmux[0][6][8]$a$4158
      New ports: A=2'01, B=2'10, Y={ $memory$flatten\u_sm.\lut.$auto$proc_rom.cc:150:do_switch$593$rdmux[0][6][8]$a$4158 [3] $memory$flatten\u_sm.\lut.$auto$proc_rom.cc:150:do_switch$593$rdmux[0][6][8]$a$4158 [0] }
      New connections: { $memory$flatten\u_sm.\lut.$auto$proc_rom.cc:150:do_switch$593$rdmux[0][6][8]$a$4158 [15:4] $memory$flatten\u_sm.\lut.$auto$proc_rom.cc:150:do_switch$593$rdmux[0][6][8]$a$4158 [2:1] } = { 6'001000 $memory$flatten\u_sm.\lut.$auto$proc_rom.cc:150:do_switch$593$rdmux[0][6][8]$a$4158 [0] 3'010 $memory$flatten\u_sm.\lut.$auto$proc_rom.cc:150:do_switch$593$rdmux[0][6][8]$a$4158 [0] 3'010 }
    Consolidated identical input bits for $mux cell $memory$flatten\u_sm.\lut.$auto$proc_rom.cc:150:do_switch$593$rdmux[0][7][15]$4370:
      Old ports: A=16'0010011101000010, B=16'0010010011100001, Y=$memory$flatten\u_sm.\lut.$auto$proc_rom.cc:150:do_switch$593$rdmux[0][6][7]$b$4156
      New ports: A=2'10, B=2'01, Y=$memory$flatten\u_sm.\lut.$auto$proc_rom.cc:150:do_switch$593$rdmux[0][6][7]$b$4156 [1:0]
      New connections: $memory$flatten\u_sm.\lut.$auto$proc_rom.cc:150:do_switch$593$rdmux[0][6][7]$b$4156 [15:2] = { 6'001001 $memory$flatten\u_sm.\lut.$auto$proc_rom.cc:150:do_switch$593$rdmux[0][6][7]$b$4156 [1] $memory$flatten\u_sm.\lut.$auto$proc_rom.cc:150:do_switch$593$rdmux[0][6][7]$b$4156 [1:0] 1'1 $memory$flatten\u_sm.\lut.$auto$proc_rom.cc:150:do_switch$593$rdmux[0][6][7]$b$4156 [0] 3'000 }
    Consolidated identical input bits for $mux cell $memory$flatten\u_sm.\lut.$auto$proc_rom.cc:150:do_switch$593$rdmux[0][7][14]$4367:
      Old ports: A=16'0010110001111100, B=16'0010100111001010, Y=$memory$flatten\u_sm.\lut.$auto$proc_rom.cc:150:do_switch$593$rdmux[0][6][7]$a$4155
      New ports: A=2'10, B=2'01, Y=$memory$flatten\u_sm.\lut.$auto$proc_rom.cc:150:do_switch$593$rdmux[0][6][7]$a$4155 [2:1]
      New connections: { $memory$flatten\u_sm.\lut.$auto$proc_rom.cc:150:do_switch$593$rdmux[0][6][7]$a$4155 [15:3] $memory$flatten\u_sm.\lut.$auto$proc_rom.cc:150:do_switch$593$rdmux[0][6][7]$a$4155 [0] } = { 5'00101 $memory$flatten\u_sm.\lut.$auto$proc_rom.cc:150:do_switch$593$rdmux[0][6][7]$a$4155 [2] 1'0 $memory$flatten\u_sm.\lut.$auto$proc_rom.cc:150:do_switch$593$rdmux[0][6][7]$a$4155 [1] $memory$flatten\u_sm.\lut.$auto$proc_rom.cc:150:do_switch$593$rdmux[0][6][7]$a$4155 [1] 1'1 $memory$flatten\u_sm.\lut.$auto$proc_rom.cc:150:do_switch$593$rdmux[0][6][7]$a$4155 [2] $memory$flatten\u_sm.\lut.$auto$proc_rom.cc:150:do_switch$593$rdmux[0][6][7]$a$4155 [2] 2'10 }
    Consolidated identical input bits for $mux cell $memory$flatten\u_sm.\lut.$auto$proc_rom.cc:150:do_switch$593$rdmux[0][7][13]$4364:
      Old ports: A=16'0011001001101001, B=16'0010111101011011, Y=$memory$flatten\u_sm.\lut.$auto$proc_rom.cc:150:do_switch$593$rdmux[0][6][6]$b$4153
      New ports: A=2'10, B=2'01, Y={ $memory$flatten\u_sm.\lut.$auto$proc_rom.cc:150:do_switch$593$rdmux[0][6][6]$b$4153 [5] $memory$flatten\u_sm.\lut.$auto$proc_rom.cc:150:do_switch$593$rdmux[0][6][6]$b$4153 [1] }
      New connections: { $memory$flatten\u_sm.\lut.$auto$proc_rom.cc:150:do_switch$593$rdmux[0][6][6]$b$4153 [15:6] $memory$flatten\u_sm.\lut.$auto$proc_rom.cc:150:do_switch$593$rdmux[0][6][6]$b$4153 [4:2] $memory$flatten\u_sm.\lut.$auto$proc_rom.cc:150:do_switch$593$rdmux[0][6][6]$b$4153 [0] } = { 3'001 $memory$flatten\u_sm.\lut.$auto$proc_rom.cc:150:do_switch$593$rdmux[0][6][6]$b$4153 [5] $memory$flatten\u_sm.\lut.$auto$proc_rom.cc:150:do_switch$593$rdmux[0][6][6]$b$4153 [1] $memory$flatten\u_sm.\lut.$auto$proc_rom.cc:150:do_switch$593$rdmux[0][6][6]$b$4153 [1] 1'1 $memory$flatten\u_sm.\lut.$auto$proc_rom.cc:150:do_switch$593$rdmux[0][6][6]$b$4153 [1] 2'01 $memory$flatten\u_sm.\lut.$auto$proc_rom.cc:150:do_switch$593$rdmux[0][6][6]$b$4153 [1] 3'101 }
    Consolidated identical input bits for $mux cell $memory$flatten\u_sm.\lut.$auto$proc_rom.cc:150:do_switch$593$rdmux[0][7][12]$4361:
      Old ports: A=16'0011100100011111, B=16'0011010110101001, Y=$memory$flatten\u_sm.\lut.$auto$proc_rom.cc:150:do_switch$593$rdmux[0][6][6]$a$4152
      New ports: A=2'01, B=2'10, Y={ $memory$flatten\u_sm.\lut.$auto$proc_rom.cc:150:do_switch$593$rdmux[0][6][6]$a$4152 [5] $memory$flatten\u_sm.\lut.$auto$proc_rom.cc:150:do_switch$593$rdmux[0][6][6]$a$4152 [1] }
      New connections: { $memory$flatten\u_sm.\lut.$auto$proc_rom.cc:150:do_switch$593$rdmux[0][6][6]$a$4152 [15:6] $memory$flatten\u_sm.\lut.$auto$proc_rom.cc:150:do_switch$593$rdmux[0][6][6]$a$4152 [4:2] $memory$flatten\u_sm.\lut.$auto$proc_rom.cc:150:do_switch$593$rdmux[0][6][6]$a$4152 [0] } = { 4'0011 $memory$flatten\u_sm.\lut.$auto$proc_rom.cc:150:do_switch$593$rdmux[0][6][6]$a$4152 [1] $memory$flatten\u_sm.\lut.$auto$proc_rom.cc:150:do_switch$593$rdmux[0][6][6]$a$4152 [5] 2'01 $memory$flatten\u_sm.\lut.$auto$proc_rom.cc:150:do_switch$593$rdmux[0][6][6]$a$4152 [5] 1'0 $memory$flatten\u_sm.\lut.$auto$proc_rom.cc:150:do_switch$593$rdmux[0][6][6]$a$4152 [1] 1'1 $memory$flatten\u_sm.\lut.$auto$proc_rom.cc:150:do_switch$593$rdmux[0][6][6]$a$4152 [1] 1'1 }
    Consolidated identical input bits for $mux cell $memory$flatten\u_sm.\lut.$auto$proc_rom.cc:150:do_switch$593$rdmux[0][7][11]$4358:
      Old ports: A=16'0100000010111010, B=16'0011110011001110, Y=$memory$flatten\u_sm.\lut.$auto$proc_rom.cc:150:do_switch$593$rdmux[0][6][5]$b$4150
      New ports: A=2'10, B=2'01, Y={ $memory$flatten\u_sm.\lut.$auto$proc_rom.cc:150:do_switch$593$rdmux[0][6][5]$b$4150 [4] $memory$flatten\u_sm.\lut.$auto$proc_rom.cc:150:do_switch$593$rdmux[0][6][5]$b$4150 [2] }
      New connections: { $memory$flatten\u_sm.\lut.$auto$proc_rom.cc:150:do_switch$593$rdmux[0][6][5]$b$4150 [15:5] $memory$flatten\u_sm.\lut.$auto$proc_rom.cc:150:do_switch$593$rdmux[0][6][5]$b$4150 [3] $memory$flatten\u_sm.\lut.$auto$proc_rom.cc:150:do_switch$593$rdmux[0][6][5]$b$4150 [1:0] } = { 1'0 $memory$flatten\u_sm.\lut.$auto$proc_rom.cc:150:do_switch$593$rdmux[0][6][5]$b$4150 [4] $memory$flatten\u_sm.\lut.$auto$proc_rom.cc:150:do_switch$593$rdmux[0][6][5]$b$4150 [2] $memory$flatten\u_sm.\lut.$auto$proc_rom.cc:150:do_switch$593$rdmux[0][6][5]$b$4150 [2] $memory$flatten\u_sm.\lut.$auto$proc_rom.cc:150:do_switch$593$rdmux[0][6][5]$b$4150 [2] $memory$flatten\u_sm.\lut.$auto$proc_rom.cc:150:do_switch$593$rdmux[0][6][5]$b$4150 [2] 3'001 $memory$flatten\u_sm.\lut.$auto$proc_rom.cc:150:do_switch$593$rdmux[0][6][5]$b$4150 [2] $memory$flatten\u_sm.\lut.$auto$proc_rom.cc:150:do_switch$593$rdmux[0][6][5]$b$4150 [4] 3'110 }
    Consolidated identical input bits for $mux cell $memory$flatten\u_sm.\lut.$auto$proc_rom.cc:150:do_switch$593$rdmux[0][7][10]$4355:
      Old ports: A=16'0100100101011000, B=16'0100010011100111, Y=$memory$flatten\u_sm.\lut.$auto$proc_rom.cc:150:do_switch$593$rdmux[0][6][5]$a$4149
      New ports: A=2'10, B=2'01, Y={ $memory$flatten\u_sm.\lut.$auto$proc_rom.cc:150:do_switch$593$rdmux[0][6][5]$a$4149 [3] $memory$flatten\u_sm.\lut.$auto$proc_rom.cc:150:do_switch$593$rdmux[0][6][5]$a$4149 [0] }
      New connections: { $memory$flatten\u_sm.\lut.$auto$proc_rom.cc:150:do_switch$593$rdmux[0][6][5]$a$4149 [15:4] $memory$flatten\u_sm.\lut.$auto$proc_rom.cc:150:do_switch$593$rdmux[0][6][5]$a$4149 [2:1] } = { 4'0100 $memory$flatten\u_sm.\lut.$auto$proc_rom.cc:150:do_switch$593$rdmux[0][6][5]$a$4149 [3] $memory$flatten\u_sm.\lut.$auto$proc_rom.cc:150:do_switch$593$rdmux[0][6][5]$a$4149 [0] 1'0 $memory$flatten\u_sm.\lut.$auto$proc_rom.cc:150:do_switch$593$rdmux[0][6][5]$a$4149 [3] $memory$flatten\u_sm.\lut.$auto$proc_rom.cc:150:do_switch$593$rdmux[0][6][5]$a$4149 [0] 1'1 $memory$flatten\u_sm.\lut.$auto$proc_rom.cc:150:do_switch$593$rdmux[0][6][5]$a$4149 [0] $memory$flatten\u_sm.\lut.$auto$proc_rom.cc:150:do_switch$593$rdmux[0][6][5]$a$4149 [3] $memory$flatten\u_sm.\lut.$auto$proc_rom.cc:150:do_switch$593$rdmux[0][6][5]$a$4149 [0] $memory$flatten\u_sm.\lut.$auto$proc_rom.cc:150:do_switch$593$rdmux[0][6][5]$a$4149 [0] }
    Consolidated identical input bits for $mux cell $memory$flatten\u_sm.\lut.$auto$proc_rom.cc:150:do_switch$593$rdmux[0][7][9]$4352:
      Old ports: A=16'0101001100011100, B=16'0100111000010011, Y=$memory$flatten\u_sm.\lut.$auto$proc_rom.cc:150:do_switch$593$rdmux[0][6][4]$b$4147
      New ports: A=2'10, B=2'01, Y={ $memory$flatten\u_sm.\lut.$auto$proc_rom.cc:150:do_switch$593$rdmux[0][6][4]$b$4147 [2] $memory$flatten\u_sm.\lut.$auto$proc_rom.cc:150:do_switch$593$rdmux[0][6][4]$b$4147 [0] }
      New connections: { $memory$flatten\u_sm.\lut.$auto$proc_rom.cc:150:do_switch$593$rdmux[0][6][4]$b$4147 [15:3] $memory$flatten\u_sm.\lut.$auto$proc_rom.cc:150:do_switch$593$rdmux[0][6][4]$b$4147 [1] } = { 3'010 $memory$flatten\u_sm.\lut.$auto$proc_rom.cc:150:do_switch$593$rdmux[0][6][4]$b$4147 [2] $memory$flatten\u_sm.\lut.$auto$proc_rom.cc:150:do_switch$593$rdmux[0][6][4]$b$4147 [0] $memory$flatten\u_sm.\lut.$auto$proc_rom.cc:150:do_switch$593$rdmux[0][6][4]$b$4147 [0] 1'1 $memory$flatten\u_sm.\lut.$auto$proc_rom.cc:150:do_switch$593$rdmux[0][6][4]$b$4147 [2] 4'0001 $memory$flatten\u_sm.\lut.$auto$proc_rom.cc:150:do_switch$593$rdmux[0][6][4]$b$4147 [2] $memory$flatten\u_sm.\lut.$auto$proc_rom.cc:150:do_switch$593$rdmux[0][6][4]$b$4147 [0] }
    Consolidated identical input bits for $mux cell $memory$flatten\u_sm.\lut.$auto$proc_rom.cc:150:do_switch$593$rdmux[0][7][8]$4349:
      Old ports: A=16'0101111000101101, B=16'0101100001111000, Y=$memory$flatten\u_sm.\lut.$auto$proc_rom.cc:150:do_switch$593$rdmux[0][6][4]$a$4146
      New ports: A=2'01, B=2'10, Y={ $memory$flatten\u_sm.\lut.$auto$proc_rom.cc:150:do_switch$593$rdmux[0][6][4]$a$4146 [4] $memory$flatten\u_sm.\lut.$auto$proc_rom.cc:150:do_switch$593$rdmux[0][6][4]$a$4146 [0] }
      New connections: { $memory$flatten\u_sm.\lut.$auto$proc_rom.cc:150:do_switch$593$rdmux[0][6][4]$a$4146 [15:5] $memory$flatten\u_sm.\lut.$auto$proc_rom.cc:150:do_switch$593$rdmux[0][6][4]$a$4146 [3:1] } = { 5'01011 $memory$flatten\u_sm.\lut.$auto$proc_rom.cc:150:do_switch$593$rdmux[0][6][4]$a$4146 [0] $memory$flatten\u_sm.\lut.$auto$proc_rom.cc:150:do_switch$593$rdmux[0][6][4]$a$4146 [0] 2'00 $memory$flatten\u_sm.\lut.$auto$proc_rom.cc:150:do_switch$593$rdmux[0][6][4]$a$4146 [4] 2'11 $memory$flatten\u_sm.\lut.$auto$proc_rom.cc:150:do_switch$593$rdmux[0][6][4]$a$4146 [0] 1'0 }
    Consolidated identical input bits for $mux cell $memory$flatten\u_sm.\lut.$auto$proc_rom.cc:150:do_switch$593$rdmux[0][7][7]$4346:
      Old ports: A=16'0110101010110111, B=16'0110010001000000, Y=$memory$flatten\u_sm.\lut.$auto$proc_rom.cc:150:do_switch$593$rdmux[0][6][3]$b$4144
      New ports: A=2'01, B=2'10, Y={ $memory$flatten\u_sm.\lut.$auto$proc_rom.cc:150:do_switch$593$rdmux[0][6][3]$b$4144 [6] $memory$flatten\u_sm.\lut.$auto$proc_rom.cc:150:do_switch$593$rdmux[0][6][3]$b$4144 [0] }
      New connections: { $memory$flatten\u_sm.\lut.$auto$proc_rom.cc:150:do_switch$593$rdmux[0][6][3]$b$4144 [15:7] $memory$flatten\u_sm.\lut.$auto$proc_rom.cc:150:do_switch$593$rdmux[0][6][3]$b$4144 [5:1] } = { 4'0110 $memory$flatten\u_sm.\lut.$auto$proc_rom.cc:150:do_switch$593$rdmux[0][6][3]$b$4144 [0] $memory$flatten\u_sm.\lut.$auto$proc_rom.cc:150:do_switch$593$rdmux[0][6][3]$b$4144 [6] $memory$flatten\u_sm.\lut.$auto$proc_rom.cc:150:do_switch$593$rdmux[0][6][3]$b$4144 [0] 1'0 $memory$flatten\u_sm.\lut.$auto$proc_rom.cc:150:do_switch$593$rdmux[0][6][3]$b$4144 [0] $memory$flatten\u_sm.\lut.$auto$proc_rom.cc:150:do_switch$593$rdmux[0][6][3]$b$4144 [0] $memory$flatten\u_sm.\lut.$auto$proc_rom.cc:150:do_switch$593$rdmux[0][6][3]$b$4144 [0] 1'0 $memory$flatten\u_sm.\lut.$auto$proc_rom.cc:150:do_switch$593$rdmux[0][6][3]$b$4144 [0] $memory$flatten\u_sm.\lut.$auto$proc_rom.cc:150:do_switch$593$rdmux[0][6][3]$b$4144 [0] }
    Consolidated identical input bits for $mux cell $memory$flatten\u_sm.\lut.$auto$proc_rom.cc:150:do_switch$593$rdmux[0][7][6]$4343:
      Old ports: A=16'0111100011101101, B=16'0111000110011001, Y=$memory$flatten\u_sm.\lut.$auto$proc_rom.cc:150:do_switch$593$rdmux[0][6][3]$a$4143
      New ports: A=2'01, B=2'10, Y={ $memory$flatten\u_sm.\lut.$auto$proc_rom.cc:150:do_switch$593$rdmux[0][6][3]$a$4143 [4] $memory$flatten\u_sm.\lut.$auto$proc_rom.cc:150:do_switch$593$rdmux[0][6][3]$a$4143 [2] }
      New connections: { $memory$flatten\u_sm.\lut.$auto$proc_rom.cc:150:do_switch$593$rdmux[0][6][3]$a$4143 [15:5] $memory$flatten\u_sm.\lut.$auto$proc_rom.cc:150:do_switch$593$rdmux[0][6][3]$a$4143 [3] $memory$flatten\u_sm.\lut.$auto$proc_rom.cc:150:do_switch$593$rdmux[0][6][3]$a$4143 [1:0] } = { 4'0111 $memory$flatten\u_sm.\lut.$auto$proc_rom.cc:150:do_switch$593$rdmux[0][6][3]$a$4143 [2] 2'00 $memory$flatten\u_sm.\lut.$auto$proc_rom.cc:150:do_switch$593$rdmux[0][6][3]$a$4143 [4] 1'1 $memory$flatten\u_sm.\lut.$auto$proc_rom.cc:150:do_switch$593$rdmux[0][6][3]$a$4143 [2] $memory$flatten\u_sm.\lut.$auto$proc_rom.cc:150:do_switch$593$rdmux[0][6][3]$a$4143 [2] 3'101 }
    Consolidated identical input bits for $mux cell $memory$flatten\u_sm.\lut.$auto$proc_rom.cc:150:do_switch$593$rdmux[0][7][5]$4340:
      Old ports: A=16'1000100100000110, B=16'1000000010111001, Y=$memory$flatten\u_sm.\lut.$auto$proc_rom.cc:150:do_switch$593$rdmux[0][6][2]$b$4141
      New ports: A=2'10, B=2'01, Y=$memory$flatten\u_sm.\lut.$auto$proc_rom.cc:150:do_switch$593$rdmux[0][6][2]$b$4141 [1:0]
      New connections: $memory$flatten\u_sm.\lut.$auto$proc_rom.cc:150:do_switch$593$rdmux[0][6][2]$b$4141 [15:2] = { 4'1000 $memory$flatten\u_sm.\lut.$auto$proc_rom.cc:150:do_switch$593$rdmux[0][6][2]$b$4141 [1] 2'00 $memory$flatten\u_sm.\lut.$auto$proc_rom.cc:150:do_switch$593$rdmux[0][6][2]$b$4141 [1:0] 1'0 $memory$flatten\u_sm.\lut.$auto$proc_rom.cc:150:do_switch$593$rdmux[0][6][2]$b$4141 [0] $memory$flatten\u_sm.\lut.$auto$proc_rom.cc:150:do_switch$593$rdmux[0][6][2]$b$4141 [0] $memory$flatten\u_sm.\lut.$auto$proc_rom.cc:150:do_switch$593$rdmux[0][6][2]$b$4141 [0] $memory$flatten\u_sm.\lut.$auto$proc_rom.cc:150:do_switch$593$rdmux[0][6][2]$b$4141 [1] }
    Consolidated identical input bits for $mux cell $memory$flatten\u_sm.\lut.$auto$proc_rom.cc:150:do_switch$593$rdmux[0][7][4]$4337:
      Old ports: A=16'1001101101000101, B=16'1001000111011101, Y=$memory$flatten\u_sm.\lut.$auto$proc_rom.cc:150:do_switch$593$rdmux[0][6][2]$a$4140
      New ports: A=2'10, B=2'01, Y={ $memory$flatten\u_sm.\lut.$auto$proc_rom.cc:150:do_switch$593$rdmux[0][6][2]$a$4140 [9] $memory$flatten\u_sm.\lut.$auto$proc_rom.cc:150:do_switch$593$rdmux[0][6][2]$a$4140 [3] }
      New connections: { $memory$flatten\u_sm.\lut.$auto$proc_rom.cc:150:do_switch$593$rdmux[0][6][2]$a$4140 [15:10] $memory$flatten\u_sm.\lut.$auto$proc_rom.cc:150:do_switch$593$rdmux[0][6][2]$a$4140 [8:4] $memory$flatten\u_sm.\lut.$auto$proc_rom.cc:150:do_switch$593$rdmux[0][6][2]$a$4140 [2:0] } = { 4'1001 $memory$flatten\u_sm.\lut.$auto$proc_rom.cc:150:do_switch$593$rdmux[0][6][2]$a$4140 [9] 2'01 $memory$flatten\u_sm.\lut.$auto$proc_rom.cc:150:do_switch$593$rdmux[0][6][2]$a$4140 [3] 2'10 $memory$flatten\u_sm.\lut.$auto$proc_rom.cc:150:do_switch$593$rdmux[0][6][2]$a$4140 [3] 3'101 }
    Consolidated identical input bits for $mux cell $memory$flatten\u_sm.\lut.$auto$proc_rom.cc:150:do_switch$593$rdmux[0][7][3]$4334:
      Old ports: A=16'1010111111110010, B=16'1010010101001001, Y=$memory$flatten\u_sm.\lut.$auto$proc_rom.cc:150:do_switch$593$rdmux[0][6][1]$b$4138
      New ports: A=2'10, B=2'01, Y=$memory$flatten\u_sm.\lut.$auto$proc_rom.cc:150:do_switch$593$rdmux[0][6][1]$b$4138 [1:0]
      New connections: $memory$flatten\u_sm.\lut.$auto$proc_rom.cc:150:do_switch$593$rdmux[0][6][1]$b$4138 [15:2] = { 4'1010 $memory$flatten\u_sm.\lut.$auto$proc_rom.cc:150:do_switch$593$rdmux[0][6][1]$b$4138 [1] 1'1 $memory$flatten\u_sm.\lut.$auto$proc_rom.cc:150:do_switch$593$rdmux[0][6][1]$b$4138 [1] 1'1 $memory$flatten\u_sm.\lut.$auto$proc_rom.cc:150:do_switch$593$rdmux[0][6][1]$b$4138 [1] 1'1 $memory$flatten\u_sm.\lut.$auto$proc_rom.cc:150:do_switch$593$rdmux[0][6][1]$b$4138 [1] $memory$flatten\u_sm.\lut.$auto$proc_rom.cc:150:do_switch$593$rdmux[0][6][1]$b$4138 [1:0] 1'0 }
    Consolidated identical input bits for $mux cell $memory$flatten\u_sm.\lut.$auto$proc_rom.cc:150:do_switch$593$rdmux[0][7][2]$4331:
      Old ports: A=16'1100011101011111, B=16'1011101101001010, Y=$memory$flatten\u_sm.\lut.$auto$proc_rom.cc:150:do_switch$593$rdmux[0][6][1]$a$4137
      New ports: A=2'01, B=2'10, Y={ $memory$flatten\u_sm.\lut.$auto$proc_rom.cc:150:do_switch$593$rdmux[0][6][1]$a$4137 [11] $memory$flatten\u_sm.\lut.$auto$proc_rom.cc:150:do_switch$593$rdmux[0][6][1]$a$4137 [0] }
      New connections: { $memory$flatten\u_sm.\lut.$auto$proc_rom.cc:150:do_switch$593$rdmux[0][6][1]$a$4137 [15:12] $memory$flatten\u_sm.\lut.$auto$proc_rom.cc:150:do_switch$593$rdmux[0][6][1]$a$4137 [10:1] } = { 1'1 $memory$flatten\u_sm.\lut.$auto$proc_rom.cc:150:do_switch$593$rdmux[0][6][1]$a$4137 [0] $memory$flatten\u_sm.\lut.$auto$proc_rom.cc:150:do_switch$593$rdmux[0][6][1]$a$4137 [11] $memory$flatten\u_sm.\lut.$auto$proc_rom.cc:150:do_switch$593$rdmux[0][6][1]$a$4137 [11] $memory$flatten\u_sm.\lut.$auto$proc_rom.cc:150:do_switch$593$rdmux[0][6][1]$a$4137 [0] 5'11010 $memory$flatten\u_sm.\lut.$auto$proc_rom.cc:150:do_switch$593$rdmux[0][6][1]$a$4137 [0] 1'1 $memory$flatten\u_sm.\lut.$auto$proc_rom.cc:150:do_switch$593$rdmux[0][6][1]$a$4137 [0] 1'1 }
    Consolidated identical input bits for $mux cell $memory$flatten\u_sm.\lut.$auto$proc_rom.cc:150:do_switch$593$rdmux[0][7][1]$4328:
      Old ports: A=16'1110000111101010, B=16'1101010000111010, Y=$memory$flatten\u_sm.\lut.$auto$proc_rom.cc:150:do_switch$593$rdmux[0][6][0]$b$4135
      New ports: A=2'10, B=2'01, Y={ $memory$flatten\u_sm.\lut.$auto$proc_rom.cc:150:do_switch$593$rdmux[0][6][0]$b$4135 [6] $memory$flatten\u_sm.\lut.$auto$proc_rom.cc:150:do_switch$593$rdmux[0][6][0]$b$4135 [4] }
      New connections: { $memory$flatten\u_sm.\lut.$auto$proc_rom.cc:150:do_switch$593$rdmux[0][6][0]$b$4135 [15:7] $memory$flatten\u_sm.\lut.$auto$proc_rom.cc:150:do_switch$593$rdmux[0][6][0]$b$4135 [5] $memory$flatten\u_sm.\lut.$auto$proc_rom.cc:150:do_switch$593$rdmux[0][6][0]$b$4135 [3:0] } = { 2'11 $memory$flatten\u_sm.\lut.$auto$proc_rom.cc:150:do_switch$593$rdmux[0][6][0]$b$4135 [6] $memory$flatten\u_sm.\lut.$auto$proc_rom.cc:150:do_switch$593$rdmux[0][6][0]$b$4135 [4] 1'0 $memory$flatten\u_sm.\lut.$auto$proc_rom.cc:150:do_switch$593$rdmux[0][6][0]$b$4135 [4] 1'0 $memory$flatten\u_sm.\lut.$auto$proc_rom.cc:150:do_switch$593$rdmux[0][6][0]$b$4135 [6] $memory$flatten\u_sm.\lut.$auto$proc_rom.cc:150:do_switch$593$rdmux[0][6][0]$b$4135 [6] 5'11010 }
    Consolidated identical input bits for $mux cell $memory$flatten\u_sm.\lut.$auto$proc_rom.cc:150:do_switch$593$rdmux[0][7][0]$4325:
      Old ports: A=16'1111111111111111, B=16'1111000001111100, Y=$memory$flatten\u_sm.\lut.$auto$proc_rom.cc:150:do_switch$593$rdmux[0][6][0]$a$4134
      New ports: A=1'1, B=1'0, Y=$memory$flatten\u_sm.\lut.$auto$proc_rom.cc:150:do_switch$593$rdmux[0][6][0]$a$4134 [0]
      New connections: $memory$flatten\u_sm.\lut.$auto$proc_rom.cc:150:do_switch$593$rdmux[0][6][0]$a$4134 [15:1] = { 4'1111 $memory$flatten\u_sm.\lut.$auto$proc_rom.cc:150:do_switch$593$rdmux[0][6][0]$a$4134 [0] $memory$flatten\u_sm.\lut.$auto$proc_rom.cc:150:do_switch$593$rdmux[0][6][0]$a$4134 [0] $memory$flatten\u_sm.\lut.$auto$proc_rom.cc:150:do_switch$593$rdmux[0][6][0]$a$4134 [0] $memory$flatten\u_sm.\lut.$auto$proc_rom.cc:150:do_switch$593$rdmux[0][6][0]$a$4134 [0] $memory$flatten\u_sm.\lut.$auto$proc_rom.cc:150:do_switch$593$rdmux[0][6][0]$a$4134 [0] 5'11111 $memory$flatten\u_sm.\lut.$auto$proc_rom.cc:150:do_switch$593$rdmux[0][6][0]$a$4134 [0] }
    Consolidated identical input bits for $mux cell $memory$flatten\u_sm.\lut.$auto$proc_rom.cc:150:do_switch$593$rdmux[0][7][37]$4436:
      Old ports: A=16'0000001010000010, B=16'0000001001011100, Y=$memory$flatten\u_sm.\lut.$auto$proc_rom.cc:150:do_switch$593$rdmux[0][6][18]$b$4189
      New ports: A=2'01, B=2'10, Y=$memory$flatten\u_sm.\lut.$auto$proc_rom.cc:150:do_switch$593$rdmux[0][6][18]$b$4189 [2:1]
      New connections: { $memory$flatten\u_sm.\lut.$auto$proc_rom.cc:150:do_switch$593$rdmux[0][6][18]$b$4189 [15:3] $memory$flatten\u_sm.\lut.$auto$proc_rom.cc:150:do_switch$593$rdmux[0][6][18]$b$4189 [0] } = { 8'00000010 $memory$flatten\u_sm.\lut.$auto$proc_rom.cc:150:do_switch$593$rdmux[0][6][18]$b$4189 [1] $memory$flatten\u_sm.\lut.$auto$proc_rom.cc:150:do_switch$593$rdmux[0][6][18]$b$4189 [2] 1'0 $memory$flatten\u_sm.\lut.$auto$proc_rom.cc:150:do_switch$593$rdmux[0][6][18]$b$4189 [2] $memory$flatten\u_sm.\lut.$auto$proc_rom.cc:150:do_switch$593$rdmux[0][6][18]$b$4189 [2] 1'0 }
    Consolidated identical input bits for $mux cell $memory$flatten\u_sm.\lut.$auto$proc_rom.cc:150:do_switch$593$rdmux[0][7][66]$4523:
      Old ports: A=16'0000000000010001, B=16'0000000000010000, Y=$memory$flatten\u_sm.\lut.$auto$proc_rom.cc:150:do_switch$593$rdmux[0][6][33]$a$4233
      New ports: A=1'1, B=1'0, Y=$memory$flatten\u_sm.\lut.$auto$proc_rom.cc:150:do_switch$593$rdmux[0][6][33]$a$4233 [0]
      New connections: $memory$flatten\u_sm.\lut.$auto$proc_rom.cc:150:do_switch$593$rdmux[0][6][33]$a$4233 [15:1] = 15'000000000001000
    Consolidated identical input bits for $mux cell $memory$flatten\u_sm.\lut.$auto$proc_rom.cc:150:do_switch$593$rdmux[0][7][85]$4580:
      Old ports: A=16'0000000000000010, B=16'0000000000000001, Y=$memory$flatten\u_sm.\lut.$auto$proc_rom.cc:150:do_switch$593$rdmux[0][6][42]$b$4261
      New ports: A=2'10, B=2'01, Y=$memory$flatten\u_sm.\lut.$auto$proc_rom.cc:150:do_switch$593$rdmux[0][6][42]$b$4261 [1:0]
      New connections: $memory$flatten\u_sm.\lut.$auto$proc_rom.cc:150:do_switch$593$rdmux[0][6][42]$b$4261 [15:2] = 14'00000000000000
    Consolidated identical input bits for $mux cell $memory$flatten\u_sm.\lut.$auto$proc_rom.cc:150:do_switch$593$rdmux[0][7][50]$4475:
      Old ports: A=16'0000000001111111, B=16'0000000001110111, Y=$memory$flatten\u_sm.\lut.$auto$proc_rom.cc:150:do_switch$593$rdmux[0][6][25]$a$4209
      New ports: A=1'1, B=1'0, Y=$memory$flatten\u_sm.\lut.$auto$proc_rom.cc:150:do_switch$593$rdmux[0][6][25]$a$4209 [3]
      New connections: { $memory$flatten\u_sm.\lut.$auto$proc_rom.cc:150:do_switch$593$rdmux[0][6][25]$a$4209 [15:4] $memory$flatten\u_sm.\lut.$auto$proc_rom.cc:150:do_switch$593$rdmux[0][6][25]$a$4209 [2:0] } = 15'000000000111111
    Consolidated identical input bits for $mux cell $memory$flatten\u_sm.\lut.$auto$proc_rom.cc:150:do_switch$593$rdmux[0][7][46]$4463:
      Old ports: A=16'0000000011010001, B=16'0000000011000100, Y=$memory$flatten\u_sm.\lut.$auto$proc_rom.cc:150:do_switch$593$rdmux[0][6][23]$a$4203
      New ports: A=2'01, B=2'10, Y={ $memory$flatten\u_sm.\lut.$auto$proc_rom.cc:150:do_switch$593$rdmux[0][6][23]$a$4203 [2] $memory$flatten\u_sm.\lut.$auto$proc_rom.cc:150:do_switch$593$rdmux[0][6][23]$a$4203 [0] }
      New connections: { $memory$flatten\u_sm.\lut.$auto$proc_rom.cc:150:do_switch$593$rdmux[0][6][23]$a$4203 [15:3] $memory$flatten\u_sm.\lut.$auto$proc_rom.cc:150:do_switch$593$rdmux[0][6][23]$a$4203 [1] } = { 11'00000000110 $memory$flatten\u_sm.\lut.$auto$proc_rom.cc:150:do_switch$593$rdmux[0][6][23]$a$4203 [0] 2'00 }
    Consolidated identical input bits for $mux cell $memory$flatten\u_sm.\lut.$auto$proc_rom.cc:150:do_switch$593$rdmux[0][7][57]$4496:
      Old ports: A=16'0000000000110101, B=16'0000000000110010, Y=$memory$flatten\u_sm.\lut.$auto$proc_rom.cc:150:do_switch$593$rdmux[0][6][28]$b$4219
      New ports: A=2'01, B=2'10, Y=$memory$flatten\u_sm.\lut.$auto$proc_rom.cc:150:do_switch$593$rdmux[0][6][28]$b$4219 [1:0]
      New connections: $memory$flatten\u_sm.\lut.$auto$proc_rom.cc:150:do_switch$593$rdmux[0][6][28]$b$4219 [15:2] = { 13'0000000000110 $memory$flatten\u_sm.\lut.$auto$proc_rom.cc:150:do_switch$593$rdmux[0][6][28]$b$4219 [0] }
    Consolidated identical input bits for $mux cell $memory$flatten\u_sm.\lut.$auto$proc_rom.cc:150:do_switch$593$rdmux[0][7][63]$4514:
      Old ports: A=16'0000000000011001, B=16'0000000000010111, Y=$memory$flatten\u_sm.\lut.$auto$proc_rom.cc:150:do_switch$593$rdmux[0][6][31]$b$4228
      New ports: A=2'10, B=2'01, Y={ $memory$flatten\u_sm.\lut.$auto$proc_rom.cc:150:do_switch$593$rdmux[0][6][31]$b$4228 [3] $memory$flatten\u_sm.\lut.$auto$proc_rom.cc:150:do_switch$593$rdmux[0][6][31]$b$4228 [1] }
      New connections: { $memory$flatten\u_sm.\lut.$auto$proc_rom.cc:150:do_switch$593$rdmux[0][6][31]$b$4228 [15:4] $memory$flatten\u_sm.\lut.$auto$proc_rom.cc:150:do_switch$593$rdmux[0][6][31]$b$4228 [2] $memory$flatten\u_sm.\lut.$auto$proc_rom.cc:150:do_switch$593$rdmux[0][6][31]$b$4228 [0] } = { 12'000000000001 $memory$flatten\u_sm.\lut.$auto$proc_rom.cc:150:do_switch$593$rdmux[0][6][31]$b$4228 [1] 1'1 }
    Consolidated identical input bits for $mux cell $memory$flatten\u_sm.\lut.$auto$proc_rom.cc:150:do_switch$593$rdmux[0][7][45]$4460:
      Old ports: A=16'0000000011101100, B=16'0000000011011110, Y=$memory$flatten\u_sm.\lut.$auto$proc_rom.cc:150:do_switch$593$rdmux[0][6][22]$b$4201
      New ports: A=2'10, B=2'01, Y={ $memory$flatten\u_sm.\lut.$auto$proc_rom.cc:150:do_switch$593$rdmux[0][6][22]$b$4201 [5] $memory$flatten\u_sm.\lut.$auto$proc_rom.cc:150:do_switch$593$rdmux[0][6][22]$b$4201 [1] }
      New connections: { $memory$flatten\u_sm.\lut.$auto$proc_rom.cc:150:do_switch$593$rdmux[0][6][22]$b$4201 [15:6] $memory$flatten\u_sm.\lut.$auto$proc_rom.cc:150:do_switch$593$rdmux[0][6][22]$b$4201 [4:2] $memory$flatten\u_sm.\lut.$auto$proc_rom.cc:150:do_switch$593$rdmux[0][6][22]$b$4201 [0] } = { 10'0000000011 $memory$flatten\u_sm.\lut.$auto$proc_rom.cc:150:do_switch$593$rdmux[0][6][22]$b$4201 [1] 3'110 }
    Consolidated identical input bits for $mux cell $memory$flatten\u_sm.\lut.$auto$proc_rom.cc:150:do_switch$593$rdmux[0][7][38]$4439:
      Old ports: A=16'0000001000110111, B=16'0000001000010101, Y=$memory$flatten\u_sm.\lut.$auto$proc_rom.cc:150:do_switch$593$rdmux[0][6][19]$a$4191
      New ports: A=1'1, B=1'0, Y=$memory$flatten\u_sm.\lut.$auto$proc_rom.cc:150:do_switch$593$rdmux[0][6][19]$a$4191 [1]
      New connections: { $memory$flatten\u_sm.\lut.$auto$proc_rom.cc:150:do_switch$593$rdmux[0][6][19]$a$4191 [15:2] $memory$flatten\u_sm.\lut.$auto$proc_rom.cc:150:do_switch$593$rdmux[0][6][19]$a$4191 [0] } = { 10'0000001000 $memory$flatten\u_sm.\lut.$auto$proc_rom.cc:150:do_switch$593$rdmux[0][6][19]$a$4191 [1] 4'1011 }
    Consolidated identical input bits for $mux cell $memory$flatten\u_sm.\lut.$auto$proc_rom.cc:150:do_switch$593$rdmux[0][7][35]$4430:
      Old ports: A=16'0000001100111001, B=16'0000001100000111, Y=$memory$flatten\u_sm.\lut.$auto$proc_rom.cc:150:do_switch$593$rdmux[0][6][17]$b$4186
      New ports: A=2'10, B=2'01, Y={ $memory$flatten\u_sm.\lut.$auto$proc_rom.cc:150:do_switch$593$rdmux[0][6][17]$b$4186 [3] $memory$flatten\u_sm.\lut.$auto$proc_rom.cc:150:do_switch$593$rdmux[0][6][17]$b$4186 [1] }
      New connections: { $memory$flatten\u_sm.\lut.$auto$proc_rom.cc:150:do_switch$593$rdmux[0][6][17]$b$4186 [15:4] $memory$flatten\u_sm.\lut.$auto$proc_rom.cc:150:do_switch$593$rdmux[0][6][17]$b$4186 [2] $memory$flatten\u_sm.\lut.$auto$proc_rom.cc:150:do_switch$593$rdmux[0][6][17]$b$4186 [0] } = { 10'0000001100 $memory$flatten\u_sm.\lut.$auto$proc_rom.cc:150:do_switch$593$rdmux[0][6][17]$b$4186 [3] $memory$flatten\u_sm.\lut.$auto$proc_rom.cc:150:do_switch$593$rdmux[0][6][17]$b$4186 [3] $memory$flatten\u_sm.\lut.$auto$proc_rom.cc:150:do_switch$593$rdmux[0][6][17]$b$4186 [1] 1'1 }
    Consolidated identical input bits for $mux cell $memory$flatten\u_sm.\lut.$auto$proc_rom.cc:150:do_switch$593$rdmux[0][7][39]$4442:
      Old ports: A=16'0000000111110100, B=16'0000000111010110, Y=$memory$flatten\u_sm.\lut.$auto$proc_rom.cc:150:do_switch$593$rdmux[0][6][19]$b$4192
      New ports: A=2'10, B=2'01, Y={ $memory$flatten\u_sm.\lut.$auto$proc_rom.cc:150:do_switch$593$rdmux[0][6][19]$b$4192 [5] $memory$flatten\u_sm.\lut.$auto$proc_rom.cc:150:do_switch$593$rdmux[0][6][19]$b$4192 [1] }
      New connections: { $memory$flatten\u_sm.\lut.$auto$proc_rom.cc:150:do_switch$593$rdmux[0][6][19]$b$4192 [15:6] $memory$flatten\u_sm.\lut.$auto$proc_rom.cc:150:do_switch$593$rdmux[0][6][19]$b$4192 [4:2] $memory$flatten\u_sm.\lut.$auto$proc_rom.cc:150:do_switch$593$rdmux[0][6][19]$b$4192 [0] } = 14'00000001111010
    Consolidated identical input bits for $mux cell $memory$flatten\u_sm.\lut.$auto$proc_rom.cc:150:do_switch$593$rdmux[0][7][55]$4490:
      Old ports: A=16'0000000001000100, B=16'0000000001000000, Y=$memory$flatten\u_sm.\lut.$auto$proc_rom.cc:150:do_switch$593$rdmux[0][6][27]$b$4216
      New ports: A=1'1, B=1'0, Y=$memory$flatten\u_sm.\lut.$auto$proc_rom.cc:150:do_switch$593$rdmux[0][6][27]$b$4216 [2]
      New connections: { $memory$flatten\u_sm.\lut.$auto$proc_rom.cc:150:do_switch$593$rdmux[0][6][27]$b$4216 [15:3] $memory$flatten\u_sm.\lut.$auto$proc_rom.cc:150:do_switch$593$rdmux[0][6][27]$b$4216 [1:0] } = 15'000000000100000
    Consolidated identical input bits for $mux cell $memory$flatten\u_sm.\lut.$auto$proc_rom.cc:150:do_switch$593$rdmux[0][7][56]$4493:
      Old ports: A=16'0000000000111100, B=16'0000000000111000, Y=$memory$flatten\u_sm.\lut.$auto$proc_rom.cc:150:do_switch$593$rdmux[0][6][28]$a$4218
      New ports: A=1'1, B=1'0, Y=$memory$flatten\u_sm.\lut.$auto$proc_rom.cc:150:do_switch$593$rdmux[0][6][28]$a$4218 [2]
      New connections: { $memory$flatten\u_sm.\lut.$auto$proc_rom.cc:150:do_switch$593$rdmux[0][6][28]$a$4218 [15:3] $memory$flatten\u_sm.\lut.$auto$proc_rom.cc:150:do_switch$593$rdmux[0][6][28]$a$4218 [1:0] } = 15'000000000011100
    Consolidated identical input bits for $mux cell $memory$flatten\u_sm.\lut.$auto$proc_rom.cc:150:do_switch$593$rdmux[0][7][69]$4532:
      Old ports: A=16'0000000000001100, B=16'0000000000001011, Y=$memory$flatten\u_sm.\lut.$auto$proc_rom.cc:150:do_switch$593$rdmux[0][6][34]$b$4237
      New ports: A=2'10, B=2'01, Y={ $memory$flatten\u_sm.\lut.$auto$proc_rom.cc:150:do_switch$593$rdmux[0][6][34]$b$4237 [2] $memory$flatten\u_sm.\lut.$auto$proc_rom.cc:150:do_switch$593$rdmux[0][6][34]$b$4237 [0] }
      New connections: { $memory$flatten\u_sm.\lut.$auto$proc_rom.cc:150:do_switch$593$rdmux[0][6][34]$b$4237 [15:3] $memory$flatten\u_sm.\lut.$auto$proc_rom.cc:150:do_switch$593$rdmux[0][6][34]$b$4237 [1] } = { 13'0000000000001 $memory$flatten\u_sm.\lut.$auto$proc_rom.cc:150:do_switch$593$rdmux[0][6][34]$b$4237 [0] }
    Consolidated identical input bits for $mux cell $memory$flatten\u_sm.\lut.$auto$proc_rom.cc:150:do_switch$593$rdmux[0][7][65]$4520:
      Old ports: A=16'0000000000010011, B=16'0000000000010010, Y=$memory$flatten\u_sm.\lut.$auto$proc_rom.cc:150:do_switch$593$rdmux[0][6][32]$b$4231
      New ports: A=1'1, B=1'0, Y=$memory$flatten\u_sm.\lut.$auto$proc_rom.cc:150:do_switch$593$rdmux[0][6][32]$b$4231 [0]
      New connections: $memory$flatten\u_sm.\lut.$auto$proc_rom.cc:150:do_switch$593$rdmux[0][6][32]$b$4231 [15:1] = 15'000000000001001
    Consolidated identical input bits for $mux cell $memory$flatten\u_sm.\lut.$auto$proc_rom.cc:150:do_switch$593$rdmux[0][7][62]$4511:
      Old ports: A=16'0000000000011100, B=16'0000000000011011, Y=$memory$flatten\u_sm.\lut.$auto$proc_rom.cc:150:do_switch$593$rdmux[0][6][31]$a$4227
      New ports: A=2'10, B=2'01, Y={ $memory$flatten\u_sm.\lut.$auto$proc_rom.cc:150:do_switch$593$rdmux[0][6][31]$a$4227 [2] $memory$flatten\u_sm.\lut.$auto$proc_rom.cc:150:do_switch$593$rdmux[0][6][31]$a$4227 [0] }
      New connections: { $memory$flatten\u_sm.\lut.$auto$proc_rom.cc:150:do_switch$593$rdmux[0][6][31]$a$4227 [15:3] $memory$flatten\u_sm.\lut.$auto$proc_rom.cc:150:do_switch$593$rdmux[0][6][31]$a$4227 [1] } = { 13'0000000000011 $memory$flatten\u_sm.\lut.$auto$proc_rom.cc:150:do_switch$593$rdmux[0][6][31]$a$4227 [0] }
    Consolidated identical input bits for $mux cell $memory$flatten\u_sm.\lut.$auto$proc_rom.cc:150:do_switch$593$rdmux[0][7][43]$4454:
      Old ports: A=16'0000000100101111, B=16'0000000100011101, Y=$memory$flatten\u_sm.\lut.$auto$proc_rom.cc:150:do_switch$593$rdmux[0][6][21]$b$4198
      New ports: A=2'01, B=2'10, Y={ $memory$flatten\u_sm.\lut.$auto$proc_rom.cc:150:do_switch$593$rdmux[0][6][21]$b$4198 [4] $memory$flatten\u_sm.\lut.$auto$proc_rom.cc:150:do_switch$593$rdmux[0][6][21]$b$4198 [1] }
      New connections: { $memory$flatten\u_sm.\lut.$auto$proc_rom.cc:150:do_switch$593$rdmux[0][6][21]$b$4198 [15:5] $memory$flatten\u_sm.\lut.$auto$proc_rom.cc:150:do_switch$593$rdmux[0][6][21]$b$4198 [3:2] $memory$flatten\u_sm.\lut.$auto$proc_rom.cc:150:do_switch$593$rdmux[0][6][21]$b$4198 [0] } = { 10'0000000100 $memory$flatten\u_sm.\lut.$auto$proc_rom.cc:150:do_switch$593$rdmux[0][6][21]$b$4198 [1] 3'111 }
    Consolidated identical input bits for $mux cell $memory$flatten\u_sm.\lut.$auto$proc_rom.cc:150:do_switch$593$rdmux[0][7][51]$4478:
      Old ports: A=16'0000000001110000, B=16'0000000001101001, Y=$memory$flatten\u_sm.\lut.$auto$proc_rom.cc:150:do_switch$593$rdmux[0][6][25]$b$4210
      New ports: A=2'10, B=2'01, Y={ $memory$flatten\u_sm.\lut.$auto$proc_rom.cc:150:do_switch$593$rdmux[0][6][25]$b$4210 [4] $memory$flatten\u_sm.\lut.$auto$proc_rom.cc:150:do_switch$593$rdmux[0][6][25]$b$4210 [0] }
      New connections: { $memory$flatten\u_sm.\lut.$auto$proc_rom.cc:150:do_switch$593$rdmux[0][6][25]$b$4210 [15:5] $memory$flatten\u_sm.\lut.$auto$proc_rom.cc:150:do_switch$593$rdmux[0][6][25]$b$4210 [3:1] } = { 11'00000000011 $memory$flatten\u_sm.\lut.$auto$proc_rom.cc:150:do_switch$593$rdmux[0][6][25]$b$4210 [0] 2'00 }
    Consolidated identical input bits for $mux cell $memory$flatten\u_sm.\lut.$auto$proc_rom.cc:150:do_switch$593$rdmux[0][7][48]$4469:
      Old ports: A=16'0000000010100010, B=16'0000000010011001, Y=$memory$flatten\u_sm.\lut.$auto$proc_rom.cc:150:do_switch$593$rdmux[0][6][24]$a$4206
      New ports: A=2'10, B=2'01, Y=$memory$flatten\u_sm.\lut.$auto$proc_rom.cc:150:do_switch$593$rdmux[0][6][24]$a$4206 [1:0]
      New connections: $memory$flatten\u_sm.\lut.$auto$proc_rom.cc:150:do_switch$593$rdmux[0][6][24]$a$4206 [15:2] = { 10'0000000010 $memory$flatten\u_sm.\lut.$auto$proc_rom.cc:150:do_switch$593$rdmux[0][6][24]$a$4206 [1:0] $memory$flatten\u_sm.\lut.$auto$proc_rom.cc:150:do_switch$593$rdmux[0][6][24]$a$4206 [0] 1'0 }
    Consolidated identical input bits for $mux cell $memory$flatten\u_sm.\lut.$auto$proc_rom.cc:150:do_switch$593$rdmux[0][7][36]$4433:
      Old ports: A=16'0000001011011000, B=16'0000001010101100, Y=$memory$flatten\u_sm.\lut.$auto$proc_rom.cc:150:do_switch$593$rdmux[0][6][18]$a$4188
      New ports: A=2'10, B=2'01, Y={ $memory$flatten\u_sm.\lut.$auto$proc_rom.cc:150:do_switch$593$rdmux[0][6][18]$a$4188 [4] $memory$flatten\u_sm.\lut.$auto$proc_rom.cc:150:do_switch$593$rdmux[0][6][18]$a$4188 [2] }
      New connections: { $memory$flatten\u_sm.\lut.$auto$proc_rom.cc:150:do_switch$593$rdmux[0][6][18]$a$4188 [15:5] $memory$flatten\u_sm.\lut.$auto$proc_rom.cc:150:do_switch$593$rdmux[0][6][18]$a$4188 [3] $memory$flatten\u_sm.\lut.$auto$proc_rom.cc:150:do_switch$593$rdmux[0][6][18]$a$4188 [1:0] } = { 9'000000101 $memory$flatten\u_sm.\lut.$auto$proc_rom.cc:150:do_switch$593$rdmux[0][6][18]$a$4188 [4] $memory$flatten\u_sm.\lut.$auto$proc_rom.cc:150:do_switch$593$rdmux[0][6][18]$a$4188 [2] 3'100 }
    Consolidated identical input bits for $mux cell $memory$flatten\u_sm.\lut.$auto$proc_rom.cc:150:do_switch$593$rdmux[0][7][40]$4445:
      Old ports: A=16'0000000110111010, B=16'0000000110011111, Y=$memory$flatten\u_sm.\lut.$auto$proc_rom.cc:150:do_switch$593$rdmux[0][6][20]$a$4194
      New ports: A=2'10, B=2'01, Y={ $memory$flatten\u_sm.\lut.$auto$proc_rom.cc:150:do_switch$593$rdmux[0][6][20]$a$4194 [5] $memory$flatten\u_sm.\lut.$auto$proc_rom.cc:150:do_switch$593$rdmux[0][6][20]$a$4194 [0] }
      New connections: { $memory$flatten\u_sm.\lut.$auto$proc_rom.cc:150:do_switch$593$rdmux[0][6][20]$a$4194 [15:6] $memory$flatten\u_sm.\lut.$auto$proc_rom.cc:150:do_switch$593$rdmux[0][6][20]$a$4194 [4:1] } = { 12'000000011011 $memory$flatten\u_sm.\lut.$auto$proc_rom.cc:150:do_switch$593$rdmux[0][6][20]$a$4194 [0] 1'1 }
    Consolidated identical input bits for $mux cell $memory$flatten\u_sm.\lut.$auto$proc_rom.cc:150:do_switch$593$rdmux[0][6][39]$4250:
      Old ports: A=16'0000000000000100, B=16'0000000000000011, Y=$memory$flatten\u_sm.\lut.$auto$proc_rom.cc:150:do_switch$593$rdmux[0][5][19]$b$4096
      New ports: A=2'10, B=2'01, Y={ $memory$flatten\u_sm.\lut.$auto$proc_rom.cc:150:do_switch$593$rdmux[0][5][19]$b$4096 [2] $memory$flatten\u_sm.\lut.$auto$proc_rom.cc:150:do_switch$593$rdmux[0][5][19]$b$4096 [0] }
      New connections: { $memory$flatten\u_sm.\lut.$auto$proc_rom.cc:150:do_switch$593$rdmux[0][5][19]$b$4096 [15:3] $memory$flatten\u_sm.\lut.$auto$proc_rom.cc:150:do_switch$593$rdmux[0][5][19]$b$4096 [1] } = { 13'0000000000000 $memory$flatten\u_sm.\lut.$auto$proc_rom.cc:150:do_switch$593$rdmux[0][5][19]$b$4096 [0] }
    Consolidated identical input bits for $mux cell $memory$flatten\u_sm.\lut.$auto$proc_rom.cc:150:do_switch$593$rdmux[0][6][38]$4247:
      Old ports: A=16'0000000000000101, B=16'0000000000000100, Y=$memory$flatten\u_sm.\lut.$auto$proc_rom.cc:150:do_switch$593$rdmux[0][5][19]$a$4095
      New ports: A=1'1, B=1'0, Y=$memory$flatten\u_sm.\lut.$auto$proc_rom.cc:150:do_switch$593$rdmux[0][5][19]$a$4095 [0]
      New connections: $memory$flatten\u_sm.\lut.$auto$proc_rom.cc:150:do_switch$593$rdmux[0][5][19]$a$4095 [15:1] = 15'000000000000010
    Consolidated identical input bits for $mux cell $memory$flatten\u_sm.\lut.$auto$proc_rom.cc:150:do_switch$593$rdmux[0][6][36]$4241:
      Old ports: A=16'0000000000001000, B=16'0000000000000111, Y=$memory$flatten\u_sm.\lut.$auto$proc_rom.cc:150:do_switch$593$rdmux[0][5][18]$a$4092
      New ports: A=2'10, B=2'01, Y={ $memory$flatten\u_sm.\lut.$auto$proc_rom.cc:150:do_switch$593$rdmux[0][5][18]$a$4092 [3] $memory$flatten\u_sm.\lut.$auto$proc_rom.cc:150:do_switch$593$rdmux[0][5][18]$a$4092 [0] }
      New connections: { $memory$flatten\u_sm.\lut.$auto$proc_rom.cc:150:do_switch$593$rdmux[0][5][18]$a$4092 [15:4] $memory$flatten\u_sm.\lut.$auto$proc_rom.cc:150:do_switch$593$rdmux[0][5][18]$a$4092 [2:1] } = { 12'000000000000 $memory$flatten\u_sm.\lut.$auto$proc_rom.cc:150:do_switch$593$rdmux[0][5][18]$a$4092 [0] $memory$flatten\u_sm.\lut.$auto$proc_rom.cc:150:do_switch$593$rdmux[0][5][18]$a$4092 [0] }
    Consolidated identical input bits for $mux cell $memory$flatten\u_sm.\lut.$auto$proc_rom.cc:150:do_switch$593$rdmux[0][6][35]$4238:
      Old ports: A=16'0000000000001010, B=16'0000000000001001, Y=$memory$flatten\u_sm.\lut.$auto$proc_rom.cc:150:do_switch$593$rdmux[0][5][17]$b$4090
      New ports: A=2'10, B=2'01, Y=$memory$flatten\u_sm.\lut.$auto$proc_rom.cc:150:do_switch$593$rdmux[0][5][17]$b$4090 [1:0]
      New connections: $memory$flatten\u_sm.\lut.$auto$proc_rom.cc:150:do_switch$593$rdmux[0][5][17]$b$4090 [15:2] = 14'00000000000010
    Consolidated identical input bits for $mux cell $memory$flatten\u_sm.\lut.$auto$proc_rom.cc:150:do_switch$593$rdmux[0][7][64]$4517:
      Old ports: A=16'0000000000010110, B=16'0000000000010101, Y=$memory$flatten\u_sm.\lut.$auto$proc_rom.cc:150:do_switch$593$rdmux[0][6][32]$a$4230
      New ports: A=2'10, B=2'01, Y=$memory$flatten\u_sm.\lut.$auto$proc_rom.cc:150:do_switch$593$rdmux[0][6][32]$a$4230 [1:0]
      New connections: $memory$flatten\u_sm.\lut.$auto$proc_rom.cc:150:do_switch$593$rdmux[0][6][32]$a$4230 [15:2] = 14'00000000000101
    Consolidated identical input bits for $mux cell $memory$flatten\u_sm.\lut.$auto$proc_rom.cc:150:do_switch$593$rdmux[0][7][41]$4448:
      Old ports: A=16'0000000110000110, B=16'0000000101101110, Y=$memory$flatten\u_sm.\lut.$auto$proc_rom.cc:150:do_switch$593$rdmux[0][6][20]$b$4195
      New ports: A=2'10, B=2'01, Y={ $memory$flatten\u_sm.\lut.$auto$proc_rom.cc:150:do_switch$593$rdmux[0][6][20]$b$4195 [7] $memory$flatten\u_sm.\lut.$auto$proc_rom.cc:150:do_switch$593$rdmux[0][6][20]$b$4195 [3] }
      New connections: { $memory$flatten\u_sm.\lut.$auto$proc_rom.cc:150:do_switch$593$rdmux[0][6][20]$b$4195 [15:8] $memory$flatten\u_sm.\lut.$auto$proc_rom.cc:150:do_switch$593$rdmux[0][6][20]$b$4195 [6:4] $memory$flatten\u_sm.\lut.$auto$proc_rom.cc:150:do_switch$593$rdmux[0][6][20]$b$4195 [2:0] } = { 8'00000001 $memory$flatten\u_sm.\lut.$auto$proc_rom.cc:150:do_switch$593$rdmux[0][6][20]$b$4195 [3] $memory$flatten\u_sm.\lut.$auto$proc_rom.cc:150:do_switch$593$rdmux[0][6][20]$b$4195 [3] 4'0110 }
    Consolidated identical input bits for $mux cell $memory$flatten\u_sm.\lut.$auto$proc_rom.cc:150:do_switch$593$rdmux[0][7][67]$4526:
      Old ports: A=16'0000000000001111, B=16'0000000000001110, Y=$memory$flatten\u_sm.\lut.$auto$proc_rom.cc:150:do_switch$593$rdmux[0][6][33]$b$4234
      New ports: A=1'1, B=1'0, Y=$memory$flatten\u_sm.\lut.$auto$proc_rom.cc:150:do_switch$593$rdmux[0][6][33]$b$4234 [0]
      New connections: $memory$flatten\u_sm.\lut.$auto$proc_rom.cc:150:do_switch$593$rdmux[0][6][33]$b$4234 [15:1] = 15'000000000000111
    Consolidated identical input bits for $mux cell $memory$flatten\u_sm.\lut.$auto$proc_rom.cc:150:do_switch$593$rdmux[0][7][44]$4457:
      Old ports: A=16'0000000100001100, B=16'0000000011111100, Y=$memory$flatten\u_sm.\lut.$auto$proc_rom.cc:150:do_switch$593$rdmux[0][6][22]$a$4200
      New ports: A=2'10, B=2'01, Y={ $memory$flatten\u_sm.\lut.$auto$proc_rom.cc:150:do_switch$593$rdmux[0][6][22]$a$4200 [8] $memory$flatten\u_sm.\lut.$auto$proc_rom.cc:150:do_switch$593$rdmux[0][6][22]$a$4200 [4] }
      New connections: { $memory$flatten\u_sm.\lut.$auto$proc_rom.cc:150:do_switch$593$rdmux[0][6][22]$a$4200 [15:9] $memory$flatten\u_sm.\lut.$auto$proc_rom.cc:150:do_switch$593$rdmux[0][6][22]$a$4200 [7:5] $memory$flatten\u_sm.\lut.$auto$proc_rom.cc:150:do_switch$593$rdmux[0][6][22]$a$4200 [3:0] } = { 7'0000000 $memory$flatten\u_sm.\lut.$auto$proc_rom.cc:150:do_switch$593$rdmux[0][6][22]$a$4200 [4] $memory$flatten\u_sm.\lut.$auto$proc_rom.cc:150:do_switch$593$rdmux[0][6][22]$a$4200 [4] $memory$flatten\u_sm.\lut.$auto$proc_rom.cc:150:do_switch$593$rdmux[0][6][22]$a$4200 [4] 4'1100 }
    Consolidated identical input bits for $mux cell $memory$flatten\u_sm.\lut.$auto$proc_rom.cc:150:do_switch$593$rdmux[0][7][42]$4451:
      Old ports: A=16'0000000101011000, B=16'0000000101000011, Y=$memory$flatten\u_sm.\lut.$auto$proc_rom.cc:150:do_switch$593$rdmux[0][6][21]$a$4197
      New ports: A=2'10, B=2'01, Y={ $memory$flatten\u_sm.\lut.$auto$proc_rom.cc:150:do_switch$593$rdmux[0][6][21]$a$4197 [3] $memory$flatten\u_sm.\lut.$auto$proc_rom.cc:150:do_switch$593$rdmux[0][6][21]$a$4197 [0] }
      New connections: { $memory$flatten\u_sm.\lut.$auto$proc_rom.cc:150:do_switch$593$rdmux[0][6][21]$a$4197 [15:4] $memory$flatten\u_sm.\lut.$auto$proc_rom.cc:150:do_switch$593$rdmux[0][6][21]$a$4197 [2:1] } = { 11'00000001010 $memory$flatten\u_sm.\lut.$auto$proc_rom.cc:150:do_switch$593$rdmux[0][6][21]$a$4197 [3] 1'0 $memory$flatten\u_sm.\lut.$auto$proc_rom.cc:150:do_switch$593$rdmux[0][6][21]$a$4197 [0] }
    Consolidated identical input bits for $mux cell $memory$flatten\u_sm.\lut.$auto$proc_rom.cc:150:do_switch$593$rdmux[0][7][54]$4487:
      Old ports: A=16'0000000001001101, B=16'0000000001001000, Y=$memory$flatten\u_sm.\lut.$auto$proc_rom.cc:150:do_switch$593$rdmux[0][6][27]$a$4215
      New ports: A=1'1, B=1'0, Y=$memory$flatten\u_sm.\lut.$auto$proc_rom.cc:150:do_switch$593$rdmux[0][6][27]$a$4215 [0]
      New connections: $memory$flatten\u_sm.\lut.$auto$proc_rom.cc:150:do_switch$593$rdmux[0][6][27]$a$4215 [15:1] = { 13'0000000001001 $memory$flatten\u_sm.\lut.$auto$proc_rom.cc:150:do_switch$593$rdmux[0][6][27]$a$4215 [0] 1'0 }
    Consolidated identical input bits for $mux cell $memory$flatten\u_sm.\lut.$auto$proc_rom.cc:150:do_switch$593$rdmux[0][7][49]$4472:
      Old ports: A=16'0000000010001111, B=16'0000000010000111, Y=$memory$flatten\u_sm.\lut.$auto$proc_rom.cc:150:do_switch$593$rdmux[0][6][24]$b$4207
      New ports: A=1'1, B=1'0, Y=$memory$flatten\u_sm.\lut.$auto$proc_rom.cc:150:do_switch$593$rdmux[0][6][24]$b$4207 [3]
      New connections: { $memory$flatten\u_sm.\lut.$auto$proc_rom.cc:150:do_switch$593$rdmux[0][6][24]$b$4207 [15:4] $memory$flatten\u_sm.\lut.$auto$proc_rom.cc:150:do_switch$593$rdmux[0][6][24]$b$4207 [2:0] } = 15'000000001000111
    Consolidated identical input bits for $mux cell $memory$flatten\u_sm.\lut.$auto$proc_rom.cc:150:do_switch$593$rdmux[0][7][61]$4508:
      Old ports: A=16'0000000000100000, B=16'0000000000011110, Y=$memory$flatten\u_sm.\lut.$auto$proc_rom.cc:150:do_switch$593$rdmux[0][6][30]$b$4225
      New ports: A=2'10, B=2'01, Y={ $memory$flatten\u_sm.\lut.$auto$proc_rom.cc:150:do_switch$593$rdmux[0][6][30]$b$4225 [5] $memory$flatten\u_sm.\lut.$auto$proc_rom.cc:150:do_switch$593$rdmux[0][6][30]$b$4225 [1] }
      New connections: { $memory$flatten\u_sm.\lut.$auto$proc_rom.cc:150:do_switch$593$rdmux[0][6][30]$b$4225 [15:6] $memory$flatten\u_sm.\lut.$auto$proc_rom.cc:150:do_switch$593$rdmux[0][6][30]$b$4225 [4:2] $memory$flatten\u_sm.\lut.$auto$proc_rom.cc:150:do_switch$593$rdmux[0][6][30]$b$4225 [0] } = { 10'0000000000 $memory$flatten\u_sm.\lut.$auto$proc_rom.cc:150:do_switch$593$rdmux[0][6][30]$b$4225 [1] $memory$flatten\u_sm.\lut.$auto$proc_rom.cc:150:do_switch$593$rdmux[0][6][30]$b$4225 [1] $memory$flatten\u_sm.\lut.$auto$proc_rom.cc:150:do_switch$593$rdmux[0][6][30]$b$4225 [1] 1'0 }
    Consolidated identical input bits for $mux cell $memory$flatten\u_sm.\lut.$auto$proc_rom.cc:150:do_switch$593$rdmux[0][7][47]$4466:
      Old ports: A=16'0000000010111000, B=16'0000000010101101, Y=$memory$flatten\u_sm.\lut.$auto$proc_rom.cc:150:do_switch$593$rdmux[0][6][23]$b$4204
      New ports: A=2'10, B=2'01, Y={ $memory$flatten\u_sm.\lut.$auto$proc_rom.cc:150:do_switch$593$rdmux[0][6][23]$b$4204 [4] $memory$flatten\u_sm.\lut.$auto$proc_rom.cc:150:do_switch$593$rdmux[0][6][23]$b$4204 [0] }
      New connections: { $memory$flatten\u_sm.\lut.$auto$proc_rom.cc:150:do_switch$593$rdmux[0][6][23]$b$4204 [15:5] $memory$flatten\u_sm.\lut.$auto$proc_rom.cc:150:do_switch$593$rdmux[0][6][23]$b$4204 [3:1] } = { 12'000000001011 $memory$flatten\u_sm.\lut.$auto$proc_rom.cc:150:do_switch$593$rdmux[0][6][23]$b$4204 [0] 1'0 }
    Consolidated identical input bits for $mux cell $memory$flatten\u_sm.\lut.$auto$proc_rom.cc:150:do_switch$593$rdmux[0][7][81]$4568:
      Old ports: A=16'0000000000000011, B=16'0000000000000010, Y=$memory$flatten\u_sm.\lut.$auto$proc_rom.cc:150:do_switch$593$rdmux[0][6][40]$b$4255
      New ports: A=1'1, B=1'0, Y=$memory$flatten\u_sm.\lut.$auto$proc_rom.cc:150:do_switch$593$rdmux[0][6][40]$b$4255 [0]
      New connections: $memory$flatten\u_sm.\lut.$auto$proc_rom.cc:150:do_switch$593$rdmux[0][6][40]$b$4255 [15:1] = 15'000000000000001
    Consolidated identical input bits for $mux cell $memory$flatten\u_sm.\lut.$auto$proc_rom.cc:150:do_switch$593$rdmux[0][7][53]$4484:
      Old ports: A=16'0000000001010111, B=16'0000000001010010, Y=$memory$flatten\u_sm.\lut.$auto$proc_rom.cc:150:do_switch$593$rdmux[0][6][26]$b$4213
      New ports: A=1'1, B=1'0, Y=$memory$flatten\u_sm.\lut.$auto$proc_rom.cc:150:do_switch$593$rdmux[0][6][26]$b$4213 [0]
      New connections: $memory$flatten\u_sm.\lut.$auto$proc_rom.cc:150:do_switch$593$rdmux[0][6][26]$b$4213 [15:1] = { 13'0000000001010 $memory$flatten\u_sm.\lut.$auto$proc_rom.cc:150:do_switch$593$rdmux[0][6][26]$b$4213 [0] 1'1 }
    Consolidated identical input bits for $mux cell $memory$flatten\u_sm.\lut.$auto$proc_rom.cc:150:do_switch$593$rdmux[0][7][75]$4550:
      Old ports: A=16'0000000000000110, B=16'0000000000000101, Y=$memory$flatten\u_sm.\lut.$auto$proc_rom.cc:150:do_switch$593$rdmux[0][6][37]$b$4246
      New ports: A=2'10, B=2'01, Y=$memory$flatten\u_sm.\lut.$auto$proc_rom.cc:150:do_switch$593$rdmux[0][6][37]$b$4246 [1:0]
      New connections: $memory$flatten\u_sm.\lut.$auto$proc_rom.cc:150:do_switch$593$rdmux[0][6][37]$b$4246 [15:2] = 14'00000000000001
    Consolidated identical input bits for $mux cell $memory$flatten\u_sm.\lut.$auto$proc_rom.cc:150:do_switch$593$rdmux[0][7][60]$4505:
      Old ports: A=16'0000000000100100, B=16'0000000000100010, Y=$memory$flatten\u_sm.\lut.$auto$proc_rom.cc:150:do_switch$593$rdmux[0][6][30]$a$4224
      New ports: A=2'10, B=2'01, Y=$memory$flatten\u_sm.\lut.$auto$proc_rom.cc:150:do_switch$593$rdmux[0][6][30]$a$4224 [2:1]
      New connections: { $memory$flatten\u_sm.\lut.$auto$proc_rom.cc:150:do_switch$593$rdmux[0][6][30]$a$4224 [15:3] $memory$flatten\u_sm.\lut.$auto$proc_rom.cc:150:do_switch$593$rdmux[0][6][30]$a$4224 [0] } = 14'00000000001000
    Consolidated identical input bits for $mux cell $memory$flatten\u_sm.\lut.$auto$proc_rom.cc:150:do_switch$593$rdmux[0][7][52]$4481:
      Old ports: A=16'0000000001100011, B=16'0000000001011101, Y=$memory$flatten\u_sm.\lut.$auto$proc_rom.cc:150:do_switch$593$rdmux[0][6][26]$a$4212
      New ports: A=2'01, B=2'10, Y=$memory$flatten\u_sm.\lut.$auto$proc_rom.cc:150:do_switch$593$rdmux[0][6][26]$a$4212 [2:1]
      New connections: { $memory$flatten\u_sm.\lut.$auto$proc_rom.cc:150:do_switch$593$rdmux[0][6][26]$a$4212 [15:3] $memory$flatten\u_sm.\lut.$auto$proc_rom.cc:150:do_switch$593$rdmux[0][6][26]$a$4212 [0] } = { 10'0000000001 $memory$flatten\u_sm.\lut.$auto$proc_rom.cc:150:do_switch$593$rdmux[0][6][26]$a$4212 [1] $memory$flatten\u_sm.\lut.$auto$proc_rom.cc:150:do_switch$593$rdmux[0][6][26]$a$4212 [2] $memory$flatten\u_sm.\lut.$auto$proc_rom.cc:150:do_switch$593$rdmux[0][6][26]$a$4212 [2] 1'1 }
    Consolidated identical input bits for $mux cell $memory$flatten\u_sm.\lut.$auto$proc_rom.cc:150:do_switch$593$rdmux[0][7][59]$4502:
      Old ports: A=16'0000000000101001, B=16'0000000000100111, Y=$memory$flatten\u_sm.\lut.$auto$proc_rom.cc:150:do_switch$593$rdmux[0][6][29]$b$4222
      New ports: A=2'10, B=2'01, Y={ $memory$flatten\u_sm.\lut.$auto$proc_rom.cc:150:do_switch$593$rdmux[0][6][29]$b$4222 [3] $memory$flatten\u_sm.\lut.$auto$proc_rom.cc:150:do_switch$593$rdmux[0][6][29]$b$4222 [1] }
      New connections: { $memory$flatten\u_sm.\lut.$auto$proc_rom.cc:150:do_switch$593$rdmux[0][6][29]$b$4222 [15:4] $memory$flatten\u_sm.\lut.$auto$proc_rom.cc:150:do_switch$593$rdmux[0][6][29]$b$4222 [2] $memory$flatten\u_sm.\lut.$auto$proc_rom.cc:150:do_switch$593$rdmux[0][6][29]$b$4222 [0] } = { 12'000000000010 $memory$flatten\u_sm.\lut.$auto$proc_rom.cc:150:do_switch$593$rdmux[0][6][29]$b$4222 [1] 1'1 }
    Consolidated identical input bits for $mux cell $memory$flatten\u_sm.\lut.$auto$proc_rom.cc:150:do_switch$593$rdmux[0][7][58]$4499:
      Old ports: A=16'0000000000101111, B=16'0000000000101100, Y=$memory$flatten\u_sm.\lut.$auto$proc_rom.cc:150:do_switch$593$rdmux[0][6][29]$a$4221
      New ports: A=1'1, B=1'0, Y=$memory$flatten\u_sm.\lut.$auto$proc_rom.cc:150:do_switch$593$rdmux[0][6][29]$a$4221 [0]
      New connections: $memory$flatten\u_sm.\lut.$auto$proc_rom.cc:150:do_switch$593$rdmux[0][6][29]$a$4221 [15:1] = { 14'00000000001011 $memory$flatten\u_sm.\lut.$auto$proc_rom.cc:150:do_switch$593$rdmux[0][6][29]$a$4221 [0] }
    New ctrl vector for $pmux cell $flatten\u_mm.$procmux$1030: \u_mm.st [1]
    New ctrl vector for $pmux cell $flatten\u_mm.$procmux$873: $auto$opt_reduce.cc:134:opt_pmux$4710
    Consolidated identical input bits for $mux cell $memory$flatten\u_sm.\lut.$auto$proc_rom.cc:150:do_switch$593$rdmux[0][7][94]$4607:
      Old ports: A=16'0000000000000001, B=16'0000000000000000, Y=$memory$flatten\u_sm.\lut.$auto$proc_rom.cc:150:do_switch$593$rdmux[0][6][47]$a$4275
      New ports: A=1'1, B=1'0, Y=$memory$flatten\u_sm.\lut.$auto$proc_rom.cc:150:do_switch$593$rdmux[0][6][47]$a$4275 [0]
      New connections: $memory$flatten\u_sm.\lut.$auto$proc_rom.cc:150:do_switch$593$rdmux[0][6][47]$a$4275 [15:1] = 15'000000000000000
    Consolidated identical input bits for $mux cell $ternary$rtl/ga2.v:40$461:
      Old ports: A={ 20'00000000000000000000 \u_am.bidx }, B={ \u_un.nib [3] \u_un.nib [3] \u_un.nib [3] \u_un.nib [3] \u_un.nib [3] \u_un.nib [3] \u_un.nib [3] \u_un.nib [3] \u_un.nib [3] \u_un.nib [3] \u_un.nib [3] \u_un.nib [3] \u_un.nib [3] \u_un.nib [3] \u_un.nib [3] \u_un.nib [3] \u_un.nib [3] \u_un.nib [3] \u_un.nib [3] \u_un.nib [3] \u_un.nib [3] \u_un.nib [3] \u_un.nib [3] \u_un.nib [3] \u_un.nib [3] \u_un.nib [3] \u_un.nib [3] \u_un.nib [3] \u_un.nib }, Y=$ternary$rtl/ga2.v:40$461_Y
      New ports: A={ 1'0 \u_am.bidx }, B={ \u_un.nib [3] \u_un.nib [3] \u_un.nib [3] \u_un.nib [3] \u_un.nib [3] \u_un.nib [3] \u_un.nib [3] \u_un.nib [3] \u_un.nib [3] \u_un.nib }, Y=$ternary$rtl/ga2.v:40$461_Y [12:0]
      New connections: $ternary$rtl/ga2.v:40$461_Y [31:13] = { $ternary$rtl/ga2.v:40$461_Y [12] $ternary$rtl/ga2.v:40$461_Y [12] $ternary$rtl/ga2.v:40$461_Y [12] $ternary$rtl/ga2.v:40$461_Y [12] $ternary$rtl/ga2.v:40$461_Y [12] $ternary$rtl/ga2.v:40$461_Y [12] $ternary$rtl/ga2.v:40$461_Y [12] $ternary$rtl/ga2.v:40$461_Y [12] $ternary$rtl/ga2.v:40$461_Y [12] $ternary$rtl/ga2.v:40$461_Y [12] $ternary$rtl/ga2.v:40$461_Y [12] $ternary$rtl/ga2.v:40$461_Y [12] $ternary$rtl/ga2.v:40$461_Y [12] $ternary$rtl/ga2.v:40$461_Y [12] $ternary$rtl/ga2.v:40$461_Y [12] $ternary$rtl/ga2.v:40$461_Y [12] $ternary$rtl/ga2.v:40$461_Y [12] $ternary$rtl/ga2.v:40$461_Y [12] $ternary$rtl/ga2.v:40$461_Y [12] }
  Optimizing cells in module \ga2.
    Consolidated identical input bits for $mux cell $memory$flatten\u_sm.\lut.$auto$proc_rom.cc:150:do_switch$593$rdmux[0][6][47]$4274:
      Old ports: A=$memory$flatten\u_sm.\lut.$auto$proc_rom.cc:150:do_switch$593$rdmux[0][6][47]$a$4275, B=16'0000000000000000, Y=$memory$flatten\u_sm.\lut.$auto$proc_rom.cc:150:do_switch$593$rdmux[0][5][23]$b$4108
      New ports: A=$memory$flatten\u_sm.\lut.$auto$proc_rom.cc:150:do_switch$593$rdmux[0][6][47]$a$4275 [0], B=1'0, Y=$memory$flatten\u_sm.\lut.$auto$proc_rom.cc:150:do_switch$593$rdmux[0][5][23]$b$4108 [0]
      New connections: $memory$flatten\u_sm.\lut.$auto$proc_rom.cc:150:do_switch$593$rdmux[0][5][23]$b$4108 [15:1] = 15'000000000000000
    Consolidated identical input bits for $mux cell $memory$flatten\u_sm.\lut.$auto$proc_rom.cc:150:do_switch$593$rdmux[0][6][42]$4259:
      Old ports: A=16'0000000000000010, B=$memory$flatten\u_sm.\lut.$auto$proc_rom.cc:150:do_switch$593$rdmux[0][6][42]$b$4261, Y=$memory$flatten\u_sm.\lut.$auto$proc_rom.cc:150:do_switch$593$rdmux[0][5][21]$a$4101
      New ports: A=2'10, B=$memory$flatten\u_sm.\lut.$auto$proc_rom.cc:150:do_switch$593$rdmux[0][6][42]$b$4261 [1:0], Y=$memory$flatten\u_sm.\lut.$auto$proc_rom.cc:150:do_switch$593$rdmux[0][5][21]$a$4101 [1:0]
      New connections: $memory$flatten\u_sm.\lut.$auto$proc_rom.cc:150:do_switch$593$rdmux[0][5][21]$a$4101 [15:2] = 14'00000000000000
    Consolidated identical input bits for $mux cell $memory$flatten\u_sm.\lut.$auto$proc_rom.cc:150:do_switch$593$rdmux[0][6][40]$4253:
      Old ports: A=16'0000000000000011, B=$memory$flatten\u_sm.\lut.$auto$proc_rom.cc:150:do_switch$593$rdmux[0][6][40]$b$4255, Y=$memory$flatten\u_sm.\lut.$auto$proc_rom.cc:150:do_switch$593$rdmux[0][5][20]$a$4098
      New ports: A=1'1, B=$memory$flatten\u_sm.\lut.$auto$proc_rom.cc:150:do_switch$593$rdmux[0][6][40]$b$4255 [0], Y=$memory$flatten\u_sm.\lut.$auto$proc_rom.cc:150:do_switch$593$rdmux[0][5][20]$a$4098 [0]
      New connections: $memory$flatten\u_sm.\lut.$auto$proc_rom.cc:150:do_switch$593$rdmux[0][5][20]$a$4098 [15:1] = 15'000000000000001
    Consolidated identical input bits for $mux cell $memory$flatten\u_sm.\lut.$auto$proc_rom.cc:150:do_switch$593$rdmux[0][6][37]$4244:
      Old ports: A=16'0000000000000110, B=$memory$flatten\u_sm.\lut.$auto$proc_rom.cc:150:do_switch$593$rdmux[0][6][37]$b$4246, Y=$memory$flatten\u_sm.\lut.$auto$proc_rom.cc:150:do_switch$593$rdmux[0][5][18]$b$4093
      New ports: A=2'10, B=$memory$flatten\u_sm.\lut.$auto$proc_rom.cc:150:do_switch$593$rdmux[0][6][37]$b$4246 [1:0], Y=$memory$flatten\u_sm.\lut.$auto$proc_rom.cc:150:do_switch$593$rdmux[0][5][18]$b$4093 [1:0]
      New connections: $memory$flatten\u_sm.\lut.$auto$proc_rom.cc:150:do_switch$593$rdmux[0][5][18]$b$4093 [15:2] = 14'00000000000001
    Consolidated identical input bits for $mux cell $memory$flatten\u_sm.\lut.$auto$proc_rom.cc:150:do_switch$593$rdmux[0][6][34]$4235:
      Old ports: A=16'0000000000001101, B=$memory$flatten\u_sm.\lut.$auto$proc_rom.cc:150:do_switch$593$rdmux[0][6][34]$b$4237, Y=$memory$flatten\u_sm.\lut.$auto$proc_rom.cc:150:do_switch$593$rdmux[0][5][17]$a$4089
      New ports: A=3'101, B={ $memory$flatten\u_sm.\lut.$auto$proc_rom.cc:150:do_switch$593$rdmux[0][6][34]$b$4237 [2] $memory$flatten\u_sm.\lut.$auto$proc_rom.cc:150:do_switch$593$rdmux[0][6][34]$b$4237 [0] $memory$flatten\u_sm.\lut.$auto$proc_rom.cc:150:do_switch$593$rdmux[0][6][34]$b$4237 [0] }, Y=$memory$flatten\u_sm.\lut.$auto$proc_rom.cc:150:do_switch$593$rdmux[0][5][17]$a$4089 [2:0]
      New connections: $memory$flatten\u_sm.\lut.$auto$proc_rom.cc:150:do_switch$593$rdmux[0][5][17]$a$4089 [15:3] = 13'0000000000001
    Consolidated identical input bits for $mux cell $memory$flatten\u_sm.\lut.$auto$proc_rom.cc:150:do_switch$593$rdmux[0][6][33]$4232:
      Old ports: A=$memory$flatten\u_sm.\lut.$auto$proc_rom.cc:150:do_switch$593$rdmux[0][6][33]$a$4233, B=$memory$flatten\u_sm.\lut.$auto$proc_rom.cc:150:do_switch$593$rdmux[0][6][33]$b$4234, Y=$memory$flatten\u_sm.\lut.$auto$proc_rom.cc:150:do_switch$593$rdmux[0][5][16]$b$4087
      New ports: A={ 2'10 $memory$flatten\u_sm.\lut.$auto$proc_rom.cc:150:do_switch$593$rdmux[0][6][33]$a$4233 [0] }, B={ 2'01 $memory$flatten\u_sm.\lut.$auto$proc_rom.cc:150:do_switch$593$rdmux[0][6][33]$b$4234 [0] }, Y={ $memory$flatten\u_sm.\lut.$auto$proc_rom.cc:150:do_switch$593$rdmux[0][5][16]$b$4087 [4] $memory$flatten\u_sm.\lut.$auto$proc_rom.cc:150:do_switch$593$rdmux[0][5][16]$b$4087 [1:0] }
      New connections: { $memory$flatten\u_sm.\lut.$auto$proc_rom.cc:150:do_switch$593$rdmux[0][5][16]$b$4087 [15:5] $memory$flatten\u_sm.\lut.$auto$proc_rom.cc:150:do_switch$593$rdmux[0][5][16]$b$4087 [3:2] } = { 11'00000000000 $memory$flatten\u_sm.\lut.$auto$proc_rom.cc:150:do_switch$593$rdmux[0][5][16]$b$4087 [1] $memory$flatten\u_sm.\lut.$auto$proc_rom.cc:150:do_switch$593$rdmux[0][5][16]$b$4087 [1] }
    Consolidated identical input bits for $mux cell $memory$flatten\u_sm.\lut.$auto$proc_rom.cc:150:do_switch$593$rdmux[0][6][32]$4229:
      Old ports: A=$memory$flatten\u_sm.\lut.$auto$proc_rom.cc:150:do_switch$593$rdmux[0][6][32]$a$4230, B=$memory$flatten\u_sm.\lut.$auto$proc_rom.cc:150:do_switch$593$rdmux[0][6][32]$b$4231, Y=$memory$flatten\u_sm.\lut.$auto$proc_rom.cc:150:do_switch$593$rdmux[0][5][16]$a$4086
      New ports: A={ 1'1 $memory$flatten\u_sm.\lut.$auto$proc_rom.cc:150:do_switch$593$rdmux[0][6][32]$a$4230 [1:0] }, B={ 2'01 $memory$flatten\u_sm.\lut.$auto$proc_rom.cc:150:do_switch$593$rdmux[0][6][32]$b$4231 [0] }, Y=$memory$flatten\u_sm.\lut.$auto$proc_rom.cc:150:do_switch$593$rdmux[0][5][16]$a$4086 [2:0]
      New connections: $memory$flatten\u_sm.\lut.$auto$proc_rom.cc:150:do_switch$593$rdmux[0][5][16]$a$4086 [15:3] = 13'0000000000010
    Consolidated identical input bits for $mux cell $memory$flatten\u_sm.\lut.$auto$proc_rom.cc:150:do_switch$593$rdmux[0][6][31]$4226:
      Old ports: A=$memory$flatten\u_sm.\lut.$auto$proc_rom.cc:150:do_switch$593$rdmux[0][6][31]$a$4227, B=$memory$flatten\u_sm.\lut.$auto$proc_rom.cc:150:do_switch$593$rdmux[0][6][31]$b$4228, Y=$memory$flatten\u_sm.\lut.$auto$proc_rom.cc:150:do_switch$593$rdmux[0][5][15]$b$4084
      New ports: A={ 1'1 $memory$flatten\u_sm.\lut.$auto$proc_rom.cc:150:do_switch$593$rdmux[0][6][31]$a$4227 [2] $memory$flatten\u_sm.\lut.$auto$proc_rom.cc:150:do_switch$593$rdmux[0][6][31]$a$4227 [0] $memory$flatten\u_sm.\lut.$auto$proc_rom.cc:150:do_switch$593$rdmux[0][6][31]$a$4227 [0] }, B={ $memory$flatten\u_sm.\lut.$auto$proc_rom.cc:150:do_switch$593$rdmux[0][6][31]$b$4228 [3] $memory$flatten\u_sm.\lut.$auto$proc_rom.cc:150:do_switch$593$rdmux[0][6][31]$b$4228 [1] $memory$flatten\u_sm.\lut.$auto$proc_rom.cc:150:do_switch$593$rdmux[0][6][31]$b$4228 [1] 1'1 }, Y=$memory$flatten\u_sm.\lut.$auto$proc_rom.cc:150:do_switch$593$rdmux[0][5][15]$b$4084 [3:0]
      New connections: $memory$flatten\u_sm.\lut.$auto$proc_rom.cc:150:do_switch$593$rdmux[0][5][15]$b$4084 [15:4] = 12'000000000001
    Consolidated identical input bits for $mux cell $memory$flatten\u_sm.\lut.$auto$proc_rom.cc:150:do_switch$593$rdmux[0][6][30]$4223:
      Old ports: A=$memory$flatten\u_sm.\lut.$auto$proc_rom.cc:150:do_switch$593$rdmux[0][6][30]$a$4224, B=$memory$flatten\u_sm.\lut.$auto$proc_rom.cc:150:do_switch$593$rdmux[0][6][30]$b$4225, Y=$memory$flatten\u_sm.\lut.$auto$proc_rom.cc:150:do_switch$593$rdmux[0][5][15]$a$4083
      New ports: A={ 2'10 $memory$flatten\u_sm.\lut.$auto$proc_rom.cc:150:do_switch$593$rdmux[0][6][30]$a$4224 [2:1] }, B={ $memory$flatten\u_sm.\lut.$auto$proc_rom.cc:150:do_switch$593$rdmux[0][6][30]$b$4225 [5] $memory$flatten\u_sm.\lut.$auto$proc_rom.cc:150:do_switch$593$rdmux[0][6][30]$b$4225 [1] $memory$flatten\u_sm.\lut.$auto$proc_rom.cc:150:do_switch$593$rdmux[0][6][30]$b$4225 [1] $memory$flatten\u_sm.\lut.$auto$proc_rom.cc:150:do_switch$593$rdmux[0][6][30]$b$4225 [1] }, Y={ $memory$flatten\u_sm.\lut.$auto$proc_rom.cc:150:do_switch$593$rdmux[0][5][15]$a$4083 [5] $memory$flatten\u_sm.\lut.$auto$proc_rom.cc:150:do_switch$593$rdmux[0][5][15]$a$4083 [3:1] }
      New connections: { $memory$flatten\u_sm.\lut.$auto$proc_rom.cc:150:do_switch$593$rdmux[0][5][15]$a$4083 [15:6] $memory$flatten\u_sm.\lut.$auto$proc_rom.cc:150:do_switch$593$rdmux[0][5][15]$a$4083 [4] $memory$flatten\u_sm.\lut.$auto$proc_rom.cc:150:do_switch$593$rdmux[0][5][15]$a$4083 [0] } = { 10'0000000000 $memory$flatten\u_sm.\lut.$auto$proc_rom.cc:150:do_switch$593$rdmux[0][5][15]$a$4083 [3] 1'0 }
    Consolidated identical input bits for $mux cell $memory$flatten\u_sm.\lut.$auto$proc_rom.cc:150:do_switch$593$rdmux[0][6][29]$4220:
      Old ports: A=$memory$flatten\u_sm.\lut.$auto$proc_rom.cc:150:do_switch$593$rdmux[0][6][29]$a$4221, B=$memory$flatten\u_sm.\lut.$auto$proc_rom.cc:150:do_switch$593$rdmux[0][6][29]$b$4222, Y=$memory$flatten\u_sm.\lut.$auto$proc_rom.cc:150:do_switch$593$rdmux[0][5][14]$b$4081
      New ports: A={ 2'11 $memory$flatten\u_sm.\lut.$auto$proc_rom.cc:150:do_switch$593$rdmux[0][6][29]$a$4221 [0] $memory$flatten\u_sm.\lut.$auto$proc_rom.cc:150:do_switch$593$rdmux[0][6][29]$a$4221 [0] }, B={ $memory$flatten\u_sm.\lut.$auto$proc_rom.cc:150:do_switch$593$rdmux[0][6][29]$b$4222 [3] $memory$flatten\u_sm.\lut.$auto$proc_rom.cc:150:do_switch$593$rdmux[0][6][29]$b$4222 [1] $memory$flatten\u_sm.\lut.$auto$proc_rom.cc:150:do_switch$593$rdmux[0][6][29]$b$4222 [1] 1'1 }, Y=$memory$flatten\u_sm.\lut.$auto$proc_rom.cc:150:do_switch$593$rdmux[0][5][14]$b$4081 [3:0]
      New connections: $memory$flatten\u_sm.\lut.$auto$proc_rom.cc:150:do_switch$593$rdmux[0][5][14]$b$4081 [15:4] = 12'000000000010
    Consolidated identical input bits for $mux cell $memory$flatten\u_sm.\lut.$auto$proc_rom.cc:150:do_switch$593$rdmux[0][6][28]$4217:
      Old ports: A=$memory$flatten\u_sm.\lut.$auto$proc_rom.cc:150:do_switch$593$rdmux[0][6][28]$a$4218, B=$memory$flatten\u_sm.\lut.$auto$proc_rom.cc:150:do_switch$593$rdmux[0][6][28]$b$4219, Y=$memory$flatten\u_sm.\lut.$auto$proc_rom.cc:150:do_switch$593$rdmux[0][5][14]$a$4080
      New ports: A={ 1'1 $memory$flatten\u_sm.\lut.$auto$proc_rom.cc:150:do_switch$593$rdmux[0][6][28]$a$4218 [2] 2'00 }, B={ 1'0 $memory$flatten\u_sm.\lut.$auto$proc_rom.cc:150:do_switch$593$rdmux[0][6][28]$b$4219 [0] $memory$flatten\u_sm.\lut.$auto$proc_rom.cc:150:do_switch$593$rdmux[0][6][28]$b$4219 [1:0] }, Y=$memory$flatten\u_sm.\lut.$auto$proc_rom.cc:150:do_switch$593$rdmux[0][5][14]$a$4080 [3:0]
      New connections: $memory$flatten\u_sm.\lut.$auto$proc_rom.cc:150:do_switch$593$rdmux[0][5][14]$a$4080 [15:4] = 12'000000000011
    Consolidated identical input bits for $mux cell $memory$flatten\u_sm.\lut.$auto$proc_rom.cc:150:do_switch$593$rdmux[0][6][27]$4214:
      Old ports: A=$memory$flatten\u_sm.\lut.$auto$proc_rom.cc:150:do_switch$593$rdmux[0][6][27]$a$4215, B=$memory$flatten\u_sm.\lut.$auto$proc_rom.cc:150:do_switch$593$rdmux[0][6][27]$b$4216, Y=$memory$flatten\u_sm.\lut.$auto$proc_rom.cc:150:do_switch$593$rdmux[0][5][13]$b$4078
      New ports: A={ 1'1 $memory$flatten\u_sm.\lut.$auto$proc_rom.cc:150:do_switch$593$rdmux[0][6][27]$a$4215 [0] $memory$flatten\u_sm.\lut.$auto$proc_rom.cc:150:do_switch$593$rdmux[0][6][27]$a$4215 [0] }, B={ 1'0 $memory$flatten\u_sm.\lut.$auto$proc_rom.cc:150:do_switch$593$rdmux[0][6][27]$b$4216 [2] 1'0 }, Y={ $memory$flatten\u_sm.\lut.$auto$proc_rom.cc:150:do_switch$593$rdmux[0][5][13]$b$4078 [3:2] $memory$flatten\u_sm.\lut.$auto$proc_rom.cc:150:do_switch$593$rdmux[0][5][13]$b$4078 [0] }
      New connections: { $memory$flatten\u_sm.\lut.$auto$proc_rom.cc:150:do_switch$593$rdmux[0][5][13]$b$4078 [15:4] $memory$flatten\u_sm.\lut.$auto$proc_rom.cc:150:do_switch$593$rdmux[0][5][13]$b$4078 [1] } = 13'0000000001000
    Consolidated identical input bits for $mux cell $memory$flatten\u_sm.\lut.$auto$proc_rom.cc:150:do_switch$593$rdmux[0][6][26]$4211:
      Old ports: A=$memory$flatten\u_sm.\lut.$auto$proc_rom.cc:150:do_switch$593$rdmux[0][6][26]$a$4212, B=$memory$flatten\u_sm.\lut.$auto$proc_rom.cc:150:do_switch$593$rdmux[0][6][26]$b$4213, Y=$memory$flatten\u_sm.\lut.$auto$proc_rom.cc:150:do_switch$593$rdmux[0][5][13]$a$4077
      New ports: A={ $memory$flatten\u_sm.\lut.$auto$proc_rom.cc:150:do_switch$593$rdmux[0][6][26]$a$4212 [1] $memory$flatten\u_sm.\lut.$auto$proc_rom.cc:150:do_switch$593$rdmux[0][6][26]$a$4212 [2] $memory$flatten\u_sm.\lut.$auto$proc_rom.cc:150:do_switch$593$rdmux[0][6][26]$a$4212 [2] $memory$flatten\u_sm.\lut.$auto$proc_rom.cc:150:do_switch$593$rdmux[0][6][26]$a$4212 [2:1] 1'1 }, B={ 3'010 $memory$flatten\u_sm.\lut.$auto$proc_rom.cc:150:do_switch$593$rdmux[0][6][26]$b$4213 [0] 1'1 $memory$flatten\u_sm.\lut.$auto$proc_rom.cc:150:do_switch$593$rdmux[0][6][26]$b$4213 [0] }, Y=$memory$flatten\u_sm.\lut.$auto$proc_rom.cc:150:do_switch$593$rdmux[0][5][13]$a$4077 [5:0]
      New connections: $memory$flatten\u_sm.\lut.$auto$proc_rom.cc:150:do_switch$593$rdmux[0][5][13]$a$4077 [15:6] = 10'0000000001
    Consolidated identical input bits for $mux cell $memory$flatten\u_sm.\lut.$auto$proc_rom.cc:150:do_switch$593$rdmux[0][6][25]$4208:
      Old ports: A=$memory$flatten\u_sm.\lut.$auto$proc_rom.cc:150:do_switch$593$rdmux[0][6][25]$a$4209, B=$memory$flatten\u_sm.\lut.$auto$proc_rom.cc:150:do_switch$593$rdmux[0][6][25]$b$4210, Y=$memory$flatten\u_sm.\lut.$auto$proc_rom.cc:150:do_switch$593$rdmux[0][5][12]$b$4075
      New ports: A={ 1'1 $memory$flatten\u_sm.\lut.$auto$proc_rom.cc:150:do_switch$593$rdmux[0][6][25]$a$4209 [3] 2'11 }, B={ $memory$flatten\u_sm.\lut.$auto$proc_rom.cc:150:do_switch$593$rdmux[0][6][25]$b$4210 [4] $memory$flatten\u_sm.\lut.$auto$proc_rom.cc:150:do_switch$593$rdmux[0][6][25]$b$4210 [0] 1'0 $memory$flatten\u_sm.\lut.$auto$proc_rom.cc:150:do_switch$593$rdmux[0][6][25]$b$4210 [0] }, Y={ $memory$flatten\u_sm.\lut.$auto$proc_rom.cc:150:do_switch$593$rdmux[0][5][12]$b$4075 [4:3] $memory$flatten\u_sm.\lut.$auto$proc_rom.cc:150:do_switch$593$rdmux[0][5][12]$b$4075 [1:0] }
      New connections: { $memory$flatten\u_sm.\lut.$auto$proc_rom.cc:150:do_switch$593$rdmux[0][5][12]$b$4075 [15:5] $memory$flatten\u_sm.\lut.$auto$proc_rom.cc:150:do_switch$593$rdmux[0][5][12]$b$4075 [2] } = { 11'00000000011 $memory$flatten\u_sm.\lut.$auto$proc_rom.cc:150:do_switch$593$rdmux[0][5][12]$b$4075 [1] }
    Consolidated identical input bits for $mux cell $memory$flatten\u_sm.\lut.$auto$proc_rom.cc:150:do_switch$593$rdmux[0][6][24]$4205:
      Old ports: A=$memory$flatten\u_sm.\lut.$auto$proc_rom.cc:150:do_switch$593$rdmux[0][6][24]$a$4206, B=$memory$flatten\u_sm.\lut.$auto$proc_rom.cc:150:do_switch$593$rdmux[0][6][24]$b$4207, Y=$memory$flatten\u_sm.\lut.$auto$proc_rom.cc:150:do_switch$593$rdmux[0][5][12]$a$4074
      New ports: A={ $memory$flatten\u_sm.\lut.$auto$proc_rom.cc:150:do_switch$593$rdmux[0][6][24]$a$4206 [1:0] $memory$flatten\u_sm.\lut.$auto$proc_rom.cc:150:do_switch$593$rdmux[0][6][24]$a$4206 [0] 1'0 $memory$flatten\u_sm.\lut.$auto$proc_rom.cc:150:do_switch$593$rdmux[0][6][24]$a$4206 [1:0] }, B={ 2'00 $memory$flatten\u_sm.\lut.$auto$proc_rom.cc:150:do_switch$593$rdmux[0][6][24]$b$4207 [3] 3'111 }, Y=$memory$flatten\u_sm.\lut.$auto$proc_rom.cc:150:do_switch$593$rdmux[0][5][12]$a$4074 [5:0]
      New connections: $memory$flatten\u_sm.\lut.$auto$proc_rom.cc:150:do_switch$593$rdmux[0][5][12]$a$4074 [15:6] = 10'0000000010
    Consolidated identical input bits for $mux cell $memory$flatten\u_sm.\lut.$auto$proc_rom.cc:150:do_switch$593$rdmux[0][6][23]$4202:
      Old ports: A=$memory$flatten\u_sm.\lut.$auto$proc_rom.cc:150:do_switch$593$rdmux[0][6][23]$a$4203, B=$memory$flatten\u_sm.\lut.$auto$proc_rom.cc:150:do_switch$593$rdmux[0][6][23]$b$4204, Y=$memory$flatten\u_sm.\lut.$auto$proc_rom.cc:150:do_switch$593$rdmux[0][5][11]$b$4072
      New ports: A={ 1'1 $memory$flatten\u_sm.\lut.$auto$proc_rom.cc:150:do_switch$593$rdmux[0][6][23]$a$4203 [0] 1'0 $memory$flatten\u_sm.\lut.$auto$proc_rom.cc:150:do_switch$593$rdmux[0][6][23]$a$4203 [2] $memory$flatten\u_sm.\lut.$auto$proc_rom.cc:150:do_switch$593$rdmux[0][6][23]$a$4203 [0] }, B={ 1'0 $memory$flatten\u_sm.\lut.$auto$proc_rom.cc:150:do_switch$593$rdmux[0][6][23]$b$4204 [4] 1'1 $memory$flatten\u_sm.\lut.$auto$proc_rom.cc:150:do_switch$593$rdmux[0][6][23]$b$4204 [0] $memory$flatten\u_sm.\lut.$auto$proc_rom.cc:150:do_switch$593$rdmux[0][6][23]$b$4204 [0] }, Y={ $memory$flatten\u_sm.\lut.$auto$proc_rom.cc:150:do_switch$593$rdmux[0][5][11]$b$4072 [6] $memory$flatten\u_sm.\lut.$auto$proc_rom.cc:150:do_switch$593$rdmux[0][5][11]$b$4072 [4:2] $memory$flatten\u_sm.\lut.$auto$proc_rom.cc:150:do_switch$593$rdmux[0][5][11]$b$4072 [0] }
      New connections: { $memory$flatten\u_sm.\lut.$auto$proc_rom.cc:150:do_switch$593$rdmux[0][5][11]$b$4072 [15:7] $memory$flatten\u_sm.\lut.$auto$proc_rom.cc:150:do_switch$593$rdmux[0][5][11]$b$4072 [5] $memory$flatten\u_sm.\lut.$auto$proc_rom.cc:150:do_switch$593$rdmux[0][5][11]$b$4072 [1] } = { 9'000000001 $memory$flatten\u_sm.\lut.$auto$proc_rom.cc:150:do_switch$593$rdmux[0][5][11]$b$4072 [3] 1'0 }
    Consolidated identical input bits for $mux cell $memory$flatten\u_sm.\lut.$auto$proc_rom.cc:150:do_switch$593$rdmux[0][6][22]$4199:
      Old ports: A=$memory$flatten\u_sm.\lut.$auto$proc_rom.cc:150:do_switch$593$rdmux[0][6][22]$a$4200, B=$memory$flatten\u_sm.\lut.$auto$proc_rom.cc:150:do_switch$593$rdmux[0][6][22]$b$4201, Y=$memory$flatten\u_sm.\lut.$auto$proc_rom.cc:150:do_switch$593$rdmux[0][5][11]$a$4071
      New ports: A={ $memory$flatten\u_sm.\lut.$auto$proc_rom.cc:150:do_switch$593$rdmux[0][6][22]$a$4200 [8] $memory$flatten\u_sm.\lut.$auto$proc_rom.cc:150:do_switch$593$rdmux[0][6][22]$a$4200 [4] $memory$flatten\u_sm.\lut.$auto$proc_rom.cc:150:do_switch$593$rdmux[0][6][22]$a$4200 [4] $memory$flatten\u_sm.\lut.$auto$proc_rom.cc:150:do_switch$593$rdmux[0][6][22]$a$4200 [4] 1'0 }, B={ 2'01 $memory$flatten\u_sm.\lut.$auto$proc_rom.cc:150:do_switch$593$rdmux[0][6][22]$b$4201 [5] $memory$flatten\u_sm.\lut.$auto$proc_rom.cc:150:do_switch$593$rdmux[0][6][22]$b$4201 [1] $memory$flatten\u_sm.\lut.$auto$proc_rom.cc:150:do_switch$593$rdmux[0][6][22]$b$4201 [1] }, Y={ $memory$flatten\u_sm.\lut.$auto$proc_rom.cc:150:do_switch$593$rdmux[0][5][11]$a$4071 [8] $memory$flatten\u_sm.\lut.$auto$proc_rom.cc:150:do_switch$593$rdmux[0][5][11]$a$4071 [6:4] $memory$flatten\u_sm.\lut.$auto$proc_rom.cc:150:do_switch$593$rdmux[0][5][11]$a$4071 [1] }
      New connections: { $memory$flatten\u_sm.\lut.$auto$proc_rom.cc:150:do_switch$593$rdmux[0][5][11]$a$4071 [15:9] $memory$flatten\u_sm.\lut.$auto$proc_rom.cc:150:do_switch$593$rdmux[0][5][11]$a$4071 [7] $memory$flatten\u_sm.\lut.$auto$proc_rom.cc:150:do_switch$593$rdmux[0][5][11]$a$4071 [3:2] $memory$flatten\u_sm.\lut.$auto$proc_rom.cc:150:do_switch$593$rdmux[0][5][11]$a$4071 [0] } = { 7'0000000 $memory$flatten\u_sm.\lut.$auto$proc_rom.cc:150:do_switch$593$rdmux[0][5][11]$a$4071 [6] 3'110 }
    Consolidated identical input bits for $mux cell $memory$flatten\u_sm.\lut.$auto$proc_rom.cc:150:do_switch$593$rdmux[0][6][21]$4196:
      Old ports: A=$memory$flatten\u_sm.\lut.$auto$proc_rom.cc:150:do_switch$593$rdmux[0][6][21]$a$4197, B=$memory$flatten\u_sm.\lut.$auto$proc_rom.cc:150:do_switch$593$rdmux[0][6][21]$b$4198, Y=$memory$flatten\u_sm.\lut.$auto$proc_rom.cc:150:do_switch$593$rdmux[0][5][10]$b$4069
      New ports: A={ 2'10 $memory$flatten\u_sm.\lut.$auto$proc_rom.cc:150:do_switch$593$rdmux[0][6][21]$a$4197 [3] $memory$flatten\u_sm.\lut.$auto$proc_rom.cc:150:do_switch$593$rdmux[0][6][21]$a$4197 [3] 1'0 $memory$flatten\u_sm.\lut.$auto$proc_rom.cc:150:do_switch$593$rdmux[0][6][21]$a$4197 [0] $memory$flatten\u_sm.\lut.$auto$proc_rom.cc:150:do_switch$593$rdmux[0][6][21]$a$4197 [0] }, B={ 1'0 $memory$flatten\u_sm.\lut.$auto$proc_rom.cc:150:do_switch$593$rdmux[0][6][21]$b$4198 [1] $memory$flatten\u_sm.\lut.$auto$proc_rom.cc:150:do_switch$593$rdmux[0][6][21]$b$4198 [4] 2'11 $memory$flatten\u_sm.\lut.$auto$proc_rom.cc:150:do_switch$593$rdmux[0][6][21]$b$4198 [1] 1'1 }, Y=$memory$flatten\u_sm.\lut.$auto$proc_rom.cc:150:do_switch$593$rdmux[0][5][10]$b$4069 [6:0]
      New connections: $memory$flatten\u_sm.\lut.$auto$proc_rom.cc:150:do_switch$593$rdmux[0][5][10]$b$4069 [15:7] = 9'000000010
    Consolidated identical input bits for $mux cell $memory$flatten\u_sm.\lut.$auto$proc_rom.cc:150:do_switch$593$rdmux[0][6][20]$4193:
      Old ports: A=$memory$flatten\u_sm.\lut.$auto$proc_rom.cc:150:do_switch$593$rdmux[0][6][20]$a$4194, B=$memory$flatten\u_sm.\lut.$auto$proc_rom.cc:150:do_switch$593$rdmux[0][6][20]$b$4195, Y=$memory$flatten\u_sm.\lut.$auto$proc_rom.cc:150:do_switch$593$rdmux[0][5][10]$a$4068
      New ports: A={ 2'10 $memory$flatten\u_sm.\lut.$auto$proc_rom.cc:150:do_switch$593$rdmux[0][6][20]$a$4194 [5] 2'11 $memory$flatten\u_sm.\lut.$auto$proc_rom.cc:150:do_switch$593$rdmux[0][6][20]$a$4194 [0] $memory$flatten\u_sm.\lut.$auto$proc_rom.cc:150:do_switch$593$rdmux[0][6][20]$a$4194 [0] }, B={ $memory$flatten\u_sm.\lut.$auto$proc_rom.cc:150:do_switch$593$rdmux[0][6][20]$b$4195 [7] $memory$flatten\u_sm.\lut.$auto$proc_rom.cc:150:do_switch$593$rdmux[0][6][20]$b$4195 [3] $memory$flatten\u_sm.\lut.$auto$proc_rom.cc:150:do_switch$593$rdmux[0][6][20]$b$4195 [3] 1'0 $memory$flatten\u_sm.\lut.$auto$proc_rom.cc:150:do_switch$593$rdmux[0][6][20]$b$4195 [3] 2'10 }, Y={ $memory$flatten\u_sm.\lut.$auto$proc_rom.cc:150:do_switch$593$rdmux[0][5][10]$a$4068 [7:2] $memory$flatten\u_sm.\lut.$auto$proc_rom.cc:150:do_switch$593$rdmux[0][5][10]$a$4068 [0] }
      New connections: { $memory$flatten\u_sm.\lut.$auto$proc_rom.cc:150:do_switch$593$rdmux[0][5][10]$a$4068 [15:8] $memory$flatten\u_sm.\lut.$auto$proc_rom.cc:150:do_switch$593$rdmux[0][5][10]$a$4068 [1] } = 9'000000011
    Consolidated identical input bits for $mux cell $memory$flatten\u_sm.\lut.$auto$proc_rom.cc:150:do_switch$593$rdmux[0][6][19]$4190:
      Old ports: A=$memory$flatten\u_sm.\lut.$auto$proc_rom.cc:150:do_switch$593$rdmux[0][6][19]$a$4191, B=$memory$flatten\u_sm.\lut.$auto$proc_rom.cc:150:do_switch$593$rdmux[0][6][19]$b$4192, Y=$memory$flatten\u_sm.\lut.$auto$proc_rom.cc:150:do_switch$593$rdmux[0][5][9]$b$4066
      New ports: A={ 1'0 $memory$flatten\u_sm.\lut.$auto$proc_rom.cc:150:do_switch$593$rdmux[0][6][19]$a$4191 [1] $memory$flatten\u_sm.\lut.$auto$proc_rom.cc:150:do_switch$593$rdmux[0][6][19]$a$4191 [1] 1'1 }, B={ 1'1 $memory$flatten\u_sm.\lut.$auto$proc_rom.cc:150:do_switch$593$rdmux[0][6][19]$b$4192 [5] $memory$flatten\u_sm.\lut.$auto$proc_rom.cc:150:do_switch$593$rdmux[0][6][19]$b$4192 [1] 1'0 }, Y={ $memory$flatten\u_sm.\lut.$auto$proc_rom.cc:150:do_switch$593$rdmux[0][5][9]$b$4066 [6:5] $memory$flatten\u_sm.\lut.$auto$proc_rom.cc:150:do_switch$593$rdmux[0][5][9]$b$4066 [1:0] }
      New connections: { $memory$flatten\u_sm.\lut.$auto$proc_rom.cc:150:do_switch$593$rdmux[0][5][9]$b$4066 [15:7] $memory$flatten\u_sm.\lut.$auto$proc_rom.cc:150:do_switch$593$rdmux[0][5][9]$b$4066 [4:2] } = { 6'000000 $memory$flatten\u_sm.\lut.$auto$proc_rom.cc:150:do_switch$593$rdmux[0][5][9]$b$4066 [0] $memory$flatten\u_sm.\lut.$auto$proc_rom.cc:150:do_switch$593$rdmux[0][5][9]$b$4066 [6] $memory$flatten\u_sm.\lut.$auto$proc_rom.cc:150:do_switch$593$rdmux[0][5][9]$b$4066 [6] 3'101 }
    Consolidated identical input bits for $mux cell $memory$flatten\u_sm.\lut.$auto$proc_rom.cc:150:do_switch$593$rdmux[0][6][18]$4187:
      Old ports: A=$memory$flatten\u_sm.\lut.$auto$proc_rom.cc:150:do_switch$593$rdmux[0][6][18]$a$4188, B=$memory$flatten\u_sm.\lut.$auto$proc_rom.cc:150:do_switch$593$rdmux[0][6][18]$b$4189, Y=$memory$flatten\u_sm.\lut.$auto$proc_rom.cc:150:do_switch$593$rdmux[0][5][9]$a$4065
      New ports: A={ 1'1 $memory$flatten\u_sm.\lut.$auto$proc_rom.cc:150:do_switch$593$rdmux[0][6][18]$a$4188 [2] $memory$flatten\u_sm.\lut.$auto$proc_rom.cc:150:do_switch$593$rdmux[0][6][18]$a$4188 [4] 1'1 $memory$flatten\u_sm.\lut.$auto$proc_rom.cc:150:do_switch$593$rdmux[0][6][18]$a$4188 [2] 1'0 }, B={ $memory$flatten\u_sm.\lut.$auto$proc_rom.cc:150:do_switch$593$rdmux[0][6][18]$b$4189 [1] 1'0 $memory$flatten\u_sm.\lut.$auto$proc_rom.cc:150:do_switch$593$rdmux[0][6][18]$b$4189 [2] $memory$flatten\u_sm.\lut.$auto$proc_rom.cc:150:do_switch$593$rdmux[0][6][18]$b$4189 [2] $memory$flatten\u_sm.\lut.$auto$proc_rom.cc:150:do_switch$593$rdmux[0][6][18]$b$4189 [2:1] }, Y={ $memory$flatten\u_sm.\lut.$auto$proc_rom.cc:150:do_switch$593$rdmux[0][5][9]$a$4065 [7] $memory$flatten\u_sm.\lut.$auto$proc_rom.cc:150:do_switch$593$rdmux[0][5][9]$a$4065 [5:1] }
      New connections: { $memory$flatten\u_sm.\lut.$auto$proc_rom.cc:150:do_switch$593$rdmux[0][5][9]$a$4065 [15:8] $memory$flatten\u_sm.\lut.$auto$proc_rom.cc:150:do_switch$593$rdmux[0][5][9]$a$4065 [6] $memory$flatten\u_sm.\lut.$auto$proc_rom.cc:150:do_switch$593$rdmux[0][5][9]$a$4065 [0] } = { 8'00000010 $memory$flatten\u_sm.\lut.$auto$proc_rom.cc:150:do_switch$593$rdmux[0][5][9]$a$4065 [4] 1'0 }
    Consolidated identical input bits for $mux cell $memory$flatten\u_sm.\lut.$auto$proc_rom.cc:150:do_switch$593$rdmux[0][6][17]$4184:
      Old ports: A=$memory$flatten\u_sm.\lut.$auto$proc_rom.cc:150:do_switch$593$rdmux[0][6][17]$a$4185, B=$memory$flatten\u_sm.\lut.$auto$proc_rom.cc:150:do_switch$593$rdmux[0][6][17]$b$4186, Y=$memory$flatten\u_sm.\lut.$auto$proc_rom.cc:150:do_switch$593$rdmux[0][5][8]$b$4063
      New ports: A={ $memory$flatten\u_sm.\lut.$auto$proc_rom.cc:150:do_switch$593$rdmux[0][6][17]$a$4185 [0] $memory$flatten\u_sm.\lut.$auto$proc_rom.cc:150:do_switch$593$rdmux[0][6][17]$a$4185 [3] 2'10 $memory$flatten\u_sm.\lut.$auto$proc_rom.cc:150:do_switch$593$rdmux[0][6][17]$a$4185 [3] 1'1 $memory$flatten\u_sm.\lut.$auto$proc_rom.cc:150:do_switch$593$rdmux[0][6][17]$a$4185 [0] }, B={ 2'00 $memory$flatten\u_sm.\lut.$auto$proc_rom.cc:150:do_switch$593$rdmux[0][6][17]$b$4186 [3] $memory$flatten\u_sm.\lut.$auto$proc_rom.cc:150:do_switch$593$rdmux[0][6][17]$b$4186 [3] $memory$flatten\u_sm.\lut.$auto$proc_rom.cc:150:do_switch$593$rdmux[0][6][17]$b$4186 [3] $memory$flatten\u_sm.\lut.$auto$proc_rom.cc:150:do_switch$593$rdmux[0][6][17]$b$4186 [1] 1'1 }, Y={ $memory$flatten\u_sm.\lut.$auto$proc_rom.cc:150:do_switch$593$rdmux[0][5][8]$b$4063 [7:3] $memory$flatten\u_sm.\lut.$auto$proc_rom.cc:150:do_switch$593$rdmux[0][5][8]$b$4063 [1:0] }
      New connections: { $memory$flatten\u_sm.\lut.$auto$proc_rom.cc:150:do_switch$593$rdmux[0][5][8]$b$4063 [15:8] $memory$flatten\u_sm.\lut.$auto$proc_rom.cc:150:do_switch$593$rdmux[0][5][8]$b$4063 [2] } = { 8'00000011 $memory$flatten\u_sm.\lut.$auto$proc_rom.cc:150:do_switch$593$rdmux[0][5][8]$b$4063 [1] }
    Consolidated identical input bits for $mux cell $memory$flatten\u_sm.\lut.$auto$proc_rom.cc:150:do_switch$593$rdmux[0][6][16]$4181:
      Old ports: A=$memory$flatten\u_sm.\lut.$auto$proc_rom.cc:150:do_switch$593$rdmux[0][6][16]$a$4182, B=$memory$flatten\u_sm.\lut.$auto$proc_rom.cc:150:do_switch$593$rdmux[0][6][16]$b$4183, Y=$memory$flatten\u_sm.\lut.$auto$proc_rom.cc:150:do_switch$593$rdmux[0][5][8]$a$4062
      New ports: A={ 2'10 $memory$flatten\u_sm.\lut.$auto$proc_rom.cc:150:do_switch$593$rdmux[0][6][16]$a$4182 [4:3] $memory$flatten\u_sm.\lut.$auto$proc_rom.cc:150:do_switch$593$rdmux[0][6][16]$a$4182 [4:3] 1'0 }, B={ $memory$flatten\u_sm.\lut.$auto$proc_rom.cc:150:do_switch$593$rdmux[0][6][16]$b$4183 [10] $memory$flatten\u_sm.\lut.$auto$proc_rom.cc:150:do_switch$593$rdmux[0][6][16]$b$4183 [6] $memory$flatten\u_sm.\lut.$auto$proc_rom.cc:150:do_switch$593$rdmux[0][6][16]$b$4183 [6] $memory$flatten\u_sm.\lut.$auto$proc_rom.cc:150:do_switch$593$rdmux[0][6][16]$b$4183 [6] 3'001 }, Y={ $memory$flatten\u_sm.\lut.$auto$proc_rom.cc:150:do_switch$593$rdmux[0][5][8]$a$4062 [10] $memory$flatten\u_sm.\lut.$auto$proc_rom.cc:150:do_switch$593$rdmux[0][5][8]$a$4062 [8:6] $memory$flatten\u_sm.\lut.$auto$proc_rom.cc:150:do_switch$593$rdmux[0][5][8]$a$4062 [4:3] $memory$flatten\u_sm.\lut.$auto$proc_rom.cc:150:do_switch$593$rdmux[0][5][8]$a$4062 [0] }
      New connections: { $memory$flatten\u_sm.\lut.$auto$proc_rom.cc:150:do_switch$593$rdmux[0][5][8]$a$4062 [15:11] $memory$flatten\u_sm.\lut.$auto$proc_rom.cc:150:do_switch$593$rdmux[0][5][8]$a$4062 [9] $memory$flatten\u_sm.\lut.$auto$proc_rom.cc:150:do_switch$593$rdmux[0][5][8]$a$4062 [5] $memory$flatten\u_sm.\lut.$auto$proc_rom.cc:150:do_switch$593$rdmux[0][5][8]$a$4062 [2:1] } = { 5'00000 $memory$flatten\u_sm.\lut.$auto$proc_rom.cc:150:do_switch$593$rdmux[0][5][8]$a$4062 [8] 2'10 $memory$flatten\u_sm.\lut.$auto$proc_rom.cc:150:do_switch$593$rdmux[0][5][8]$a$4062 [0] }
    Consolidated identical input bits for $mux cell $memory$flatten\u_sm.\lut.$auto$proc_rom.cc:150:do_switch$593$rdmux[0][6][15]$4178:
      Old ports: A=$memory$flatten\u_sm.\lut.$auto$proc_rom.cc:150:do_switch$593$rdmux[0][6][15]$a$4179, B=$memory$flatten\u_sm.\lut.$auto$proc_rom.cc:150:do_switch$593$rdmux[0][6][15]$b$4180, Y=$memory$flatten\u_sm.\lut.$auto$proc_rom.cc:150:do_switch$593$rdmux[0][5][7]$b$4060
      New ports: A={ $memory$flatten\u_sm.\lut.$auto$proc_rom.cc:150:do_switch$593$rdmux[0][6][15]$a$4179 [3] 1'0 $memory$flatten\u_sm.\lut.$auto$proc_rom.cc:150:do_switch$593$rdmux[0][6][15]$a$4179 [3] $memory$flatten\u_sm.\lut.$auto$proc_rom.cc:150:do_switch$593$rdmux[0][6][15]$a$4179 [0] 1'0 $memory$flatten\u_sm.\lut.$auto$proc_rom.cc:150:do_switch$593$rdmux[0][6][15]$a$4179 [0] }, B={ $memory$flatten\u_sm.\lut.$auto$proc_rom.cc:150:do_switch$593$rdmux[0][6][15]$b$4180 [8] 1'1 $memory$flatten\u_sm.\lut.$auto$proc_rom.cc:150:do_switch$593$rdmux[0][6][15]$b$4180 [1] $memory$flatten\u_sm.\lut.$auto$proc_rom.cc:150:do_switch$593$rdmux[0][6][15]$b$4180 [1] $memory$flatten\u_sm.\lut.$auto$proc_rom.cc:150:do_switch$593$rdmux[0][6][15]$b$4180 [1] 1'0 }, Y={ $memory$flatten\u_sm.\lut.$auto$proc_rom.cc:150:do_switch$593$rdmux[0][5][7]$b$4060 [8] $memory$flatten\u_sm.\lut.$auto$proc_rom.cc:150:do_switch$593$rdmux[0][5][7]$b$4060 [4:0] }
      New connections: { $memory$flatten\u_sm.\lut.$auto$proc_rom.cc:150:do_switch$593$rdmux[0][5][7]$b$4060 [15:9] $memory$flatten\u_sm.\lut.$auto$proc_rom.cc:150:do_switch$593$rdmux[0][5][7]$b$4060 [7:5] } = { 6'000001 $memory$flatten\u_sm.\lut.$auto$proc_rom.cc:150:do_switch$593$rdmux[0][5][7]$b$4060 [0] $memory$flatten\u_sm.\lut.$auto$proc_rom.cc:150:do_switch$593$rdmux[0][5][7]$b$4060 [3] $memory$flatten\u_sm.\lut.$auto$proc_rom.cc:150:do_switch$593$rdmux[0][5][7]$b$4060 [4:3] }
    Consolidated identical input bits for $mux cell $memory$flatten\u_sm.\lut.$auto$proc_rom.cc:150:do_switch$593$rdmux[0][6][14]$4175:
      Old ports: A=$memory$flatten\u_sm.\lut.$auto$proc_rom.cc:150:do_switch$593$rdmux[0][6][14]$a$4176, B=$memory$flatten\u_sm.\lut.$auto$proc_rom.cc:150:do_switch$593$rdmux[0][6][14]$b$4177, Y=$memory$flatten\u_sm.\lut.$auto$proc_rom.cc:150:do_switch$593$rdmux[0][5][7]$a$4059
      New ports: A={ 1'1 $memory$flatten\u_sm.\lut.$auto$proc_rom.cc:150:do_switch$593$rdmux[0][6][14]$a$4176 [6] $memory$flatten\u_sm.\lut.$auto$proc_rom.cc:150:do_switch$593$rdmux[0][6][14]$a$4176 [3] $memory$flatten\u_sm.\lut.$auto$proc_rom.cc:150:do_switch$593$rdmux[0][6][14]$a$4176 [3] 2'11 }, B={ 2'01 $memory$flatten\u_sm.\lut.$auto$proc_rom.cc:150:do_switch$593$rdmux[0][6][14]$b$4177 [1:0] $memory$flatten\u_sm.\lut.$auto$proc_rom.cc:150:do_switch$593$rdmux[0][6][14]$b$4177 [1:0] }, Y={ $memory$flatten\u_sm.\lut.$auto$proc_rom.cc:150:do_switch$593$rdmux[0][5][7]$a$4059 [8] $memory$flatten\u_sm.\lut.$auto$proc_rom.cc:150:do_switch$593$rdmux[0][5][7]$a$4059 [6] $memory$flatten\u_sm.\lut.$auto$proc_rom.cc:150:do_switch$593$rdmux[0][5][7]$a$4059 [4:3] $memory$flatten\u_sm.\lut.$auto$proc_rom.cc:150:do_switch$593$rdmux[0][5][7]$a$4059 [1:0] }
      New connections: { $memory$flatten\u_sm.\lut.$auto$proc_rom.cc:150:do_switch$593$rdmux[0][5][7]$a$4059 [15:9] $memory$flatten\u_sm.\lut.$auto$proc_rom.cc:150:do_switch$593$rdmux[0][5][7]$a$4059 [7] $memory$flatten\u_sm.\lut.$auto$proc_rom.cc:150:do_switch$593$rdmux[0][5][7]$a$4059 [5] $memory$flatten\u_sm.\lut.$auto$proc_rom.cc:150:do_switch$593$rdmux[0][5][7]$a$4059 [2] } = { 7'0000011 $memory$flatten\u_sm.\lut.$auto$proc_rom.cc:150:do_switch$593$rdmux[0][5][7]$a$4059 [4:3] 1'0 }
    Consolidated identical input bits for $mux cell $memory$flatten\u_sm.\lut.$auto$proc_rom.cc:150:do_switch$593$rdmux[0][6][13]$4172:
      Old ports: A=$memory$flatten\u_sm.\lut.$auto$proc_rom.cc:150:do_switch$593$rdmux[0][6][13]$a$4173, B=$memory$flatten\u_sm.\lut.$auto$proc_rom.cc:150:do_switch$593$rdmux[0][6][13]$b$4174, Y=$memory$flatten\u_sm.\lut.$auto$proc_rom.cc:150:do_switch$593$rdmux[0][5][6]$b$4057
      New ports: A={ 1'1 $memory$flatten\u_sm.\lut.$auto$proc_rom.cc:150:do_switch$593$rdmux[0][6][13]$a$4173 [2] 1'1 $memory$flatten\u_sm.\lut.$auto$proc_rom.cc:150:do_switch$593$rdmux[0][6][13]$a$4173 [1] $memory$flatten\u_sm.\lut.$auto$proc_rom.cc:150:do_switch$593$rdmux[0][6][13]$a$4173 [2] $memory$flatten\u_sm.\lut.$auto$proc_rom.cc:150:do_switch$593$rdmux[0][6][13]$a$4173 [2:1] 1'1 }, B={ 1'0 $memory$flatten\u_sm.\lut.$auto$proc_rom.cc:150:do_switch$593$rdmux[0][6][13]$b$4174 [6] $memory$flatten\u_sm.\lut.$auto$proc_rom.cc:150:do_switch$593$rdmux[0][6][13]$b$4174 [6] $memory$flatten\u_sm.\lut.$auto$proc_rom.cc:150:do_switch$593$rdmux[0][6][13]$b$4174 [0] $memory$flatten\u_sm.\lut.$auto$proc_rom.cc:150:do_switch$593$rdmux[0][6][13]$b$4174 [0] 2'01 $memory$flatten\u_sm.\lut.$auto$proc_rom.cc:150:do_switch$593$rdmux[0][6][13]$b$4174 [0] }, Y={ $memory$flatten\u_sm.\lut.$auto$proc_rom.cc:150:do_switch$593$rdmux[0][5][6]$b$4057 [8:6] $memory$flatten\u_sm.\lut.$auto$proc_rom.cc:150:do_switch$593$rdmux[0][5][6]$b$4057 [4:0] }
      New connections: { $memory$flatten\u_sm.\lut.$auto$proc_rom.cc:150:do_switch$593$rdmux[0][5][6]$b$4057 [15:9] $memory$flatten\u_sm.\lut.$auto$proc_rom.cc:150:do_switch$593$rdmux[0][5][6]$b$4057 [5] } = { 7'0000100 $memory$flatten\u_sm.\lut.$auto$proc_rom.cc:150:do_switch$593$rdmux[0][5][6]$b$4057 [3] }
    Consolidated identical input bits for $mux cell $memory$flatten\u_sm.\lut.$auto$proc_rom.cc:150:do_switch$593$rdmux[0][6][12]$4169:
      Old ports: A=$memory$flatten\u_sm.\lut.$auto$proc_rom.cc:150:do_switch$593$rdmux[0][6][12]$a$4170, B=$memory$flatten\u_sm.\lut.$auto$proc_rom.cc:150:do_switch$593$rdmux[0][6][12]$b$4171, Y=$memory$flatten\u_sm.\lut.$auto$proc_rom.cc:150:do_switch$593$rdmux[0][5][6]$a$4056
      New ports: A={ $memory$flatten\u_sm.\lut.$auto$proc_rom.cc:150:do_switch$593$rdmux[0][6][12]$a$4170 [1] $memory$flatten\u_sm.\lut.$auto$proc_rom.cc:150:do_switch$593$rdmux[0][6][12]$a$4170 [6] $memory$flatten\u_sm.\lut.$auto$proc_rom.cc:150:do_switch$593$rdmux[0][6][12]$a$4170 [6] 1'1 $memory$flatten\u_sm.\lut.$auto$proc_rom.cc:150:do_switch$593$rdmux[0][6][12]$a$4170 [6] 1'1 $memory$flatten\u_sm.\lut.$auto$proc_rom.cc:150:do_switch$593$rdmux[0][6][12]$a$4170 [1] }, B={ 2'01 $memory$flatten\u_sm.\lut.$auto$proc_rom.cc:150:do_switch$593$rdmux[0][6][12]$b$4171 [1] $memory$flatten\u_sm.\lut.$auto$proc_rom.cc:150:do_switch$593$rdmux[0][6][12]$b$4171 [7] 1'0 $memory$flatten\u_sm.\lut.$auto$proc_rom.cc:150:do_switch$593$rdmux[0][6][12]$b$4171 [1] $memory$flatten\u_sm.\lut.$auto$proc_rom.cc:150:do_switch$593$rdmux[0][6][12]$b$4171 [1] }, Y={ $memory$flatten\u_sm.\lut.$auto$proc_rom.cc:150:do_switch$593$rdmux[0][5][6]$a$4056 [10:6] $memory$flatten\u_sm.\lut.$auto$proc_rom.cc:150:do_switch$593$rdmux[0][5][6]$a$4056 [3] $memory$flatten\u_sm.\lut.$auto$proc_rom.cc:150:do_switch$593$rdmux[0][5][6]$a$4056 [1] }
      New connections: { $memory$flatten\u_sm.\lut.$auto$proc_rom.cc:150:do_switch$593$rdmux[0][5][6]$a$4056 [15:11] $memory$flatten\u_sm.\lut.$auto$proc_rom.cc:150:do_switch$593$rdmux[0][5][6]$a$4056 [5:4] $memory$flatten\u_sm.\lut.$auto$proc_rom.cc:150:do_switch$593$rdmux[0][5][6]$a$4056 [2] $memory$flatten\u_sm.\lut.$auto$proc_rom.cc:150:do_switch$593$rdmux[0][5][6]$a$4056 [0] } = { 5'00001 $memory$flatten\u_sm.\lut.$auto$proc_rom.cc:150:do_switch$593$rdmux[0][5][6]$a$4056 [3] 1'1 $memory$flatten\u_sm.\lut.$auto$proc_rom.cc:150:do_switch$593$rdmux[0][5][6]$a$4056 [1] 1'1 }
    Consolidated identical input bits for $mux cell $memory$flatten\u_sm.\lut.$auto$proc_rom.cc:150:do_switch$593$rdmux[0][6][11]$4166:
      Old ports: A=$memory$flatten\u_sm.\lut.$auto$proc_rom.cc:150:do_switch$593$rdmux[0][6][11]$a$4167, B=$memory$flatten\u_sm.\lut.$auto$proc_rom.cc:150:do_switch$593$rdmux[0][6][11]$b$4168, Y=$memory$flatten\u_sm.\lut.$auto$proc_rom.cc:150:do_switch$593$rdmux[0][5][5]$b$4054
      New ports: A={ $memory$flatten\u_sm.\lut.$auto$proc_rom.cc:150:do_switch$593$rdmux[0][6][11]$a$4167 [5] $memory$flatten\u_sm.\lut.$auto$proc_rom.cc:150:do_switch$593$rdmux[0][6][11]$a$4167 [5] 2'01 $memory$flatten\u_sm.\lut.$auto$proc_rom.cc:150:do_switch$593$rdmux[0][6][11]$a$4167 [5] $memory$flatten\u_sm.\lut.$auto$proc_rom.cc:150:do_switch$593$rdmux[0][6][11]$a$4167 [1] $memory$flatten\u_sm.\lut.$auto$proc_rom.cc:150:do_switch$593$rdmux[0][6][11]$a$4167 [1] 1'0 }, B={ 1'1 $memory$flatten\u_sm.\lut.$auto$proc_rom.cc:150:do_switch$593$rdmux[0][6][11]$b$4168 [7] $memory$flatten\u_sm.\lut.$auto$proc_rom.cc:150:do_switch$593$rdmux[0][6][11]$b$4168 [7] $memory$flatten\u_sm.\lut.$auto$proc_rom.cc:150:do_switch$593$rdmux[0][6][11]$b$4168 [5] $memory$flatten\u_sm.\lut.$auto$proc_rom.cc:150:do_switch$593$rdmux[0][6][11]$b$4168 [5] 3'101 }, Y={ $memory$flatten\u_sm.\lut.$auto$proc_rom.cc:150:do_switch$593$rdmux[0][5][5]$b$4054 [10] $memory$flatten\u_sm.\lut.$auto$proc_rom.cc:150:do_switch$593$rdmux[0][5][5]$b$4054 [8:4] $memory$flatten\u_sm.\lut.$auto$proc_rom.cc:150:do_switch$593$rdmux[0][5][5]$b$4054 [1:0] }
      New connections: { $memory$flatten\u_sm.\lut.$auto$proc_rom.cc:150:do_switch$593$rdmux[0][5][5]$b$4054 [15:11] $memory$flatten\u_sm.\lut.$auto$proc_rom.cc:150:do_switch$593$rdmux[0][5][5]$b$4054 [9] $memory$flatten\u_sm.\lut.$auto$proc_rom.cc:150:do_switch$593$rdmux[0][5][5]$b$4054 [3:2] } = { 3'000 $memory$flatten\u_sm.\lut.$auto$proc_rom.cc:150:do_switch$593$rdmux[0][5][5]$b$4054 [1] $memory$flatten\u_sm.\lut.$auto$proc_rom.cc:150:do_switch$593$rdmux[0][5][5]$b$4054 [10] $memory$flatten\u_sm.\lut.$auto$proc_rom.cc:150:do_switch$593$rdmux[0][5][5]$b$4054 [5] $memory$flatten\u_sm.\lut.$auto$proc_rom.cc:150:do_switch$593$rdmux[0][5][5]$b$4054 [1] $memory$flatten\u_sm.\lut.$auto$proc_rom.cc:150:do_switch$593$rdmux[0][5][5]$b$4054 [1] }
    Consolidated identical input bits for $mux cell $memory$flatten\u_sm.\lut.$auto$proc_rom.cc:150:do_switch$593$rdmux[0][6][10]$4163:
      Old ports: A=$memory$flatten\u_sm.\lut.$auto$proc_rom.cc:150:do_switch$593$rdmux[0][6][10]$a$4164, B=$memory$flatten\u_sm.\lut.$auto$proc_rom.cc:150:do_switch$593$rdmux[0][6][10]$b$4165, Y=$memory$flatten\u_sm.\lut.$auto$proc_rom.cc:150:do_switch$593$rdmux[0][5][5]$a$4053
      New ports: A={ $memory$flatten\u_sm.\lut.$auto$proc_rom.cc:150:do_switch$593$rdmux[0][6][10]$a$4164 [0] 1'1 $memory$flatten\u_sm.\lut.$auto$proc_rom.cc:150:do_switch$593$rdmux[0][6][10]$a$4164 [2] 1'0 $memory$flatten\u_sm.\lut.$auto$proc_rom.cc:150:do_switch$593$rdmux[0][6][10]$a$4164 [2] $memory$flatten\u_sm.\lut.$auto$proc_rom.cc:150:do_switch$593$rdmux[0][6][10]$a$4164 [2] $memory$flatten\u_sm.\lut.$auto$proc_rom.cc:150:do_switch$593$rdmux[0][6][10]$a$4164 [2] 1'1 $memory$flatten\u_sm.\lut.$auto$proc_rom.cc:150:do_switch$593$rdmux[0][6][10]$a$4164 [0] }, B={ 1'0 $memory$flatten\u_sm.\lut.$auto$proc_rom.cc:150:do_switch$593$rdmux[0][6][10]$b$4165 [2] $memory$flatten\u_sm.\lut.$auto$proc_rom.cc:150:do_switch$593$rdmux[0][6][10]$b$4165 [0] $memory$flatten\u_sm.\lut.$auto$proc_rom.cc:150:do_switch$593$rdmux[0][6][10]$b$4165 [2] 2'01 $memory$flatten\u_sm.\lut.$auto$proc_rom.cc:150:do_switch$593$rdmux[0][6][10]$b$4165 [2] $memory$flatten\u_sm.\lut.$auto$proc_rom.cc:150:do_switch$593$rdmux[0][6][10]$b$4165 [0] $memory$flatten\u_sm.\lut.$auto$proc_rom.cc:150:do_switch$593$rdmux[0][6][10]$b$4165 [0] }, Y={ $memory$flatten\u_sm.\lut.$auto$proc_rom.cc:150:do_switch$593$rdmux[0][5][5]$a$4053 [10] $memory$flatten\u_sm.\lut.$auto$proc_rom.cc:150:do_switch$593$rdmux[0][5][5]$a$4053 [8:6] $memory$flatten\u_sm.\lut.$auto$proc_rom.cc:150:do_switch$593$rdmux[0][5][5]$a$4053 [4:0] }
      New connections: { $memory$flatten\u_sm.\lut.$auto$proc_rom.cc:150:do_switch$593$rdmux[0][5][5]$a$4053 [15:11] $memory$flatten\u_sm.\lut.$auto$proc_rom.cc:150:do_switch$593$rdmux[0][5][5]$a$4053 [9] $memory$flatten\u_sm.\lut.$auto$proc_rom.cc:150:do_switch$593$rdmux[0][5][5]$a$4053 [5] } = { 5'00010 $memory$flatten\u_sm.\lut.$auto$proc_rom.cc:150:do_switch$593$rdmux[0][5][5]$a$4053 [7] $memory$flatten\u_sm.\lut.$auto$proc_rom.cc:150:do_switch$593$rdmux[0][5][5]$a$4053 [2] }
    Consolidated identical input bits for $mux cell $memory$flatten\u_sm.\lut.$auto$proc_rom.cc:150:do_switch$593$rdmux[0][6][9]$4160:
      Old ports: A=$memory$flatten\u_sm.\lut.$auto$proc_rom.cc:150:do_switch$593$rdmux[0][6][9]$a$4161, B=$memory$flatten\u_sm.\lut.$auto$proc_rom.cc:150:do_switch$593$rdmux[0][6][9]$b$4162, Y=$memory$flatten\u_sm.\lut.$auto$proc_rom.cc:150:do_switch$593$rdmux[0][5][4]$b$4051
      New ports: A={ 1'0 $memory$flatten\u_sm.\lut.$auto$proc_rom.cc:150:do_switch$593$rdmux[0][6][9]$a$4161 [1] $memory$flatten\u_sm.\lut.$auto$proc_rom.cc:150:do_switch$593$rdmux[0][6][9]$a$4161 [8] $memory$flatten\u_sm.\lut.$auto$proc_rom.cc:150:do_switch$593$rdmux[0][6][9]$a$4161 [1] $memory$flatten\u_sm.\lut.$auto$proc_rom.cc:150:do_switch$593$rdmux[0][6][9]$a$4161 [1] 2'10 $memory$flatten\u_sm.\lut.$auto$proc_rom.cc:150:do_switch$593$rdmux[0][6][9]$a$4161 [1] 1'1 }, B={ 2'11 $memory$flatten\u_sm.\lut.$auto$proc_rom.cc:150:do_switch$593$rdmux[0][6][9]$b$4162 [7] $memory$flatten\u_sm.\lut.$auto$proc_rom.cc:150:do_switch$593$rdmux[0][6][9]$b$4162 [7] 1'0 $memory$flatten\u_sm.\lut.$auto$proc_rom.cc:150:do_switch$593$rdmux[0][6][9]$b$4162 [1] $memory$flatten\u_sm.\lut.$auto$proc_rom.cc:150:do_switch$593$rdmux[0][6][9]$b$4162 [1] $memory$flatten\u_sm.\lut.$auto$proc_rom.cc:150:do_switch$593$rdmux[0][6][9]$b$4162 [1] 1'0 }, Y={ $memory$flatten\u_sm.\lut.$auto$proc_rom.cc:150:do_switch$593$rdmux[0][5][4]$b$4051 [10:7] $memory$flatten\u_sm.\lut.$auto$proc_rom.cc:150:do_switch$593$rdmux[0][5][4]$b$4051 [5] $memory$flatten\u_sm.\lut.$auto$proc_rom.cc:150:do_switch$593$rdmux[0][5][4]$b$4051 [3:0] }
      New connections: { $memory$flatten\u_sm.\lut.$auto$proc_rom.cc:150:do_switch$593$rdmux[0][5][4]$b$4051 [15:11] $memory$flatten\u_sm.\lut.$auto$proc_rom.cc:150:do_switch$593$rdmux[0][5][4]$b$4051 [6] $memory$flatten\u_sm.\lut.$auto$proc_rom.cc:150:do_switch$593$rdmux[0][5][4]$b$4051 [4] } = { 4'0001 $memory$flatten\u_sm.\lut.$auto$proc_rom.cc:150:do_switch$593$rdmux[0][5][4]$b$4051 [0] 2'11 }
    Consolidated identical input bits for $mux cell $memory$flatten\u_sm.\lut.$auto$proc_rom.cc:150:do_switch$593$rdmux[0][6][8]$4157:
      Old ports: A=$memory$flatten\u_sm.\lut.$auto$proc_rom.cc:150:do_switch$593$rdmux[0][6][8]$a$4158, B=$memory$flatten\u_sm.\lut.$auto$proc_rom.cc:150:do_switch$593$rdmux[0][6][8]$b$4159, Y=$memory$flatten\u_sm.\lut.$auto$proc_rom.cc:150:do_switch$593$rdmux[0][5][4]$a$4050
      New ports: A={ $memory$flatten\u_sm.\lut.$auto$proc_rom.cc:150:do_switch$593$rdmux[0][6][8]$a$4158 [0] $memory$flatten\u_sm.\lut.$auto$proc_rom.cc:150:do_switch$593$rdmux[0][6][8]$a$4158 [0] 1'0 $memory$flatten\u_sm.\lut.$auto$proc_rom.cc:150:do_switch$593$rdmux[0][6][8]$a$4158 [3] 2'10 $memory$flatten\u_sm.\lut.$auto$proc_rom.cc:150:do_switch$593$rdmux[0][6][8]$a$4158 [0] }, B={ $memory$flatten\u_sm.\lut.$auto$proc_rom.cc:150:do_switch$593$rdmux[0][6][8]$b$4159 [1] $memory$flatten\u_sm.\lut.$auto$proc_rom.cc:150:do_switch$593$rdmux[0][6][8]$b$4159 [3] 1'1 $memory$flatten\u_sm.\lut.$auto$proc_rom.cc:150:do_switch$593$rdmux[0][6][8]$b$4159 [3] 1'0 $memory$flatten\u_sm.\lut.$auto$proc_rom.cc:150:do_switch$593$rdmux[0][6][8]$b$4159 [1] 1'1 }, Y={ $memory$flatten\u_sm.\lut.$auto$proc_rom.cc:150:do_switch$593$rdmux[0][5][4]$a$4050 [9] $memory$flatten\u_sm.\lut.$auto$proc_rom.cc:150:do_switch$593$rdmux[0][5][4]$a$4050 [5:0] }
      New connections: { $memory$flatten\u_sm.\lut.$auto$proc_rom.cc:150:do_switch$593$rdmux[0][5][4]$a$4050 [15:10] $memory$flatten\u_sm.\lut.$auto$proc_rom.cc:150:do_switch$593$rdmux[0][5][4]$a$4050 [8:6] } = { 2'00 $memory$flatten\u_sm.\lut.$auto$proc_rom.cc:150:do_switch$593$rdmux[0][5][4]$a$4050 [2] $memory$flatten\u_sm.\lut.$auto$proc_rom.cc:150:do_switch$593$rdmux[0][5][4]$a$4050 [4] $memory$flatten\u_sm.\lut.$auto$proc_rom.cc:150:do_switch$593$rdmux[0][5][4]$a$4050 [4] $memory$flatten\u_sm.\lut.$auto$proc_rom.cc:150:do_switch$593$rdmux[0][5][4]$a$4050 [4] 3'010 }
    Consolidated identical input bits for $mux cell $memory$flatten\u_sm.\lut.$auto$proc_rom.cc:150:do_switch$593$rdmux[0][6][7]$4154:
      Old ports: A=$memory$flatten\u_sm.\lut.$auto$proc_rom.cc:150:do_switch$593$rdmux[0][6][7]$a$4155, B=$memory$flatten\u_sm.\lut.$auto$proc_rom.cc:150:do_switch$593$rdmux[0][6][7]$b$4156, Y=$memory$flatten\u_sm.\lut.$auto$proc_rom.cc:150:do_switch$593$rdmux[0][5][3]$b$4048
      New ports: A={ $memory$flatten\u_sm.\lut.$auto$proc_rom.cc:150:do_switch$593$rdmux[0][6][7]$a$4155 [2] 1'0 $memory$flatten\u_sm.\lut.$auto$proc_rom.cc:150:do_switch$593$rdmux[0][6][7]$a$4155 [1] $memory$flatten\u_sm.\lut.$auto$proc_rom.cc:150:do_switch$593$rdmux[0][6][7]$a$4155 [2] 1'1 $memory$flatten\u_sm.\lut.$auto$proc_rom.cc:150:do_switch$593$rdmux[0][6][7]$a$4155 [2:1] 1'0 }, B={ 1'1 $memory$flatten\u_sm.\lut.$auto$proc_rom.cc:150:do_switch$593$rdmux[0][6][7]$b$4156 [1:0] $memory$flatten\u_sm.\lut.$auto$proc_rom.cc:150:do_switch$593$rdmux[0][6][7]$b$4156 [0] 2'00 $memory$flatten\u_sm.\lut.$auto$proc_rom.cc:150:do_switch$593$rdmux[0][6][7]$b$4156 [1:0] }, Y={ $memory$flatten\u_sm.\lut.$auto$proc_rom.cc:150:do_switch$593$rdmux[0][5][3]$b$4048 [10:9] $memory$flatten\u_sm.\lut.$auto$proc_rom.cc:150:do_switch$593$rdmux[0][5][3]$b$4048 [7] $memory$flatten\u_sm.\lut.$auto$proc_rom.cc:150:do_switch$593$rdmux[0][5][3]$b$4048 [5] $memory$flatten\u_sm.\lut.$auto$proc_rom.cc:150:do_switch$593$rdmux[0][5][3]$b$4048 [3:0] }
      New connections: { $memory$flatten\u_sm.\lut.$auto$proc_rom.cc:150:do_switch$593$rdmux[0][5][3]$b$4048 [15:11] $memory$flatten\u_sm.\lut.$auto$proc_rom.cc:150:do_switch$593$rdmux[0][5][3]$b$4048 [8] $memory$flatten\u_sm.\lut.$auto$proc_rom.cc:150:do_switch$593$rdmux[0][5][3]$b$4048 [6] $memory$flatten\u_sm.\lut.$auto$proc_rom.cc:150:do_switch$593$rdmux[0][5][3]$b$4048 [4] } = { 4'0010 $memory$flatten\u_sm.\lut.$auto$proc_rom.cc:150:do_switch$593$rdmux[0][5][3]$b$4048 [3] $memory$flatten\u_sm.\lut.$auto$proc_rom.cc:150:do_switch$593$rdmux[0][5][3]$b$4048 [1] 1'1 $memory$flatten\u_sm.\lut.$auto$proc_rom.cc:150:do_switch$593$rdmux[0][5][3]$b$4048 [2] }
    Consolidated identical input bits for $mux cell $memory$flatten\u_sm.\lut.$auto$proc_rom.cc:150:do_switch$593$rdmux[0][6][6]$4151:
      Old ports: A=$memory$flatten\u_sm.\lut.$auto$proc_rom.cc:150:do_switch$593$rdmux[0][6][6]$a$4152, B=$memory$flatten\u_sm.\lut.$auto$proc_rom.cc:150:do_switch$593$rdmux[0][6][6]$b$4153, Y=$memory$flatten\u_sm.\lut.$auto$proc_rom.cc:150:do_switch$593$rdmux[0][5][3]$a$4047
      New ports: A={ 1'1 $memory$flatten\u_sm.\lut.$auto$proc_rom.cc:150:do_switch$593$rdmux[0][6][6]$a$4152 [5] 1'1 $memory$flatten\u_sm.\lut.$auto$proc_rom.cc:150:do_switch$593$rdmux[0][6][6]$a$4152 [5] 1'0 $memory$flatten\u_sm.\lut.$auto$proc_rom.cc:150:do_switch$593$rdmux[0][6][6]$a$4152 [5] $memory$flatten\u_sm.\lut.$auto$proc_rom.cc:150:do_switch$593$rdmux[0][6][6]$a$4152 [1] $memory$flatten\u_sm.\lut.$auto$proc_rom.cc:150:do_switch$593$rdmux[0][6][6]$a$4152 [1] }, B={ $memory$flatten\u_sm.\lut.$auto$proc_rom.cc:150:do_switch$593$rdmux[0][6][6]$b$4153 [5] $memory$flatten\u_sm.\lut.$auto$proc_rom.cc:150:do_switch$593$rdmux[0][6][6]$b$4153 [1] $memory$flatten\u_sm.\lut.$auto$proc_rom.cc:150:do_switch$593$rdmux[0][6][6]$b$4153 [1] 2'01 $memory$flatten\u_sm.\lut.$auto$proc_rom.cc:150:do_switch$593$rdmux[0][6][6]$b$4153 [5] 1'0 $memory$flatten\u_sm.\lut.$auto$proc_rom.cc:150:do_switch$593$rdmux[0][6][6]$b$4153 [1] }, Y={ $memory$flatten\u_sm.\lut.$auto$proc_rom.cc:150:do_switch$593$rdmux[0][5][3]$a$4047 [12] $memory$flatten\u_sm.\lut.$auto$proc_rom.cc:150:do_switch$593$rdmux[0][5][3]$a$4047 [10] $memory$flatten\u_sm.\lut.$auto$proc_rom.cc:150:do_switch$593$rdmux[0][5][3]$a$4047 [8:5] $memory$flatten\u_sm.\lut.$auto$proc_rom.cc:150:do_switch$593$rdmux[0][5][3]$a$4047 [2:1] }
      New connections: { $memory$flatten\u_sm.\lut.$auto$proc_rom.cc:150:do_switch$593$rdmux[0][5][3]$a$4047 [15:13] $memory$flatten\u_sm.\lut.$auto$proc_rom.cc:150:do_switch$593$rdmux[0][5][3]$a$4047 [11] $memory$flatten\u_sm.\lut.$auto$proc_rom.cc:150:do_switch$593$rdmux[0][5][3]$a$4047 [9] $memory$flatten\u_sm.\lut.$auto$proc_rom.cc:150:do_switch$593$rdmux[0][5][3]$a$4047 [4:3] $memory$flatten\u_sm.\lut.$auto$proc_rom.cc:150:do_switch$593$rdmux[0][5][3]$a$4047 [0] } = { 3'001 $memory$flatten\u_sm.\lut.$auto$proc_rom.cc:150:do_switch$593$rdmux[0][5][3]$a$4047 [1] $memory$flatten\u_sm.\lut.$auto$proc_rom.cc:150:do_switch$593$rdmux[0][5][3]$a$4047 [6] $memory$flatten\u_sm.\lut.$auto$proc_rom.cc:150:do_switch$593$rdmux[0][5][3]$a$4047 [1] 2'11 }
    Consolidated identical input bits for $mux cell $memory$flatten\u_sm.\lut.$auto$proc_rom.cc:150:do_switch$593$rdmux[0][6][5]$4148:
      Old ports: A=$memory$flatten\u_sm.\lut.$auto$proc_rom.cc:150:do_switch$593$rdmux[0][6][5]$a$4149, B=$memory$flatten\u_sm.\lut.$auto$proc_rom.cc:150:do_switch$593$rdmux[0][6][5]$b$4150, Y=$memory$flatten\u_sm.\lut.$auto$proc_rom.cc:150:do_switch$593$rdmux[0][5][2]$b$4045
      New ports: A={ 2'10 $memory$flatten\u_sm.\lut.$auto$proc_rom.cc:150:do_switch$593$rdmux[0][6][5]$a$4149 [3] $memory$flatten\u_sm.\lut.$auto$proc_rom.cc:150:do_switch$593$rdmux[0][6][5]$a$4149 [3] 1'1 $memory$flatten\u_sm.\lut.$auto$proc_rom.cc:150:do_switch$593$rdmux[0][6][5]$a$4149 [0] $memory$flatten\u_sm.\lut.$auto$proc_rom.cc:150:do_switch$593$rdmux[0][6][5]$a$4149 [3] $memory$flatten\u_sm.\lut.$auto$proc_rom.cc:150:do_switch$593$rdmux[0][6][5]$a$4149 [3] $memory$flatten\u_sm.\lut.$auto$proc_rom.cc:150:do_switch$593$rdmux[0][6][5]$a$4149 [0] $memory$flatten\u_sm.\lut.$auto$proc_rom.cc:150:do_switch$593$rdmux[0][6][5]$a$4149 [0] $memory$flatten\u_sm.\lut.$auto$proc_rom.cc:150:do_switch$593$rdmux[0][6][5]$a$4149 [0] }, B={ $memory$flatten\u_sm.\lut.$auto$proc_rom.cc:150:do_switch$593$rdmux[0][6][5]$b$4150 [4] $memory$flatten\u_sm.\lut.$auto$proc_rom.cc:150:do_switch$593$rdmux[0][6][5]$b$4150 [2] $memory$flatten\u_sm.\lut.$auto$proc_rom.cc:150:do_switch$593$rdmux[0][6][5]$b$4150 [2] 1'0 $memory$flatten\u_sm.\lut.$auto$proc_rom.cc:150:do_switch$593$rdmux[0][6][5]$b$4150 [2] $memory$flatten\u_sm.\lut.$auto$proc_rom.cc:150:do_switch$593$rdmux[0][6][5]$b$4150 [4] $memory$flatten\u_sm.\lut.$auto$proc_rom.cc:150:do_switch$593$rdmux[0][6][5]$b$4150 [4] 1'1 $memory$flatten\u_sm.\lut.$auto$proc_rom.cc:150:do_switch$593$rdmux[0][6][5]$b$4150 [2] 2'10 }, Y={ $memory$flatten\u_sm.\lut.$auto$proc_rom.cc:150:do_switch$593$rdmux[0][5][2]$b$4045 [14] $memory$flatten\u_sm.\lut.$auto$proc_rom.cc:150:do_switch$593$rdmux[0][5][2]$b$4045 [12:11] $memory$flatten\u_sm.\lut.$auto$proc_rom.cc:150:do_switch$593$rdmux[0][5][2]$b$4045 [8] $memory$flatten\u_sm.\lut.$auto$proc_rom.cc:150:do_switch$593$rdmux[0][5][2]$b$4045 [6:0] }
      New connections: { $memory$flatten\u_sm.\lut.$auto$proc_rom.cc:150:do_switch$593$rdmux[0][5][2]$b$4045 [15] $memory$flatten\u_sm.\lut.$auto$proc_rom.cc:150:do_switch$593$rdmux[0][5][2]$b$4045 [13] $memory$flatten\u_sm.\lut.$auto$proc_rom.cc:150:do_switch$593$rdmux[0][5][2]$b$4045 [10:9] $memory$flatten\u_sm.\lut.$auto$proc_rom.cc:150:do_switch$593$rdmux[0][5][2]$b$4045 [7] } = { 1'0 $memory$flatten\u_sm.\lut.$auto$proc_rom.cc:150:do_switch$593$rdmux[0][5][2]$b$4045 [12] $memory$flatten\u_sm.\lut.$auto$proc_rom.cc:150:do_switch$593$rdmux[0][5][2]$b$4045 [2] 1'0 $memory$flatten\u_sm.\lut.$auto$proc_rom.cc:150:do_switch$593$rdmux[0][5][2]$b$4045 [1] }
    Consolidated identical input bits for $mux cell $memory$flatten\u_sm.\lut.$auto$proc_rom.cc:150:do_switch$593$rdmux[0][6][4]$4145:
      Old ports: A=$memory$flatten\u_sm.\lut.$auto$proc_rom.cc:150:do_switch$593$rdmux[0][6][4]$a$4146, B=$memory$flatten\u_sm.\lut.$auto$proc_rom.cc:150:do_switch$593$rdmux[0][6][4]$b$4147, Y=$memory$flatten\u_sm.\lut.$auto$proc_rom.cc:150:do_switch$593$rdmux[0][5][2]$a$4044
      New ports: A={ 1'1 $memory$flatten\u_sm.\lut.$auto$proc_rom.cc:150:do_switch$593$rdmux[0][6][4]$a$4146 [0] 1'0 $memory$flatten\u_sm.\lut.$auto$proc_rom.cc:150:do_switch$593$rdmux[0][6][4]$a$4146 [4] 1'1 $memory$flatten\u_sm.\lut.$auto$proc_rom.cc:150:do_switch$593$rdmux[0][6][4]$a$4146 [4] 1'1 $memory$flatten\u_sm.\lut.$auto$proc_rom.cc:150:do_switch$593$rdmux[0][6][4]$a$4146 [0] 1'0 $memory$flatten\u_sm.\lut.$auto$proc_rom.cc:150:do_switch$593$rdmux[0][6][4]$a$4146 [0] }, B={ $memory$flatten\u_sm.\lut.$auto$proc_rom.cc:150:do_switch$593$rdmux[0][6][4]$b$4147 [0] 1'1 $memory$flatten\u_sm.\lut.$auto$proc_rom.cc:150:do_switch$593$rdmux[0][6][4]$b$4147 [2] 3'001 $memory$flatten\u_sm.\lut.$auto$proc_rom.cc:150:do_switch$593$rdmux[0][6][4]$b$4147 [2] $memory$flatten\u_sm.\lut.$auto$proc_rom.cc:150:do_switch$593$rdmux[0][6][4]$b$4147 [2] $memory$flatten\u_sm.\lut.$auto$proc_rom.cc:150:do_switch$593$rdmux[0][6][4]$b$4147 [0] $memory$flatten\u_sm.\lut.$auto$proc_rom.cc:150:do_switch$593$rdmux[0][6][4]$b$4147 [0] }, Y={ $memory$flatten\u_sm.\lut.$auto$proc_rom.cc:150:do_switch$593$rdmux[0][5][2]$a$4044 [11] $memory$flatten\u_sm.\lut.$auto$proc_rom.cc:150:do_switch$593$rdmux[0][5][2]$a$4044 [9:8] $memory$flatten\u_sm.\lut.$auto$proc_rom.cc:150:do_switch$593$rdmux[0][5][2]$a$4044 [6:0] }
      New connections: { $memory$flatten\u_sm.\lut.$auto$proc_rom.cc:150:do_switch$593$rdmux[0][5][2]$a$4044 [15:12] $memory$flatten\u_sm.\lut.$auto$proc_rom.cc:150:do_switch$593$rdmux[0][5][2]$a$4044 [10] $memory$flatten\u_sm.\lut.$auto$proc_rom.cc:150:do_switch$593$rdmux[0][5][2]$a$4044 [7] } = { 3'010 $memory$flatten\u_sm.\lut.$auto$proc_rom.cc:150:do_switch$593$rdmux[0][5][2]$a$4044 [3] $memory$flatten\u_sm.\lut.$auto$proc_rom.cc:150:do_switch$593$rdmux[0][5][2]$a$4044 [0] 1'0 }
    Consolidated identical input bits for $mux cell $memory$flatten\u_sm.\lut.$auto$proc_rom.cc:150:do_switch$593$rdmux[0][6][3]$4142:
      Old ports: A=$memory$flatten\u_sm.\lut.$auto$proc_rom.cc:150:do_switch$593$rdmux[0][6][3]$a$4143, B=$memory$flatten\u_sm.\lut.$auto$proc_rom.cc:150:do_switch$593$rdmux[0][6][3]$b$4144, Y=$memory$flatten\u_sm.\lut.$auto$proc_rom.cc:150:do_switch$593$rdmux[0][5][1]$b$4042
      New ports: A={ 1'0 $memory$flatten\u_sm.\lut.$auto$proc_rom.cc:150:do_switch$593$rdmux[0][6][3]$a$4143 [4] $memory$flatten\u_sm.\lut.$auto$proc_rom.cc:150:do_switch$593$rdmux[0][6][3]$a$4143 [2] $memory$flatten\u_sm.\lut.$auto$proc_rom.cc:150:do_switch$593$rdmux[0][6][3]$a$4143 [4] 1'1 $memory$flatten\u_sm.\lut.$auto$proc_rom.cc:150:do_switch$593$rdmux[0][6][3]$a$4143 [2] 2'01 }, B={ $memory$flatten\u_sm.\lut.$auto$proc_rom.cc:150:do_switch$593$rdmux[0][6][3]$b$4144 [6] 1'0 $memory$flatten\u_sm.\lut.$auto$proc_rom.cc:150:do_switch$593$rdmux[0][6][3]$b$4144 [6] $memory$flatten\u_sm.\lut.$auto$proc_rom.cc:150:do_switch$593$rdmux[0][6][3]$b$4144 [0] 1'0 $memory$flatten\u_sm.\lut.$auto$proc_rom.cc:150:do_switch$593$rdmux[0][6][3]$b$4144 [0] $memory$flatten\u_sm.\lut.$auto$proc_rom.cc:150:do_switch$593$rdmux[0][6][3]$b$4144 [0] $memory$flatten\u_sm.\lut.$auto$proc_rom.cc:150:do_switch$593$rdmux[0][6][3]$b$4144 [0] }, Y={ $memory$flatten\u_sm.\lut.$auto$proc_rom.cc:150:do_switch$593$rdmux[0][5][1]$b$4042 [10] $memory$flatten\u_sm.\lut.$auto$proc_rom.cc:150:do_switch$593$rdmux[0][5][1]$b$4042 [8] $memory$flatten\u_sm.\lut.$auto$proc_rom.cc:150:do_switch$593$rdmux[0][5][1]$b$4042 [6] $memory$flatten\u_sm.\lut.$auto$proc_rom.cc:150:do_switch$593$rdmux[0][5][1]$b$4042 [4:0] }
      New connections: { $memory$flatten\u_sm.\lut.$auto$proc_rom.cc:150:do_switch$593$rdmux[0][5][1]$b$4042 [15:11] $memory$flatten\u_sm.\lut.$auto$proc_rom.cc:150:do_switch$593$rdmux[0][5][1]$b$4042 [9] $memory$flatten\u_sm.\lut.$auto$proc_rom.cc:150:do_switch$593$rdmux[0][5][1]$b$4042 [7] $memory$flatten\u_sm.\lut.$auto$proc_rom.cc:150:do_switch$593$rdmux[0][5][1]$b$4042 [5] } = { 3'011 $memory$flatten\u_sm.\lut.$auto$proc_rom.cc:150:do_switch$593$rdmux[0][5][1]$b$4042 [3:0] $memory$flatten\u_sm.\lut.$auto$proc_rom.cc:150:do_switch$593$rdmux[0][5][1]$b$4042 [2] }
    Consolidated identical input bits for $mux cell $memory$flatten\u_sm.\lut.$auto$proc_rom.cc:150:do_switch$593$rdmux[0][6][2]$4139:
      Old ports: A=$memory$flatten\u_sm.\lut.$auto$proc_rom.cc:150:do_switch$593$rdmux[0][6][2]$a$4140, B=$memory$flatten\u_sm.\lut.$auto$proc_rom.cc:150:do_switch$593$rdmux[0][6][2]$b$4141, Y=$memory$flatten\u_sm.\lut.$auto$proc_rom.cc:150:do_switch$593$rdmux[0][5][1]$a$4041
      New ports: A={ $memory$flatten\u_sm.\lut.$auto$proc_rom.cc:150:do_switch$593$rdmux[0][6][2]$a$4140 [9] $memory$flatten\u_sm.\lut.$auto$proc_rom.cc:150:do_switch$593$rdmux[0][6][2]$a$4140 [9] 2'10 $memory$flatten\u_sm.\lut.$auto$proc_rom.cc:150:do_switch$593$rdmux[0][6][2]$a$4140 [3] 3'101 }, B={ $memory$flatten\u_sm.\lut.$auto$proc_rom.cc:150:do_switch$593$rdmux[0][6][2]$b$4141 [1] 2'00 $memory$flatten\u_sm.\lut.$auto$proc_rom.cc:150:do_switch$593$rdmux[0][6][2]$b$4141 [0] $memory$flatten\u_sm.\lut.$auto$proc_rom.cc:150:do_switch$593$rdmux[0][6][2]$b$4141 [0] $memory$flatten\u_sm.\lut.$auto$proc_rom.cc:150:do_switch$593$rdmux[0][6][2]$b$4141 [1] $memory$flatten\u_sm.\lut.$auto$proc_rom.cc:150:do_switch$593$rdmux[0][6][2]$b$4141 [1:0] }, Y={ $memory$flatten\u_sm.\lut.$auto$proc_rom.cc:150:do_switch$593$rdmux[0][5][1]$a$4041 [11] $memory$flatten\u_sm.\lut.$auto$proc_rom.cc:150:do_switch$593$rdmux[0][5][1]$a$4041 [9] $memory$flatten\u_sm.\lut.$auto$proc_rom.cc:150:do_switch$593$rdmux[0][5][1]$a$4041 [6:5] $memory$flatten\u_sm.\lut.$auto$proc_rom.cc:150:do_switch$593$rdmux[0][5][1]$a$4041 [3:0] }
      New connections: { $memory$flatten\u_sm.\lut.$auto$proc_rom.cc:150:do_switch$593$rdmux[0][5][1]$a$4041 [15:12] $memory$flatten\u_sm.\lut.$auto$proc_rom.cc:150:do_switch$593$rdmux[0][5][1]$a$4041 [10] $memory$flatten\u_sm.\lut.$auto$proc_rom.cc:150:do_switch$593$rdmux[0][5][1]$a$4041 [8:7] $memory$flatten\u_sm.\lut.$auto$proc_rom.cc:150:do_switch$593$rdmux[0][5][1]$a$4041 [4] } = { 3'100 $memory$flatten\u_sm.\lut.$auto$proc_rom.cc:150:do_switch$593$rdmux[0][5][1]$a$4041 [6] 1'0 $memory$flatten\u_sm.\lut.$auto$proc_rom.cc:150:do_switch$593$rdmux[0][5][1]$a$4041 [2] $memory$flatten\u_sm.\lut.$auto$proc_rom.cc:150:do_switch$593$rdmux[0][5][1]$a$4041 [3] $memory$flatten\u_sm.\lut.$auto$proc_rom.cc:150:do_switch$593$rdmux[0][5][1]$a$4041 [3] }
    Consolidated identical input bits for $mux cell $memory$flatten\u_sm.\lut.$auto$proc_rom.cc:150:do_switch$593$rdmux[0][6][1]$4136:
      Old ports: A=$memory$flatten\u_sm.\lut.$auto$proc_rom.cc:150:do_switch$593$rdmux[0][6][1]$a$4137, B=$memory$flatten\u_sm.\lut.$auto$proc_rom.cc:150:do_switch$593$rdmux[0][6][1]$b$4138, Y=$memory$flatten\u_sm.\lut.$auto$proc_rom.cc:150:do_switch$593$rdmux[0][5][0]$b$4039
      New ports: A={ $memory$flatten\u_sm.\lut.$auto$proc_rom.cc:150:do_switch$593$rdmux[0][6][1]$a$4137 [11] $memory$flatten\u_sm.\lut.$auto$proc_rom.cc:150:do_switch$593$rdmux[0][6][1]$a$4137 [11] $memory$flatten\u_sm.\lut.$auto$proc_rom.cc:150:do_switch$593$rdmux[0][6][1]$a$4137 [11] $memory$flatten\u_sm.\lut.$auto$proc_rom.cc:150:do_switch$593$rdmux[0][6][1]$a$4137 [0] 1'0 $memory$flatten\u_sm.\lut.$auto$proc_rom.cc:150:do_switch$593$rdmux[0][6][1]$a$4137 [0] 1'1 $memory$flatten\u_sm.\lut.$auto$proc_rom.cc:150:do_switch$593$rdmux[0][6][1]$a$4137 [0] 1'1 $memory$flatten\u_sm.\lut.$auto$proc_rom.cc:150:do_switch$593$rdmux[0][6][1]$a$4137 [0] }, B={ 2'10 $memory$flatten\u_sm.\lut.$auto$proc_rom.cc:150:do_switch$593$rdmux[0][6][1]$b$4138 [1] 1'1 $memory$flatten\u_sm.\lut.$auto$proc_rom.cc:150:do_switch$593$rdmux[0][6][1]$b$4138 [1] $memory$flatten\u_sm.\lut.$auto$proc_rom.cc:150:do_switch$593$rdmux[0][6][1]$b$4138 [1:0] 1'0 $memory$flatten\u_sm.\lut.$auto$proc_rom.cc:150:do_switch$593$rdmux[0][6][1]$b$4138 [1:0] }, Y={ $memory$flatten\u_sm.\lut.$auto$proc_rom.cc:150:do_switch$593$rdmux[0][5][0]$b$4039 [13:10] $memory$flatten\u_sm.\lut.$auto$proc_rom.cc:150:do_switch$593$rdmux[0][5][0]$b$4039 [5:0] }
      New connections: { $memory$flatten\u_sm.\lut.$auto$proc_rom.cc:150:do_switch$593$rdmux[0][5][0]$b$4039 [15:14] $memory$flatten\u_sm.\lut.$auto$proc_rom.cc:150:do_switch$593$rdmux[0][5][0]$b$4039 [9:6] } = { 1'1 $memory$flatten\u_sm.\lut.$auto$proc_rom.cc:150:do_switch$593$rdmux[0][5][0]$b$4039 [2:1] 1'1 $memory$flatten\u_sm.\lut.$auto$proc_rom.cc:150:do_switch$593$rdmux[0][5][0]$b$4039 [5] 1'1 }
    Consolidated identical input bits for $mux cell $memory$flatten\u_sm.\lut.$auto$proc_rom.cc:150:do_switch$593$rdmux[0][6][0]$4133:
      Old ports: A=$memory$flatten\u_sm.\lut.$auto$proc_rom.cc:150:do_switch$593$rdmux[0][6][0]$a$4134, B=$memory$flatten\u_sm.\lut.$auto$proc_rom.cc:150:do_switch$593$rdmux[0][6][0]$b$4135, Y=$memory$flatten\u_sm.\lut.$auto$proc_rom.cc:150:do_switch$593$rdmux[0][5][0]$a$4038
      New ports: A={ $memory$flatten\u_sm.\lut.$auto$proc_rom.cc:150:do_switch$593$rdmux[0][6][0]$a$4134 [0] $memory$flatten\u_sm.\lut.$auto$proc_rom.cc:150:do_switch$593$rdmux[0][6][0]$a$4134 [0] 3'111 $memory$flatten\u_sm.\lut.$auto$proc_rom.cc:150:do_switch$593$rdmux[0][6][0]$a$4134 [0] $memory$flatten\u_sm.\lut.$auto$proc_rom.cc:150:do_switch$593$rdmux[0][6][0]$a$4134 [0] }, B={ $memory$flatten\u_sm.\lut.$auto$proc_rom.cc:150:do_switch$593$rdmux[0][6][0]$b$4135 [4] $memory$flatten\u_sm.\lut.$auto$proc_rom.cc:150:do_switch$593$rdmux[0][6][0]$b$4135 [6] $memory$flatten\u_sm.\lut.$auto$proc_rom.cc:150:do_switch$593$rdmux[0][6][0]$b$4135 [6] $memory$flatten\u_sm.\lut.$auto$proc_rom.cc:150:do_switch$593$rdmux[0][6][0]$b$4135 [4] 3'010 }, Y={ $memory$flatten\u_sm.\lut.$auto$proc_rom.cc:150:do_switch$593$rdmux[0][5][0]$a$4038 [10] $memory$flatten\u_sm.\lut.$auto$proc_rom.cc:150:do_switch$593$rdmux[0][5][0]$a$4038 [7:6] $memory$flatten\u_sm.\lut.$auto$proc_rom.cc:150:do_switch$593$rdmux[0][5][0]$a$4038 [4] $memory$flatten\u_sm.\lut.$auto$proc_rom.cc:150:do_switch$593$rdmux[0][5][0]$a$4038 [2:0] }
      New connections: { $memory$flatten\u_sm.\lut.$auto$proc_rom.cc:150:do_switch$593$rdmux[0][5][0]$a$4038 [15:11] $memory$flatten\u_sm.\lut.$auto$proc_rom.cc:150:do_switch$593$rdmux[0][5][0]$a$4038 [9:8] $memory$flatten\u_sm.\lut.$auto$proc_rom.cc:150:do_switch$593$rdmux[0][5][0]$a$4038 [5] $memory$flatten\u_sm.\lut.$auto$proc_rom.cc:150:do_switch$593$rdmux[0][5][0]$a$4038 [3] } = { 2'11 $memory$flatten\u_sm.\lut.$auto$proc_rom.cc:150:do_switch$593$rdmux[0][5][0]$a$4038 [6] $memory$flatten\u_sm.\lut.$auto$proc_rom.cc:150:do_switch$593$rdmux[0][5][0]$a$4038 [4] $memory$flatten\u_sm.\lut.$auto$proc_rom.cc:150:do_switch$593$rdmux[0][5][0]$a$4038 [0] $memory$flatten\u_sm.\lut.$auto$proc_rom.cc:150:do_switch$593$rdmux[0][5][0]$a$4038 [0] $memory$flatten\u_sm.\lut.$auto$proc_rom.cc:150:do_switch$593$rdmux[0][5][0]$a$4038 [7] 2'11 }
    Consolidated identical input bits for $mux cell $memory$flatten\u_sm.\lut.$auto$proc_rom.cc:150:do_switch$593$rdmux[0][5][19]$4094:
      Old ports: A=$memory$flatten\u_sm.\lut.$auto$proc_rom.cc:150:do_switch$593$rdmux[0][5][19]$a$4095, B=$memory$flatten\u_sm.\lut.$auto$proc_rom.cc:150:do_switch$593$rdmux[0][5][19]$b$4096, Y=$memory$flatten\u_sm.\lut.$auto$proc_rom.cc:150:do_switch$593$rdmux[0][4][9]$b$4018
      New ports: A={ 2'10 $memory$flatten\u_sm.\lut.$auto$proc_rom.cc:150:do_switch$593$rdmux[0][5][19]$a$4095 [0] }, B={ $memory$flatten\u_sm.\lut.$auto$proc_rom.cc:150:do_switch$593$rdmux[0][5][19]$b$4096 [2] $memory$flatten\u_sm.\lut.$auto$proc_rom.cc:150:do_switch$593$rdmux[0][5][19]$b$4096 [0] $memory$flatten\u_sm.\lut.$auto$proc_rom.cc:150:do_switch$593$rdmux[0][5][19]$b$4096 [0] }, Y=$memory$flatten\u_sm.\lut.$auto$proc_rom.cc:150:do_switch$593$rdmux[0][4][9]$b$4018 [2:0]
      New connections: $memory$flatten\u_sm.\lut.$auto$proc_rom.cc:150:do_switch$593$rdmux[0][4][9]$b$4018 [15:3] = 13'0000000000000
    Consolidated identical input bits for $mux cell $ternary$rtl/ga2.v:40$462:
      Old ports: A=$ternary$rtl/ga2.v:40$461_Y, B={ \u_va.r [7] \u_va.r [7] \u_va.r [7] \u_va.r [7] \u_va.r [7] \u_va.r [7] \u_va.r [7] \u_va.r [7] \u_va.r [7] \u_va.r [7] \u_va.r [7] \u_va.r [7] \u_va.r [7] \u_va.r [7] \u_va.r [7] \u_va.r [7] \u_va.r [7] \u_va.r [7] \u_va.r [7] \u_va.r [7] \u_va.r [7] \u_va.r [7] \u_va.r [7] \u_va.r [7] \u_va.r }, Y=$ternary$rtl/ga2.v:40$462_Y
      New ports: A=$ternary$rtl/ga2.v:40$461_Y [12:0], B={ \u_va.r [7] \u_va.r [7] \u_va.r [7] \u_va.r [7] \u_va.r [7] \u_va.r }, Y=$ternary$rtl/ga2.v:40$462_Y [12:0]
      New connections: $ternary$rtl/ga2.v:40$462_Y [31:13] = { $ternary$rtl/ga2.v:40$462_Y [12] $ternary$rtl/ga2.v:40$462_Y [12] $ternary$rtl/ga2.v:40$462_Y [12] $ternary$rtl/ga2.v:40$462_Y [12] $ternary$rtl/ga2.v:40$462_Y [12] $ternary$rtl/ga2.v:40$462_Y [12] $ternary$rtl/ga2.v:40$462_Y [12] $ternary$rtl/ga2.v:40$462_Y [12] $ternary$rtl/ga2.v:40$462_Y [12] $ternary$rtl/ga2.v:40$462_Y [12] $ternary$rtl/ga2.v:40$462_Y [12] $ternary$rtl/ga2.v:40$462_Y [12] $ternary$rtl/ga2.v:40$462_Y [12] $ternary$rtl/ga2.v:40$462_Y [12] $ternary$rtl/ga2.v:40$462_Y [12] $ternary$rtl/ga2.v:40$462_Y [12] $ternary$rtl/ga2.v:40$462_Y [12] $ternary$rtl/ga2.v:40$462_Y [12] $ternary$rtl/ga2.v:40$462_Y [12] }
  Optimizing cells in module \ga2.
    Consolidated identical input bits for $mux cell $memory$flatten\u_sm.\lut.$auto$proc_rom.cc:150:do_switch$593$rdmux[0][5][23]$4106:
      Old ports: A=16'0000000000000001, B=$memory$flatten\u_sm.\lut.$auto$proc_rom.cc:150:do_switch$593$rdmux[0][5][23]$b$4108, Y=$memory$flatten\u_sm.\lut.$auto$proc_rom.cc:150:do_switch$593$rdmux[0][4][11]$b$4024
      New ports: A=1'1, B=$memory$flatten\u_sm.\lut.$auto$proc_rom.cc:150:do_switch$593$rdmux[0][5][23]$b$4108 [0], Y=$memory$flatten\u_sm.\lut.$auto$proc_rom.cc:150:do_switch$593$rdmux[0][4][11]$b$4024 [0]
      New connections: $memory$flatten\u_sm.\lut.$auto$proc_rom.cc:150:do_switch$593$rdmux[0][4][11]$b$4024 [15:1] = 15'000000000000000
    Consolidated identical input bits for $mux cell $memory$flatten\u_sm.\lut.$auto$proc_rom.cc:150:do_switch$593$rdmux[0][5][21]$4100:
      Old ports: A=$memory$flatten\u_sm.\lut.$auto$proc_rom.cc:150:do_switch$593$rdmux[0][5][21]$a$4101, B=16'0000000000000001, Y=$memory$flatten\u_sm.\lut.$auto$proc_rom.cc:150:do_switch$593$rdmux[0][4][10]$b$4021
      New ports: A=$memory$flatten\u_sm.\lut.$auto$proc_rom.cc:150:do_switch$593$rdmux[0][5][21]$a$4101 [1:0], B=2'01, Y=$memory$flatten\u_sm.\lut.$auto$proc_rom.cc:150:do_switch$593$rdmux[0][4][10]$b$4021 [1:0]
      New connections: $memory$flatten\u_sm.\lut.$auto$proc_rom.cc:150:do_switch$593$rdmux[0][4][10]$b$4021 [15:2] = 14'00000000000000
    Consolidated identical input bits for $mux cell $memory$flatten\u_sm.\lut.$auto$proc_rom.cc:150:do_switch$593$rdmux[0][5][20]$4097:
      Old ports: A=$memory$flatten\u_sm.\lut.$auto$proc_rom.cc:150:do_switch$593$rdmux[0][5][20]$a$4098, B=16'0000000000000010, Y=$memory$flatten\u_sm.\lut.$auto$proc_rom.cc:150:do_switch$593$rdmux[0][4][10]$a$4020
      New ports: A=$memory$flatten\u_sm.\lut.$auto$proc_rom.cc:150:do_switch$593$rdmux[0][5][20]$a$4098 [0], B=1'0, Y=$memory$flatten\u_sm.\lut.$auto$proc_rom.cc:150:do_switch$593$rdmux[0][4][10]$a$4020 [0]
      New connections: $memory$flatten\u_sm.\lut.$auto$proc_rom.cc:150:do_switch$593$rdmux[0][4][10]$a$4020 [15:1] = 15'000000000000001
    Consolidated identical input bits for $mux cell $memory$flatten\u_sm.\lut.$auto$proc_rom.cc:150:do_switch$593$rdmux[0][5][18]$4091:
      Old ports: A=$memory$flatten\u_sm.\lut.$auto$proc_rom.cc:150:do_switch$593$rdmux[0][5][18]$a$4092, B=$memory$flatten\u_sm.\lut.$auto$proc_rom.cc:150:do_switch$593$rdmux[0][5][18]$b$4093, Y=$memory$flatten\u_sm.\lut.$auto$proc_rom.cc:150:do_switch$593$rdmux[0][4][9]$a$4017
      New ports: A={ $memory$flatten\u_sm.\lut.$auto$proc_rom.cc:150:do_switch$593$rdmux[0][5][18]$a$4092 [3] $memory$flatten\u_sm.\lut.$auto$proc_rom.cc:150:do_switch$593$rdmux[0][5][18]$a$4092 [0] $memory$flatten\u_sm.\lut.$auto$proc_rom.cc:150:do_switch$593$rdmux[0][5][18]$a$4092 [0] $memory$flatten\u_sm.\lut.$auto$proc_rom.cc:150:do_switch$593$rdmux[0][5][18]$a$4092 [0] }, B={ 2'01 $memory$flatten\u_sm.\lut.$auto$proc_rom.cc:150:do_switch$593$rdmux[0][5][18]$b$4093 [1:0] }, Y=$memory$flatten\u_sm.\lut.$auto$proc_rom.cc:150:do_switch$593$rdmux[0][4][9]$a$4017 [3:0]
      New connections: $memory$flatten\u_sm.\lut.$auto$proc_rom.cc:150:do_switch$593$rdmux[0][4][9]$a$4017 [15:4] = 12'000000000000
    Consolidated identical input bits for $mux cell $memory$flatten\u_sm.\lut.$auto$proc_rom.cc:150:do_switch$593$rdmux[0][5][17]$4088:
      Old ports: A=$memory$flatten\u_sm.\lut.$auto$proc_rom.cc:150:do_switch$593$rdmux[0][5][17]$a$4089, B=$memory$flatten\u_sm.\lut.$auto$proc_rom.cc:150:do_switch$593$rdmux[0][5][17]$b$4090, Y=$memory$flatten\u_sm.\lut.$auto$proc_rom.cc:150:do_switch$593$rdmux[0][4][8]$b$4015
      New ports: A=$memory$flatten\u_sm.\lut.$auto$proc_rom.cc:150:do_switch$593$rdmux[0][5][17]$a$4089 [2:0], B={ 1'0 $memory$flatten\u_sm.\lut.$auto$proc_rom.cc:150:do_switch$593$rdmux[0][5][17]$b$4090 [1:0] }, Y=$memory$flatten\u_sm.\lut.$auto$proc_rom.cc:150:do_switch$593$rdmux[0][4][8]$b$4015 [2:0]
      New connections: $memory$flatten\u_sm.\lut.$auto$proc_rom.cc:150:do_switch$593$rdmux[0][4][8]$b$4015 [15:3] = 13'0000000000001
    Consolidated identical input bits for $mux cell $memory$flatten\u_sm.\lut.$auto$proc_rom.cc:150:do_switch$593$rdmux[0][5][16]$4085:
      Old ports: A=$memory$flatten\u_sm.\lut.$auto$proc_rom.cc:150:do_switch$593$rdmux[0][5][16]$a$4086, B=$memory$flatten\u_sm.\lut.$auto$proc_rom.cc:150:do_switch$593$rdmux[0][5][16]$b$4087, Y=$memory$flatten\u_sm.\lut.$auto$proc_rom.cc:150:do_switch$593$rdmux[0][4][8]$a$4014
      New ports: A={ 2'10 $memory$flatten\u_sm.\lut.$auto$proc_rom.cc:150:do_switch$593$rdmux[0][5][16]$a$4086 [2:0] }, B={ $memory$flatten\u_sm.\lut.$auto$proc_rom.cc:150:do_switch$593$rdmux[0][5][16]$b$4087 [4] $memory$flatten\u_sm.\lut.$auto$proc_rom.cc:150:do_switch$593$rdmux[0][5][16]$b$4087 [1] $memory$flatten\u_sm.\lut.$auto$proc_rom.cc:150:do_switch$593$rdmux[0][5][16]$b$4087 [1] $memory$flatten\u_sm.\lut.$auto$proc_rom.cc:150:do_switch$593$rdmux[0][5][16]$b$4087 [1:0] }, Y=$memory$flatten\u_sm.\lut.$auto$proc_rom.cc:150:do_switch$593$rdmux[0][4][8]$a$4014 [4:0]
      New connections: $memory$flatten\u_sm.\lut.$auto$proc_rom.cc:150:do_switch$593$rdmux[0][4][8]$a$4014 [15:5] = 11'00000000000
    Consolidated identical input bits for $mux cell $memory$flatten\u_sm.\lut.$auto$proc_rom.cc:150:do_switch$593$rdmux[0][5][15]$4082:
      Old ports: A=$memory$flatten\u_sm.\lut.$auto$proc_rom.cc:150:do_switch$593$rdmux[0][5][15]$a$4083, B=$memory$flatten\u_sm.\lut.$auto$proc_rom.cc:150:do_switch$593$rdmux[0][5][15]$b$4084, Y=$memory$flatten\u_sm.\lut.$auto$proc_rom.cc:150:do_switch$593$rdmux[0][4][7]$b$4012
      New ports: A={ $memory$flatten\u_sm.\lut.$auto$proc_rom.cc:150:do_switch$593$rdmux[0][5][15]$a$4083 [5] $memory$flatten\u_sm.\lut.$auto$proc_rom.cc:150:do_switch$593$rdmux[0][5][15]$a$4083 [3] $memory$flatten\u_sm.\lut.$auto$proc_rom.cc:150:do_switch$593$rdmux[0][5][15]$a$4083 [3:1] 1'0 }, B={ 2'01 $memory$flatten\u_sm.\lut.$auto$proc_rom.cc:150:do_switch$593$rdmux[0][5][15]$b$4084 [3:0] }, Y=$memory$flatten\u_sm.\lut.$auto$proc_rom.cc:150:do_switch$593$rdmux[0][4][7]$b$4012 [5:0]
      New connections: $memory$flatten\u_sm.\lut.$auto$proc_rom.cc:150:do_switch$593$rdmux[0][4][7]$b$4012 [15:6] = 10'0000000000
    Consolidated identical input bits for $mux cell $memory$flatten\u_sm.\lut.$auto$proc_rom.cc:150:do_switch$593$rdmux[0][5][14]$4079:
      Old ports: A=$memory$flatten\u_sm.\lut.$auto$proc_rom.cc:150:do_switch$593$rdmux[0][5][14]$a$4080, B=$memory$flatten\u_sm.\lut.$auto$proc_rom.cc:150:do_switch$593$rdmux[0][5][14]$b$4081, Y=$memory$flatten\u_sm.\lut.$auto$proc_rom.cc:150:do_switch$593$rdmux[0][4][7]$a$4011
      New ports: A={ 1'1 $memory$flatten\u_sm.\lut.$auto$proc_rom.cc:150:do_switch$593$rdmux[0][5][14]$a$4080 [3:0] }, B={ 1'0 $memory$flatten\u_sm.\lut.$auto$proc_rom.cc:150:do_switch$593$rdmux[0][5][14]$b$4081 [3:0] }, Y=$memory$flatten\u_sm.\lut.$auto$proc_rom.cc:150:do_switch$593$rdmux[0][4][7]$a$4011 [4:0]
      New connections: $memory$flatten\u_sm.\lut.$auto$proc_rom.cc:150:do_switch$593$rdmux[0][4][7]$a$4011 [15:5] = 11'00000000001
    Consolidated identical input bits for $mux cell $memory$flatten\u_sm.\lut.$auto$proc_rom.cc:150:do_switch$593$rdmux[0][5][13]$4076:
      Old ports: A=$memory$flatten\u_sm.\lut.$auto$proc_rom.cc:150:do_switch$593$rdmux[0][5][13]$a$4077, B=$memory$flatten\u_sm.\lut.$auto$proc_rom.cc:150:do_switch$593$rdmux[0][5][13]$b$4078, Y=$memory$flatten\u_sm.\lut.$auto$proc_rom.cc:150:do_switch$593$rdmux[0][4][6]$b$4009
      New ports: A=$memory$flatten\u_sm.\lut.$auto$proc_rom.cc:150:do_switch$593$rdmux[0][5][13]$a$4077 [5:0], B={ 2'00 $memory$flatten\u_sm.\lut.$auto$proc_rom.cc:150:do_switch$593$rdmux[0][5][13]$b$4078 [3:2] 1'0 $memory$flatten\u_sm.\lut.$auto$proc_rom.cc:150:do_switch$593$rdmux[0][5][13]$b$4078 [0] }, Y=$memory$flatten\u_sm.\lut.$auto$proc_rom.cc:150:do_switch$593$rdmux[0][4][6]$b$4009 [5:0]
      New connections: $memory$flatten\u_sm.\lut.$auto$proc_rom.cc:150:do_switch$593$rdmux[0][4][6]$b$4009 [15:6] = 10'0000000001
    Consolidated identical input bits for $mux cell $memory$flatten\u_sm.\lut.$auto$proc_rom.cc:150:do_switch$593$rdmux[0][5][12]$4073:
      Old ports: A=$memory$flatten\u_sm.\lut.$auto$proc_rom.cc:150:do_switch$593$rdmux[0][5][12]$a$4074, B=$memory$flatten\u_sm.\lut.$auto$proc_rom.cc:150:do_switch$593$rdmux[0][5][12]$b$4075, Y=$memory$flatten\u_sm.\lut.$auto$proc_rom.cc:150:do_switch$593$rdmux[0][4][6]$a$4008
      New ports: A={ 2'10 $memory$flatten\u_sm.\lut.$auto$proc_rom.cc:150:do_switch$593$rdmux[0][5][12]$a$4074 [5:0] }, B={ 3'011 $memory$flatten\u_sm.\lut.$auto$proc_rom.cc:150:do_switch$593$rdmux[0][5][12]$b$4075 [4:3] $memory$flatten\u_sm.\lut.$auto$proc_rom.cc:150:do_switch$593$rdmux[0][5][12]$b$4075 [1] $memory$flatten\u_sm.\lut.$auto$proc_rom.cc:150:do_switch$593$rdmux[0][5][12]$b$4075 [1:0] }, Y=$memory$flatten\u_sm.\lut.$auto$proc_rom.cc:150:do_switch$593$rdmux[0][4][6]$a$4008 [7:0]
      New connections: $memory$flatten\u_sm.\lut.$auto$proc_rom.cc:150:do_switch$593$rdmux[0][4][6]$a$4008 [15:8] = 8'00000000
    Consolidated identical input bits for $mux cell $memory$flatten\u_sm.\lut.$auto$proc_rom.cc:150:do_switch$593$rdmux[0][5][11]$4070:
      Old ports: A=$memory$flatten\u_sm.\lut.$auto$proc_rom.cc:150:do_switch$593$rdmux[0][5][11]$a$4071, B=$memory$flatten\u_sm.\lut.$auto$proc_rom.cc:150:do_switch$593$rdmux[0][5][11]$b$4072, Y=$memory$flatten\u_sm.\lut.$auto$proc_rom.cc:150:do_switch$593$rdmux[0][4][5]$b$4006
      New ports: A={ $memory$flatten\u_sm.\lut.$auto$proc_rom.cc:150:do_switch$593$rdmux[0][5][11]$a$4071 [8] $memory$flatten\u_sm.\lut.$auto$proc_rom.cc:150:do_switch$593$rdmux[0][5][11]$a$4071 [6] $memory$flatten\u_sm.\lut.$auto$proc_rom.cc:150:do_switch$593$rdmux[0][5][11]$a$4071 [6:4] 2'11 $memory$flatten\u_sm.\lut.$auto$proc_rom.cc:150:do_switch$593$rdmux[0][5][11]$a$4071 [1] 1'0 }, B={ 2'01 $memory$flatten\u_sm.\lut.$auto$proc_rom.cc:150:do_switch$593$rdmux[0][5][11]$b$4072 [6] $memory$flatten\u_sm.\lut.$auto$proc_rom.cc:150:do_switch$593$rdmux[0][5][11]$b$4072 [3] $memory$flatten\u_sm.\lut.$auto$proc_rom.cc:150:do_switch$593$rdmux[0][5][11]$b$4072 [4:2] 1'0 $memory$flatten\u_sm.\lut.$auto$proc_rom.cc:150:do_switch$593$rdmux[0][5][11]$b$4072 [0] }, Y=$memory$flatten\u_sm.\lut.$auto$proc_rom.cc:150:do_switch$593$rdmux[0][4][5]$b$4006 [8:0]
      New connections: $memory$flatten\u_sm.\lut.$auto$proc_rom.cc:150:do_switch$593$rdmux[0][4][5]$b$4006 [15:9] = 7'0000000
    Consolidated identical input bits for $mux cell $memory$flatten\u_sm.\lut.$auto$proc_rom.cc:150:do_switch$593$rdmux[0][5][10]$4067:
      Old ports: A=$memory$flatten\u_sm.\lut.$auto$proc_rom.cc:150:do_switch$593$rdmux[0][5][10]$a$4068, B=$memory$flatten\u_sm.\lut.$auto$proc_rom.cc:150:do_switch$593$rdmux[0][5][10]$b$4069, Y=$memory$flatten\u_sm.\lut.$auto$proc_rom.cc:150:do_switch$593$rdmux[0][4][5]$a$4005
      New ports: A={ $memory$flatten\u_sm.\lut.$auto$proc_rom.cc:150:do_switch$593$rdmux[0][5][10]$a$4068 [7:2] 1'1 $memory$flatten\u_sm.\lut.$auto$proc_rom.cc:150:do_switch$593$rdmux[0][5][10]$a$4068 [0] }, B={ 1'0 $memory$flatten\u_sm.\lut.$auto$proc_rom.cc:150:do_switch$593$rdmux[0][5][10]$b$4069 [6:0] }, Y=$memory$flatten\u_sm.\lut.$auto$proc_rom.cc:150:do_switch$593$rdmux[0][4][5]$a$4005 [7:0]
      New connections: $memory$flatten\u_sm.\lut.$auto$proc_rom.cc:150:do_switch$593$rdmux[0][4][5]$a$4005 [15:8] = 8'00000001
    Consolidated identical input bits for $mux cell $memory$flatten\u_sm.\lut.$auto$proc_rom.cc:150:do_switch$593$rdmux[0][5][9]$4064:
      Old ports: A=$memory$flatten\u_sm.\lut.$auto$proc_rom.cc:150:do_switch$593$rdmux[0][5][9]$a$4065, B=$memory$flatten\u_sm.\lut.$auto$proc_rom.cc:150:do_switch$593$rdmux[0][5][9]$b$4066, Y=$memory$flatten\u_sm.\lut.$auto$proc_rom.cc:150:do_switch$593$rdmux[0][4][4]$b$4003
      New ports: A={ 2'10 $memory$flatten\u_sm.\lut.$auto$proc_rom.cc:150:do_switch$593$rdmux[0][5][9]$a$4065 [7] $memory$flatten\u_sm.\lut.$auto$proc_rom.cc:150:do_switch$593$rdmux[0][5][9]$a$4065 [4] $memory$flatten\u_sm.\lut.$auto$proc_rom.cc:150:do_switch$593$rdmux[0][5][9]$a$4065 [5:1] 1'0 }, B={ $memory$flatten\u_sm.\lut.$auto$proc_rom.cc:150:do_switch$593$rdmux[0][5][9]$b$4066 [0] $memory$flatten\u_sm.\lut.$auto$proc_rom.cc:150:do_switch$593$rdmux[0][5][9]$b$4066 [6] $memory$flatten\u_sm.\lut.$auto$proc_rom.cc:150:do_switch$593$rdmux[0][5][9]$b$4066 [6] $memory$flatten\u_sm.\lut.$auto$proc_rom.cc:150:do_switch$593$rdmux[0][5][9]$b$4066 [6:5] 3'101 $memory$flatten\u_sm.\lut.$auto$proc_rom.cc:150:do_switch$593$rdmux[0][5][9]$b$4066 [1:0] }, Y=$memory$flatten\u_sm.\lut.$auto$proc_rom.cc:150:do_switch$593$rdmux[0][4][4]$b$4003 [9:0]
      New connections: $memory$flatten\u_sm.\lut.$auto$proc_rom.cc:150:do_switch$593$rdmux[0][4][4]$b$4003 [15:10] = 6'000000
    Consolidated identical input bits for $mux cell $memory$flatten\u_sm.\lut.$auto$proc_rom.cc:150:do_switch$593$rdmux[0][5][8]$4061:
      Old ports: A=$memory$flatten\u_sm.\lut.$auto$proc_rom.cc:150:do_switch$593$rdmux[0][5][8]$a$4062, B=$memory$flatten\u_sm.\lut.$auto$proc_rom.cc:150:do_switch$593$rdmux[0][5][8]$b$4063, Y=$memory$flatten\u_sm.\lut.$auto$proc_rom.cc:150:do_switch$593$rdmux[0][4][4]$a$4002
      New ports: A={ $memory$flatten\u_sm.\lut.$auto$proc_rom.cc:150:do_switch$593$rdmux[0][5][8]$a$4062 [10] $memory$flatten\u_sm.\lut.$auto$proc_rom.cc:150:do_switch$593$rdmux[0][5][8]$a$4062 [8:6] 1'1 $memory$flatten\u_sm.\lut.$auto$proc_rom.cc:150:do_switch$593$rdmux[0][5][8]$a$4062 [4:3] 1'0 $memory$flatten\u_sm.\lut.$auto$proc_rom.cc:150:do_switch$593$rdmux[0][5][8]$a$4062 [0] $memory$flatten\u_sm.\lut.$auto$proc_rom.cc:150:do_switch$593$rdmux[0][5][8]$a$4062 [0] }, B={ 2'01 $memory$flatten\u_sm.\lut.$auto$proc_rom.cc:150:do_switch$593$rdmux[0][5][8]$b$4063 [7:3] $memory$flatten\u_sm.\lut.$auto$proc_rom.cc:150:do_switch$593$rdmux[0][5][8]$b$4063 [1] $memory$flatten\u_sm.\lut.$auto$proc_rom.cc:150:do_switch$593$rdmux[0][5][8]$b$4063 [1:0] }, Y={ $memory$flatten\u_sm.\lut.$auto$proc_rom.cc:150:do_switch$593$rdmux[0][4][4]$a$4002 [10] $memory$flatten\u_sm.\lut.$auto$proc_rom.cc:150:do_switch$593$rdmux[0][4][4]$a$4002 [8:0] }
      New connections: { $memory$flatten\u_sm.\lut.$auto$proc_rom.cc:150:do_switch$593$rdmux[0][4][4]$a$4002 [15:11] $memory$flatten\u_sm.\lut.$auto$proc_rom.cc:150:do_switch$593$rdmux[0][4][4]$a$4002 [9] } = { 5'00000 $memory$flatten\u_sm.\lut.$auto$proc_rom.cc:150:do_switch$593$rdmux[0][4][4]$a$4002 [8] }
    Consolidated identical input bits for $mux cell $memory$flatten\u_sm.\lut.$auto$proc_rom.cc:150:do_switch$593$rdmux[0][5][7]$4058:
      Old ports: A=$memory$flatten\u_sm.\lut.$auto$proc_rom.cc:150:do_switch$593$rdmux[0][5][7]$a$4059, B=$memory$flatten\u_sm.\lut.$auto$proc_rom.cc:150:do_switch$593$rdmux[0][5][7]$b$4060, Y=$memory$flatten\u_sm.\lut.$auto$proc_rom.cc:150:do_switch$593$rdmux[0][4][3]$b$4000
      New ports: A={ 1'1 $memory$flatten\u_sm.\lut.$auto$proc_rom.cc:150:do_switch$593$rdmux[0][5][7]$a$4059 [8] $memory$flatten\u_sm.\lut.$auto$proc_rom.cc:150:do_switch$593$rdmux[0][5][7]$a$4059 [4] $memory$flatten\u_sm.\lut.$auto$proc_rom.cc:150:do_switch$593$rdmux[0][5][7]$a$4059 [6] $memory$flatten\u_sm.\lut.$auto$proc_rom.cc:150:do_switch$593$rdmux[0][5][7]$a$4059 [4:3] 1'0 $memory$flatten\u_sm.\lut.$auto$proc_rom.cc:150:do_switch$593$rdmux[0][5][7]$a$4059 [1:0] }, B={ $memory$flatten\u_sm.\lut.$auto$proc_rom.cc:150:do_switch$593$rdmux[0][5][7]$b$4060 [0] $memory$flatten\u_sm.\lut.$auto$proc_rom.cc:150:do_switch$593$rdmux[0][5][7]$b$4060 [8] $memory$flatten\u_sm.\lut.$auto$proc_rom.cc:150:do_switch$593$rdmux[0][5][7]$b$4060 [3] $memory$flatten\u_sm.\lut.$auto$proc_rom.cc:150:do_switch$593$rdmux[0][5][7]$b$4060 [4] $memory$flatten\u_sm.\lut.$auto$proc_rom.cc:150:do_switch$593$rdmux[0][5][7]$b$4060 [4:0] }, Y={ $memory$flatten\u_sm.\lut.$auto$proc_rom.cc:150:do_switch$593$rdmux[0][4][3]$b$4000 [9:6] $memory$flatten\u_sm.\lut.$auto$proc_rom.cc:150:do_switch$593$rdmux[0][4][3]$b$4000 [4:0] }
      New connections: { $memory$flatten\u_sm.\lut.$auto$proc_rom.cc:150:do_switch$593$rdmux[0][4][3]$b$4000 [15:10] $memory$flatten\u_sm.\lut.$auto$proc_rom.cc:150:do_switch$593$rdmux[0][4][3]$b$4000 [5] } = { 6'000001 $memory$flatten\u_sm.\lut.$auto$proc_rom.cc:150:do_switch$593$rdmux[0][4][3]$b$4000 [3] }
    Consolidated identical input bits for $mux cell $memory$flatten\u_sm.\lut.$auto$proc_rom.cc:150:do_switch$593$rdmux[0][5][6]$4055:
      Old ports: A=$memory$flatten\u_sm.\lut.$auto$proc_rom.cc:150:do_switch$593$rdmux[0][5][6]$a$4056, B=$memory$flatten\u_sm.\lut.$auto$proc_rom.cc:150:do_switch$593$rdmux[0][5][6]$b$4057, Y=$memory$flatten\u_sm.\lut.$auto$proc_rom.cc:150:do_switch$593$rdmux[0][4][3]$a$3999
      New ports: A={ $memory$flatten\u_sm.\lut.$auto$proc_rom.cc:150:do_switch$593$rdmux[0][5][6]$a$4056 [10:6] 1'1 $memory$flatten\u_sm.\lut.$auto$proc_rom.cc:150:do_switch$593$rdmux[0][5][6]$a$4056 [3] $memory$flatten\u_sm.\lut.$auto$proc_rom.cc:150:do_switch$593$rdmux[0][5][6]$a$4056 [1] $memory$flatten\u_sm.\lut.$auto$proc_rom.cc:150:do_switch$593$rdmux[0][5][6]$a$4056 [1] 1'1 }, B={ 2'00 $memory$flatten\u_sm.\lut.$auto$proc_rom.cc:150:do_switch$593$rdmux[0][5][6]$b$4057 [8:6] $memory$flatten\u_sm.\lut.$auto$proc_rom.cc:150:do_switch$593$rdmux[0][5][6]$b$4057 [4:0] }, Y={ $memory$flatten\u_sm.\lut.$auto$proc_rom.cc:150:do_switch$593$rdmux[0][4][3]$a$3999 [10:6] $memory$flatten\u_sm.\lut.$auto$proc_rom.cc:150:do_switch$593$rdmux[0][4][3]$a$3999 [4:0] }
      New connections: { $memory$flatten\u_sm.\lut.$auto$proc_rom.cc:150:do_switch$593$rdmux[0][4][3]$a$3999 [15:11] $memory$flatten\u_sm.\lut.$auto$proc_rom.cc:150:do_switch$593$rdmux[0][4][3]$a$3999 [5] } = { 5'00001 $memory$flatten\u_sm.\lut.$auto$proc_rom.cc:150:do_switch$593$rdmux[0][4][3]$a$3999 [3] }
    Consolidated identical input bits for $mux cell $memory$flatten\u_sm.\lut.$auto$proc_rom.cc:150:do_switch$593$rdmux[0][5][5]$4052:
      Old ports: A=$memory$flatten\u_sm.\lut.$auto$proc_rom.cc:150:do_switch$593$rdmux[0][5][5]$a$4053, B=$memory$flatten\u_sm.\lut.$auto$proc_rom.cc:150:do_switch$593$rdmux[0][5][5]$b$4054, Y=$memory$flatten\u_sm.\lut.$auto$proc_rom.cc:150:do_switch$593$rdmux[0][4][2]$b$3997
      New ports: A={ 2'10 $memory$flatten\u_sm.\lut.$auto$proc_rom.cc:150:do_switch$593$rdmux[0][5][5]$a$4053 [10] $memory$flatten\u_sm.\lut.$auto$proc_rom.cc:150:do_switch$593$rdmux[0][5][5]$a$4053 [7] $memory$flatten\u_sm.\lut.$auto$proc_rom.cc:150:do_switch$593$rdmux[0][5][5]$a$4053 [8:6] $memory$flatten\u_sm.\lut.$auto$proc_rom.cc:150:do_switch$593$rdmux[0][5][5]$a$4053 [2] $memory$flatten\u_sm.\lut.$auto$proc_rom.cc:150:do_switch$593$rdmux[0][5][5]$a$4053 [4:0] }, B={ $memory$flatten\u_sm.\lut.$auto$proc_rom.cc:150:do_switch$593$rdmux[0][5][5]$b$4054 [1] $memory$flatten\u_sm.\lut.$auto$proc_rom.cc:150:do_switch$593$rdmux[0][5][5]$b$4054 [10] $memory$flatten\u_sm.\lut.$auto$proc_rom.cc:150:do_switch$593$rdmux[0][5][5]$b$4054 [10] $memory$flatten\u_sm.\lut.$auto$proc_rom.cc:150:do_switch$593$rdmux[0][5][5]$b$4054 [5] $memory$flatten\u_sm.\lut.$auto$proc_rom.cc:150:do_switch$593$rdmux[0][5][5]$b$4054 [8:4] $memory$flatten\u_sm.\lut.$auto$proc_rom.cc:150:do_switch$593$rdmux[0][5][5]$b$4054 [1] $memory$flatten\u_sm.\lut.$auto$proc_rom.cc:150:do_switch$593$rdmux[0][5][5]$b$4054 [1] $memory$flatten\u_sm.\lut.$auto$proc_rom.cc:150:do_switch$593$rdmux[0][5][5]$b$4054 [1:0] }, Y=$memory$flatten\u_sm.\lut.$auto$proc_rom.cc:150:do_switch$593$rdmux[0][4][2]$b$3997 [12:0]
      New connections: $memory$flatten\u_sm.\lut.$auto$proc_rom.cc:150:do_switch$593$rdmux[0][4][2]$b$3997 [15:13] = 3'000
    Consolidated identical input bits for $mux cell $memory$flatten\u_sm.\lut.$auto$proc_rom.cc:150:do_switch$593$rdmux[0][5][4]$4049:
      Old ports: A=$memory$flatten\u_sm.\lut.$auto$proc_rom.cc:150:do_switch$593$rdmux[0][5][4]$a$4050, B=$memory$flatten\u_sm.\lut.$auto$proc_rom.cc:150:do_switch$593$rdmux[0][5][4]$b$4051, Y=$memory$flatten\u_sm.\lut.$auto$proc_rom.cc:150:do_switch$593$rdmux[0][4][2]$a$3996
      New ports: A={ $memory$flatten\u_sm.\lut.$auto$proc_rom.cc:150:do_switch$593$rdmux[0][5][4]$a$4050 [2] $memory$flatten\u_sm.\lut.$auto$proc_rom.cc:150:do_switch$593$rdmux[0][5][4]$a$4050 [4] $memory$flatten\u_sm.\lut.$auto$proc_rom.cc:150:do_switch$593$rdmux[0][5][4]$a$4050 [4] $memory$flatten\u_sm.\lut.$auto$proc_rom.cc:150:do_switch$593$rdmux[0][5][4]$a$4050 [9] 3'010 $memory$flatten\u_sm.\lut.$auto$proc_rom.cc:150:do_switch$593$rdmux[0][5][4]$a$4050 [5:0] }, B={ 1'0 $memory$flatten\u_sm.\lut.$auto$proc_rom.cc:150:do_switch$593$rdmux[0][5][4]$b$4051 [0] $memory$flatten\u_sm.\lut.$auto$proc_rom.cc:150:do_switch$593$rdmux[0][5][4]$b$4051 [10:7] 1'1 $memory$flatten\u_sm.\lut.$auto$proc_rom.cc:150:do_switch$593$rdmux[0][5][4]$b$4051 [5] 1'1 $memory$flatten\u_sm.\lut.$auto$proc_rom.cc:150:do_switch$593$rdmux[0][5][4]$b$4051 [3:0] }, Y={ $memory$flatten\u_sm.\lut.$auto$proc_rom.cc:150:do_switch$593$rdmux[0][4][2]$a$3996 [13] $memory$flatten\u_sm.\lut.$auto$proc_rom.cc:150:do_switch$593$rdmux[0][4][2]$a$3996 [11:0] }
      New connections: { $memory$flatten\u_sm.\lut.$auto$proc_rom.cc:150:do_switch$593$rdmux[0][4][2]$a$3996 [15:14] $memory$flatten\u_sm.\lut.$auto$proc_rom.cc:150:do_switch$593$rdmux[0][4][2]$a$3996 [12] } = { 2'00 $memory$flatten\u_sm.\lut.$auto$proc_rom.cc:150:do_switch$593$rdmux[0][4][2]$a$3996 [4] }
    Consolidated identical input bits for $mux cell $memory$flatten\u_sm.\lut.$auto$proc_rom.cc:150:do_switch$593$rdmux[0][5][3]$4046:
      Old ports: A=$memory$flatten\u_sm.\lut.$auto$proc_rom.cc:150:do_switch$593$rdmux[0][5][3]$a$4047, B=$memory$flatten\u_sm.\lut.$auto$proc_rom.cc:150:do_switch$593$rdmux[0][5][3]$b$4048, Y=$memory$flatten\u_sm.\lut.$auto$proc_rom.cc:150:do_switch$593$rdmux[0][4][1]$b$3994
      New ports: A={ $memory$flatten\u_sm.\lut.$auto$proc_rom.cc:150:do_switch$593$rdmux[0][5][3]$a$4047 [12] $memory$flatten\u_sm.\lut.$auto$proc_rom.cc:150:do_switch$593$rdmux[0][5][3]$a$4047 [1] $memory$flatten\u_sm.\lut.$auto$proc_rom.cc:150:do_switch$593$rdmux[0][5][3]$a$4047 [10] $memory$flatten\u_sm.\lut.$auto$proc_rom.cc:150:do_switch$593$rdmux[0][5][3]$a$4047 [6] $memory$flatten\u_sm.\lut.$auto$proc_rom.cc:150:do_switch$593$rdmux[0][5][3]$a$4047 [8:5] $memory$flatten\u_sm.\lut.$auto$proc_rom.cc:150:do_switch$593$rdmux[0][5][3]$a$4047 [1] 1'1 $memory$flatten\u_sm.\lut.$auto$proc_rom.cc:150:do_switch$593$rdmux[0][5][3]$a$4047 [2:1] 1'1 }, B={ 1'0 $memory$flatten\u_sm.\lut.$auto$proc_rom.cc:150:do_switch$593$rdmux[0][5][3]$b$4048 [3] $memory$flatten\u_sm.\lut.$auto$proc_rom.cc:150:do_switch$593$rdmux[0][5][3]$b$4048 [10:9] $memory$flatten\u_sm.\lut.$auto$proc_rom.cc:150:do_switch$593$rdmux[0][5][3]$b$4048 [1] $memory$flatten\u_sm.\lut.$auto$proc_rom.cc:150:do_switch$593$rdmux[0][5][3]$b$4048 [7] 1'1 $memory$flatten\u_sm.\lut.$auto$proc_rom.cc:150:do_switch$593$rdmux[0][5][3]$b$4048 [5] $memory$flatten\u_sm.\lut.$auto$proc_rom.cc:150:do_switch$593$rdmux[0][5][3]$b$4048 [2] $memory$flatten\u_sm.\lut.$auto$proc_rom.cc:150:do_switch$593$rdmux[0][5][3]$b$4048 [3:0] }, Y=$memory$flatten\u_sm.\lut.$auto$proc_rom.cc:150:do_switch$593$rdmux[0][4][1]$b$3994 [12:0]
      New connections: $memory$flatten\u_sm.\lut.$auto$proc_rom.cc:150:do_switch$593$rdmux[0][4][1]$b$3994 [15:13] = 3'001
    Consolidated identical input bits for $mux cell $memory$flatten\u_sm.\lut.$auto$proc_rom.cc:150:do_switch$593$rdmux[0][5][2]$4043:
      Old ports: A=$memory$flatten\u_sm.\lut.$auto$proc_rom.cc:150:do_switch$593$rdmux[0][5][2]$a$4044, B=$memory$flatten\u_sm.\lut.$auto$proc_rom.cc:150:do_switch$593$rdmux[0][5][2]$b$4045, Y=$memory$flatten\u_sm.\lut.$auto$proc_rom.cc:150:do_switch$593$rdmux[0][4][1]$a$3993
      New ports: A={ 2'10 $memory$flatten\u_sm.\lut.$auto$proc_rom.cc:150:do_switch$593$rdmux[0][5][2]$a$4044 [3] $memory$flatten\u_sm.\lut.$auto$proc_rom.cc:150:do_switch$593$rdmux[0][5][2]$a$4044 [11] $memory$flatten\u_sm.\lut.$auto$proc_rom.cc:150:do_switch$593$rdmux[0][5][2]$a$4044 [0] $memory$flatten\u_sm.\lut.$auto$proc_rom.cc:150:do_switch$593$rdmux[0][5][2]$a$4044 [9:8] 1'0 $memory$flatten\u_sm.\lut.$auto$proc_rom.cc:150:do_switch$593$rdmux[0][5][2]$a$4044 [6:0] }, B={ $memory$flatten\u_sm.\lut.$auto$proc_rom.cc:150:do_switch$593$rdmux[0][5][2]$b$4045 [14] $memory$flatten\u_sm.\lut.$auto$proc_rom.cc:150:do_switch$593$rdmux[0][5][2]$b$4045 [12] $memory$flatten\u_sm.\lut.$auto$proc_rom.cc:150:do_switch$593$rdmux[0][5][2]$b$4045 [12:11] $memory$flatten\u_sm.\lut.$auto$proc_rom.cc:150:do_switch$593$rdmux[0][5][2]$b$4045 [2] 1'0 $memory$flatten\u_sm.\lut.$auto$proc_rom.cc:150:do_switch$593$rdmux[0][5][2]$b$4045 [8] $memory$flatten\u_sm.\lut.$auto$proc_rom.cc:150:do_switch$593$rdmux[0][5][2]$b$4045 [1] $memory$flatten\u_sm.\lut.$auto$proc_rom.cc:150:do_switch$593$rdmux[0][5][2]$b$4045 [6:0] }, Y=$memory$flatten\u_sm.\lut.$auto$proc_rom.cc:150:do_switch$593$rdmux[0][4][1]$a$3993 [14:0]
      New connections: $memory$flatten\u_sm.\lut.$auto$proc_rom.cc:150:do_switch$593$rdmux[0][4][1]$a$3993 [15] = 1'0
    Consolidated identical input bits for $mux cell $memory$flatten\u_sm.\lut.$auto$proc_rom.cc:150:do_switch$593$rdmux[0][5][1]$4040:
      Old ports: A=$memory$flatten\u_sm.\lut.$auto$proc_rom.cc:150:do_switch$593$rdmux[0][5][1]$a$4041, B=$memory$flatten\u_sm.\lut.$auto$proc_rom.cc:150:do_switch$593$rdmux[0][5][1]$b$4042, Y=$memory$flatten\u_sm.\lut.$auto$proc_rom.cc:150:do_switch$593$rdmux[0][4][0]$b$3991
      New ports: A={ 2'10 $memory$flatten\u_sm.\lut.$auto$proc_rom.cc:150:do_switch$593$rdmux[0][5][1]$a$4041 [6] $memory$flatten\u_sm.\lut.$auto$proc_rom.cc:150:do_switch$593$rdmux[0][5][1]$a$4041 [11] 1'0 $memory$flatten\u_sm.\lut.$auto$proc_rom.cc:150:do_switch$593$rdmux[0][5][1]$a$4041 [9] $memory$flatten\u_sm.\lut.$auto$proc_rom.cc:150:do_switch$593$rdmux[0][5][1]$a$4041 [2] $memory$flatten\u_sm.\lut.$auto$proc_rom.cc:150:do_switch$593$rdmux[0][5][1]$a$4041 [3] $memory$flatten\u_sm.\lut.$auto$proc_rom.cc:150:do_switch$593$rdmux[0][5][1]$a$4041 [6:5] $memory$flatten\u_sm.\lut.$auto$proc_rom.cc:150:do_switch$593$rdmux[0][5][1]$a$4041 [3] $memory$flatten\u_sm.\lut.$auto$proc_rom.cc:150:do_switch$593$rdmux[0][5][1]$a$4041 [3:0] }, B={ 2'01 $memory$flatten\u_sm.\lut.$auto$proc_rom.cc:150:do_switch$593$rdmux[0][5][1]$b$4042 [3:2] $memory$flatten\u_sm.\lut.$auto$proc_rom.cc:150:do_switch$593$rdmux[0][5][1]$b$4042 [10] $memory$flatten\u_sm.\lut.$auto$proc_rom.cc:150:do_switch$593$rdmux[0][5][1]$b$4042 [1] $memory$flatten\u_sm.\lut.$auto$proc_rom.cc:150:do_switch$593$rdmux[0][5][1]$b$4042 [8] $memory$flatten\u_sm.\lut.$auto$proc_rom.cc:150:do_switch$593$rdmux[0][5][1]$b$4042 [0] $memory$flatten\u_sm.\lut.$auto$proc_rom.cc:150:do_switch$593$rdmux[0][5][1]$b$4042 [6] $memory$flatten\u_sm.\lut.$auto$proc_rom.cc:150:do_switch$593$rdmux[0][5][1]$b$4042 [2] $memory$flatten\u_sm.\lut.$auto$proc_rom.cc:150:do_switch$593$rdmux[0][5][1]$b$4042 [4:0] }, Y={ $memory$flatten\u_sm.\lut.$auto$proc_rom.cc:150:do_switch$593$rdmux[0][4][0]$b$3991 [15] $memory$flatten\u_sm.\lut.$auto$proc_rom.cc:150:do_switch$593$rdmux[0][4][0]$b$3991 [13:0] }
      New connections: $memory$flatten\u_sm.\lut.$auto$proc_rom.cc:150:do_switch$593$rdmux[0][4][0]$b$3991 [14] = $memory$flatten\u_sm.\lut.$auto$proc_rom.cc:150:do_switch$593$rdmux[0][4][0]$b$3991 [13]
    Consolidated identical input bits for $mux cell $memory$flatten\u_sm.\lut.$auto$proc_rom.cc:150:do_switch$593$rdmux[0][5][0]$4037:
      Old ports: A=$memory$flatten\u_sm.\lut.$auto$proc_rom.cc:150:do_switch$593$rdmux[0][5][0]$a$4038, B=$memory$flatten\u_sm.\lut.$auto$proc_rom.cc:150:do_switch$593$rdmux[0][5][0]$b$4039, Y=$memory$flatten\u_sm.\lut.$auto$proc_rom.cc:150:do_switch$593$rdmux[0][4][0]$a$3990
      New ports: A={ 1'1 $memory$flatten\u_sm.\lut.$auto$proc_rom.cc:150:do_switch$593$rdmux[0][5][0]$a$4038 [6] $memory$flatten\u_sm.\lut.$auto$proc_rom.cc:150:do_switch$593$rdmux[0][5][0]$a$4038 [4] $memory$flatten\u_sm.\lut.$auto$proc_rom.cc:150:do_switch$593$rdmux[0][5][0]$a$4038 [0] $memory$flatten\u_sm.\lut.$auto$proc_rom.cc:150:do_switch$593$rdmux[0][5][0]$a$4038 [10] $memory$flatten\u_sm.\lut.$auto$proc_rom.cc:150:do_switch$593$rdmux[0][5][0]$a$4038 [0] $memory$flatten\u_sm.\lut.$auto$proc_rom.cc:150:do_switch$593$rdmux[0][5][0]$a$4038 [7] $memory$flatten\u_sm.\lut.$auto$proc_rom.cc:150:do_switch$593$rdmux[0][5][0]$a$4038 [7:6] 1'1 $memory$flatten\u_sm.\lut.$auto$proc_rom.cc:150:do_switch$593$rdmux[0][5][0]$a$4038 [4] 1'1 $memory$flatten\u_sm.\lut.$auto$proc_rom.cc:150:do_switch$593$rdmux[0][5][0]$a$4038 [2:0] }, B={ $memory$flatten\u_sm.\lut.$auto$proc_rom.cc:150:do_switch$593$rdmux[0][5][0]$b$4039 [2] $memory$flatten\u_sm.\lut.$auto$proc_rom.cc:150:do_switch$593$rdmux[0][5][0]$b$4039 [13:10] $memory$flatten\u_sm.\lut.$auto$proc_rom.cc:150:do_switch$593$rdmux[0][5][0]$b$4039 [1] 1'1 $memory$flatten\u_sm.\lut.$auto$proc_rom.cc:150:do_switch$593$rdmux[0][5][0]$b$4039 [5] 1'1 $memory$flatten\u_sm.\lut.$auto$proc_rom.cc:150:do_switch$593$rdmux[0][5][0]$b$4039 [5:0] }, Y=$memory$flatten\u_sm.\lut.$auto$proc_rom.cc:150:do_switch$593$rdmux[0][4][0]$a$3990 [14:0]
      New connections: $memory$flatten\u_sm.\lut.$auto$proc_rom.cc:150:do_switch$593$rdmux[0][4][0]$a$3990 [15] = 1'1
    Consolidated identical input bits for $mux cell $ternary$rtl/ga2.v:40$463:
      Old ports: A=$ternary$rtl/ga2.v:40$462_Y, B={ 15'000000000000000 \sm_wd [16:0] }, Y=$ternary$rtl/ga2.v:40$463_Y
      New ports: A={ $ternary$rtl/ga2.v:40$462_Y [12] $ternary$rtl/ga2.v:40$462_Y [12] $ternary$rtl/ga2.v:40$462_Y [12] $ternary$rtl/ga2.v:40$462_Y [12] $ternary$rtl/ga2.v:40$462_Y [12] $ternary$rtl/ga2.v:40$462_Y [12:0] }, B={ 1'0 \sm_wd [16:0] }, Y=$ternary$rtl/ga2.v:40$463_Y [17:0]
      New connections: $ternary$rtl/ga2.v:40$463_Y [31:18] = { $ternary$rtl/ga2.v:40$463_Y [17] $ternary$rtl/ga2.v:40$463_Y [17] $ternary$rtl/ga2.v:40$463_Y [17] $ternary$rtl/ga2.v:40$463_Y [17] $ternary$rtl/ga2.v:40$463_Y [17] $ternary$rtl/ga2.v:40$463_Y [17] $ternary$rtl/ga2.v:40$463_Y [17] $ternary$rtl/ga2.v:40$463_Y [17] $ternary$rtl/ga2.v:40$463_Y [17] $ternary$rtl/ga2.v:40$463_Y [17] $ternary$rtl/ga2.v:40$463_Y [17] $ternary$rtl/ga2.v:40$463_Y [17] $ternary$rtl/ga2.v:40$463_Y [17] $ternary$rtl/ga2.v:40$463_Y [17] }
  Optimizing cells in module \ga2.
    Consolidated identical input bits for $mux cell $memory$flatten\u_sm.\lut.$auto$proc_rom.cc:150:do_switch$593$rdmux[0][4][11]$4022:
      Old ports: A=16'0000000000000001, B=$memory$flatten\u_sm.\lut.$auto$proc_rom.cc:150:do_switch$593$rdmux[0][4][11]$b$4024, Y=$memory$flatten\u_sm.\lut.$auto$proc_rom.cc:150:do_switch$593$rdmux[0][3][5]$b$3982
      New ports: A=1'1, B=$memory$flatten\u_sm.\lut.$auto$proc_rom.cc:150:do_switch$593$rdmux[0][4][11]$b$4024 [0], Y=$memory$flatten\u_sm.\lut.$auto$proc_rom.cc:150:do_switch$593$rdmux[0][3][5]$b$3982 [0]
      New connections: $memory$flatten\u_sm.\lut.$auto$proc_rom.cc:150:do_switch$593$rdmux[0][3][5]$b$3982 [15:1] = 15'000000000000000
    Consolidated identical input bits for $mux cell $memory$flatten\u_sm.\lut.$auto$proc_rom.cc:150:do_switch$593$rdmux[0][4][10]$4019:
      Old ports: A=$memory$flatten\u_sm.\lut.$auto$proc_rom.cc:150:do_switch$593$rdmux[0][4][10]$a$4020, B=$memory$flatten\u_sm.\lut.$auto$proc_rom.cc:150:do_switch$593$rdmux[0][4][10]$b$4021, Y=$memory$flatten\u_sm.\lut.$auto$proc_rom.cc:150:do_switch$593$rdmux[0][3][5]$a$3981
      New ports: A={ 1'1 $memory$flatten\u_sm.\lut.$auto$proc_rom.cc:150:do_switch$593$rdmux[0][4][10]$a$4020 [0] }, B=$memory$flatten\u_sm.\lut.$auto$proc_rom.cc:150:do_switch$593$rdmux[0][4][10]$b$4021 [1:0], Y=$memory$flatten\u_sm.\lut.$auto$proc_rom.cc:150:do_switch$593$rdmux[0][3][5]$a$3981 [1:0]
      New connections: $memory$flatten\u_sm.\lut.$auto$proc_rom.cc:150:do_switch$593$rdmux[0][3][5]$a$3981 [15:2] = 14'00000000000000
    Consolidated identical input bits for $mux cell $memory$flatten\u_sm.\lut.$auto$proc_rom.cc:150:do_switch$593$rdmux[0][4][9]$4016:
      Old ports: A=$memory$flatten\u_sm.\lut.$auto$proc_rom.cc:150:do_switch$593$rdmux[0][4][9]$a$4017, B=$memory$flatten\u_sm.\lut.$auto$proc_rom.cc:150:do_switch$593$rdmux[0][4][9]$b$4018, Y=$memory$flatten\u_sm.\lut.$auto$proc_rom.cc:150:do_switch$593$rdmux[0][3][4]$b$3979
      New ports: A=$memory$flatten\u_sm.\lut.$auto$proc_rom.cc:150:do_switch$593$rdmux[0][4][9]$a$4017 [3:0], B={ 1'0 $memory$flatten\u_sm.\lut.$auto$proc_rom.cc:150:do_switch$593$rdmux[0][4][9]$b$4018 [2:0] }, Y=$memory$flatten\u_sm.\lut.$auto$proc_rom.cc:150:do_switch$593$rdmux[0][3][4]$b$3979 [3:0]
      New connections: $memory$flatten\u_sm.\lut.$auto$proc_rom.cc:150:do_switch$593$rdmux[0][3][4]$b$3979 [15:4] = 12'000000000000
    Consolidated identical input bits for $mux cell $memory$flatten\u_sm.\lut.$auto$proc_rom.cc:150:do_switch$593$rdmux[0][4][8]$4013:
      Old ports: A=$memory$flatten\u_sm.\lut.$auto$proc_rom.cc:150:do_switch$593$rdmux[0][4][8]$a$4014, B=$memory$flatten\u_sm.\lut.$auto$proc_rom.cc:150:do_switch$593$rdmux[0][4][8]$b$4015, Y=$memory$flatten\u_sm.\lut.$auto$proc_rom.cc:150:do_switch$593$rdmux[0][3][4]$a$3978
      New ports: A=$memory$flatten\u_sm.\lut.$auto$proc_rom.cc:150:do_switch$593$rdmux[0][4][8]$a$4014 [4:0], B={ 2'01 $memory$flatten\u_sm.\lut.$auto$proc_rom.cc:150:do_switch$593$rdmux[0][4][8]$b$4015 [2:0] }, Y=$memory$flatten\u_sm.\lut.$auto$proc_rom.cc:150:do_switch$593$rdmux[0][3][4]$a$3978 [4:0]
      New connections: $memory$flatten\u_sm.\lut.$auto$proc_rom.cc:150:do_switch$593$rdmux[0][3][4]$a$3978 [15:5] = 11'00000000000
    Consolidated identical input bits for $mux cell $memory$flatten\u_sm.\lut.$auto$proc_rom.cc:150:do_switch$593$rdmux[0][4][7]$4010:
      Old ports: A=$memory$flatten\u_sm.\lut.$auto$proc_rom.cc:150:do_switch$593$rdmux[0][4][7]$a$4011, B=$memory$flatten\u_sm.\lut.$auto$proc_rom.cc:150:do_switch$593$rdmux[0][4][7]$b$4012, Y=$memory$flatten\u_sm.\lut.$auto$proc_rom.cc:150:do_switch$593$rdmux[0][3][3]$b$3976
      New ports: A={ 1'1 $memory$flatten\u_sm.\lut.$auto$proc_rom.cc:150:do_switch$593$rdmux[0][4][7]$a$4011 [4:0] }, B=$memory$flatten\u_sm.\lut.$auto$proc_rom.cc:150:do_switch$593$rdmux[0][4][7]$b$4012 [5:0], Y=$memory$flatten\u_sm.\lut.$auto$proc_rom.cc:150:do_switch$593$rdmux[0][3][3]$b$3976 [5:0]
      New connections: $memory$flatten\u_sm.\lut.$auto$proc_rom.cc:150:do_switch$593$rdmux[0][3][3]$b$3976 [15:6] = 10'0000000000
    Consolidated identical input bits for $mux cell $memory$flatten\u_sm.\lut.$auto$proc_rom.cc:150:do_switch$593$rdmux[0][4][6]$4007:
      Old ports: A=$memory$flatten\u_sm.\lut.$auto$proc_rom.cc:150:do_switch$593$rdmux[0][4][6]$a$4008, B=$memory$flatten\u_sm.\lut.$auto$proc_rom.cc:150:do_switch$593$rdmux[0][4][6]$b$4009, Y=$memory$flatten\u_sm.\lut.$auto$proc_rom.cc:150:do_switch$593$rdmux[0][3][3]$a$3975
      New ports: A=$memory$flatten\u_sm.\lut.$auto$proc_rom.cc:150:do_switch$593$rdmux[0][4][6]$a$4008 [7:0], B={ 2'01 $memory$flatten\u_sm.\lut.$auto$proc_rom.cc:150:do_switch$593$rdmux[0][4][6]$b$4009 [5:0] }, Y=$memory$flatten\u_sm.\lut.$auto$proc_rom.cc:150:do_switch$593$rdmux[0][3][3]$a$3975 [7:0]
      New connections: $memory$flatten\u_sm.\lut.$auto$proc_rom.cc:150:do_switch$593$rdmux[0][3][3]$a$3975 [15:8] = 8'00000000
    Consolidated identical input bits for $mux cell $memory$flatten\u_sm.\lut.$auto$proc_rom.cc:150:do_switch$593$rdmux[0][4][5]$4004:
      Old ports: A=$memory$flatten\u_sm.\lut.$auto$proc_rom.cc:150:do_switch$593$rdmux[0][4][5]$a$4005, B=$memory$flatten\u_sm.\lut.$auto$proc_rom.cc:150:do_switch$593$rdmux[0][4][5]$b$4006, Y=$memory$flatten\u_sm.\lut.$auto$proc_rom.cc:150:do_switch$593$rdmux[0][3][2]$b$3973
      New ports: A={ 1'1 $memory$flatten\u_sm.\lut.$auto$proc_rom.cc:150:do_switch$593$rdmux[0][4][5]$a$4005 [7:0] }, B=$memory$flatten\u_sm.\lut.$auto$proc_rom.cc:150:do_switch$593$rdmux[0][4][5]$b$4006 [8:0], Y=$memory$flatten\u_sm.\lut.$auto$proc_rom.cc:150:do_switch$593$rdmux[0][3][2]$b$3973 [8:0]
      New connections: $memory$flatten\u_sm.\lut.$auto$proc_rom.cc:150:do_switch$593$rdmux[0][3][2]$b$3973 [15:9] = 7'0000000
    Consolidated identical input bits for $mux cell $memory$flatten\u_sm.\lut.$auto$proc_rom.cc:150:do_switch$593$rdmux[0][4][4]$4001:
      Old ports: A=$memory$flatten\u_sm.\lut.$auto$proc_rom.cc:150:do_switch$593$rdmux[0][4][4]$a$4002, B=$memory$flatten\u_sm.\lut.$auto$proc_rom.cc:150:do_switch$593$rdmux[0][4][4]$b$4003, Y=$memory$flatten\u_sm.\lut.$auto$proc_rom.cc:150:do_switch$593$rdmux[0][3][2]$a$3972
      New ports: A={ $memory$flatten\u_sm.\lut.$auto$proc_rom.cc:150:do_switch$593$rdmux[0][4][4]$a$4002 [10] $memory$flatten\u_sm.\lut.$auto$proc_rom.cc:150:do_switch$593$rdmux[0][4][4]$a$4002 [8] $memory$flatten\u_sm.\lut.$auto$proc_rom.cc:150:do_switch$593$rdmux[0][4][4]$a$4002 [8:0] }, B={ 1'0 $memory$flatten\u_sm.\lut.$auto$proc_rom.cc:150:do_switch$593$rdmux[0][4][4]$b$4003 [9:0] }, Y=$memory$flatten\u_sm.\lut.$auto$proc_rom.cc:150:do_switch$593$rdmux[0][3][2]$a$3972 [10:0]
      New connections: $memory$flatten\u_sm.\lut.$auto$proc_rom.cc:150:do_switch$593$rdmux[0][3][2]$a$3972 [15:11] = 5'00000
    Consolidated identical input bits for $mux cell $memory$flatten\u_sm.\lut.$auto$proc_rom.cc:150:do_switch$593$rdmux[0][4][3]$3998:
      Old ports: A=$memory$flatten\u_sm.\lut.$auto$proc_rom.cc:150:do_switch$593$rdmux[0][4][3]$a$3999, B=$memory$flatten\u_sm.\lut.$auto$proc_rom.cc:150:do_switch$593$rdmux[0][4][3]$b$4000, Y=$memory$flatten\u_sm.\lut.$auto$proc_rom.cc:150:do_switch$593$rdmux[0][3][1]$b$3970
      New ports: A={ 1'1 $memory$flatten\u_sm.\lut.$auto$proc_rom.cc:150:do_switch$593$rdmux[0][4][3]$a$3999 [10:6] $memory$flatten\u_sm.\lut.$auto$proc_rom.cc:150:do_switch$593$rdmux[0][4][3]$a$3999 [4:0] }, B={ 2'01 $memory$flatten\u_sm.\lut.$auto$proc_rom.cc:150:do_switch$593$rdmux[0][4][3]$b$4000 [9:6] $memory$flatten\u_sm.\lut.$auto$proc_rom.cc:150:do_switch$593$rdmux[0][4][3]$b$4000 [4:0] }, Y={ $memory$flatten\u_sm.\lut.$auto$proc_rom.cc:150:do_switch$593$rdmux[0][3][1]$b$3970 [11:6] $memory$flatten\u_sm.\lut.$auto$proc_rom.cc:150:do_switch$593$rdmux[0][3][1]$b$3970 [4:0] }
      New connections: { $memory$flatten\u_sm.\lut.$auto$proc_rom.cc:150:do_switch$593$rdmux[0][3][1]$b$3970 [15:12] $memory$flatten\u_sm.\lut.$auto$proc_rom.cc:150:do_switch$593$rdmux[0][3][1]$b$3970 [5] } = { 4'0000 $memory$flatten\u_sm.\lut.$auto$proc_rom.cc:150:do_switch$593$rdmux[0][3][1]$b$3970 [3] }
    Consolidated identical input bits for $mux cell $memory$flatten\u_sm.\lut.$auto$proc_rom.cc:150:do_switch$593$rdmux[0][4][2]$3995:
      Old ports: A=$memory$flatten\u_sm.\lut.$auto$proc_rom.cc:150:do_switch$593$rdmux[0][4][2]$a$3996, B=$memory$flatten\u_sm.\lut.$auto$proc_rom.cc:150:do_switch$593$rdmux[0][4][2]$b$3997, Y=$memory$flatten\u_sm.\lut.$auto$proc_rom.cc:150:do_switch$593$rdmux[0][3][1]$a$3969
      New ports: A={ $memory$flatten\u_sm.\lut.$auto$proc_rom.cc:150:do_switch$593$rdmux[0][4][2]$a$3996 [13] $memory$flatten\u_sm.\lut.$auto$proc_rom.cc:150:do_switch$593$rdmux[0][4][2]$a$3996 [4] $memory$flatten\u_sm.\lut.$auto$proc_rom.cc:150:do_switch$593$rdmux[0][4][2]$a$3996 [11:0] }, B={ 1'0 $memory$flatten\u_sm.\lut.$auto$proc_rom.cc:150:do_switch$593$rdmux[0][4][2]$b$3997 [12:0] }, Y=$memory$flatten\u_sm.\lut.$auto$proc_rom.cc:150:do_switch$593$rdmux[0][3][1]$a$3969 [13:0]
      New connections: $memory$flatten\u_sm.\lut.$auto$proc_rom.cc:150:do_switch$593$rdmux[0][3][1]$a$3969 [15:14] = 2'00
    Consolidated identical input bits for $mux cell $memory$flatten\u_sm.\lut.$auto$proc_rom.cc:150:do_switch$593$rdmux[0][4][1]$3992:
      Old ports: A=$memory$flatten\u_sm.\lut.$auto$proc_rom.cc:150:do_switch$593$rdmux[0][4][1]$a$3993, B=$memory$flatten\u_sm.\lut.$auto$proc_rom.cc:150:do_switch$593$rdmux[0][4][1]$b$3994, Y=$memory$flatten\u_sm.\lut.$auto$proc_rom.cc:150:do_switch$593$rdmux[0][3][0]$b$3967
      New ports: A=$memory$flatten\u_sm.\lut.$auto$proc_rom.cc:150:do_switch$593$rdmux[0][4][1]$a$3993 [14:0], B={ 2'01 $memory$flatten\u_sm.\lut.$auto$proc_rom.cc:150:do_switch$593$rdmux[0][4][1]$b$3994 [12:0] }, Y=$memory$flatten\u_sm.\lut.$auto$proc_rom.cc:150:do_switch$593$rdmux[0][3][0]$b$3967 [14:0]
      New connections: $memory$flatten\u_sm.\lut.$auto$proc_rom.cc:150:do_switch$593$rdmux[0][3][0]$b$3967 [15] = 1'0
    Consolidated identical input bits for $mux cell $ternary$rtl/ga2.v:40$464:
      Old ports: A=$ternary$rtl/ga2.v:40$463_Y, B={ \u_rq.q [7] \u_rq.q [7] \u_rq.q [7] \u_rq.q [7] \u_rq.q [7] \u_rq.q [7] \u_rq.q [7] \u_rq.q [7] \u_rq.q [7] \u_rq.q [7] \u_rq.q [7] \u_rq.q [7] \u_rq.q [7] \u_rq.q [7] \u_rq.q [7] \u_rq.q [7] \u_rq.q [7] \u_rq.q [7] \u_rq.q [7] \u_rq.q [7] \u_rq.q [7] \u_rq.q [7] \u_rq.q [7] \u_rq.q [7] \u_rq.q }, Y=$ternary$rtl/ga2.v:40$464_Y
      New ports: A=$ternary$rtl/ga2.v:40$463_Y [17:0], B={ \u_rq.q [7] \u_rq.q [7] \u_rq.q [7] \u_rq.q [7] \u_rq.q [7] \u_rq.q [7] \u_rq.q [7] \u_rq.q [7] \u_rq.q [7] \u_rq.q [7] \u_rq.q }, Y=$ternary$rtl/ga2.v:40$464_Y [17:0]
      New connections: $ternary$rtl/ga2.v:40$464_Y [31:18] = { $ternary$rtl/ga2.v:40$464_Y [17] $ternary$rtl/ga2.v:40$464_Y [17] $ternary$rtl/ga2.v:40$464_Y [17] $ternary$rtl/ga2.v:40$464_Y [17] $ternary$rtl/ga2.v:40$464_Y [17] $ternary$rtl/ga2.v:40$464_Y [17] $ternary$rtl/ga2.v:40$464_Y [17] $ternary$rtl/ga2.v:40$464_Y [17] $ternary$rtl/ga2.v:40$464_Y [17] $ternary$rtl/ga2.v:40$464_Y [17] $ternary$rtl/ga2.v:40$464_Y [17] $ternary$rtl/ga2.v:40$464_Y [17] $ternary$rtl/ga2.v:40$464_Y [17] $ternary$rtl/ga2.v:40$464_Y [17] }
  Optimizing cells in module \ga2.
    Consolidated identical input bits for $mux cell $memory$flatten\u_sm.\lut.$auto$proc_rom.cc:150:do_switch$593$rdmux[0][3][5]$3980:
      Old ports: A=$memory$flatten\u_sm.\lut.$auto$proc_rom.cc:150:do_switch$593$rdmux[0][3][5]$a$3981, B=$memory$flatten\u_sm.\lut.$auto$proc_rom.cc:150:do_switch$593$rdmux[0][3][5]$b$3982, Y=$memory$flatten\u_sm.\lut.$auto$proc_rom.cc:150:do_switch$593$rdmux[0][2][2]$b$3961
      New ports: A=$memory$flatten\u_sm.\lut.$auto$proc_rom.cc:150:do_switch$593$rdmux[0][3][5]$a$3981 [1:0], B={ 1'0 $memory$flatten\u_sm.\lut.$auto$proc_rom.cc:150:do_switch$593$rdmux[0][3][5]$b$3982 [0] }, Y=$memory$flatten\u_sm.\lut.$auto$proc_rom.cc:150:do_switch$593$rdmux[0][2][2]$b$3961 [1:0]
      New connections: $memory$flatten\u_sm.\lut.$auto$proc_rom.cc:150:do_switch$593$rdmux[0][2][2]$b$3961 [15:2] = 14'00000000000000
    Consolidated identical input bits for $mux cell $memory$flatten\u_sm.\lut.$auto$proc_rom.cc:150:do_switch$593$rdmux[0][3][4]$3977:
      Old ports: A=$memory$flatten\u_sm.\lut.$auto$proc_rom.cc:150:do_switch$593$rdmux[0][3][4]$a$3978, B=$memory$flatten\u_sm.\lut.$auto$proc_rom.cc:150:do_switch$593$rdmux[0][3][4]$b$3979, Y=$memory$flatten\u_sm.\lut.$auto$proc_rom.cc:150:do_switch$593$rdmux[0][2][2]$a$3960
      New ports: A=$memory$flatten\u_sm.\lut.$auto$proc_rom.cc:150:do_switch$593$rdmux[0][3][4]$a$3978 [4:0], B={ 1'0 $memory$flatten\u_sm.\lut.$auto$proc_rom.cc:150:do_switch$593$rdmux[0][3][4]$b$3979 [3:0] }, Y=$memory$flatten\u_sm.\lut.$auto$proc_rom.cc:150:do_switch$593$rdmux[0][2][2]$a$3960 [4:0]
      New connections: $memory$flatten\u_sm.\lut.$auto$proc_rom.cc:150:do_switch$593$rdmux[0][2][2]$a$3960 [15:5] = 11'00000000000
    Consolidated identical input bits for $mux cell $memory$flatten\u_sm.\lut.$auto$proc_rom.cc:150:do_switch$593$rdmux[0][3][3]$3974:
      Old ports: A=$memory$flatten\u_sm.\lut.$auto$proc_rom.cc:150:do_switch$593$rdmux[0][3][3]$a$3975, B=$memory$flatten\u_sm.\lut.$auto$proc_rom.cc:150:do_switch$593$rdmux[0][3][3]$b$3976, Y=$memory$flatten\u_sm.\lut.$auto$proc_rom.cc:150:do_switch$593$rdmux[0][2][1]$b$3958
      New ports: A=$memory$flatten\u_sm.\lut.$auto$proc_rom.cc:150:do_switch$593$rdmux[0][3][3]$a$3975 [7:0], B={ 2'00 $memory$flatten\u_sm.\lut.$auto$proc_rom.cc:150:do_switch$593$rdmux[0][3][3]$b$3976 [5:0] }, Y=$memory$flatten\u_sm.\lut.$auto$proc_rom.cc:150:do_switch$593$rdmux[0][2][1]$b$3958 [7:0]
      New connections: $memory$flatten\u_sm.\lut.$auto$proc_rom.cc:150:do_switch$593$rdmux[0][2][1]$b$3958 [15:8] = 8'00000000
    Consolidated identical input bits for $mux cell $memory$flatten\u_sm.\lut.$auto$proc_rom.cc:150:do_switch$593$rdmux[0][3][2]$3971:
      Old ports: A=$memory$flatten\u_sm.\lut.$auto$proc_rom.cc:150:do_switch$593$rdmux[0][3][2]$a$3972, B=$memory$flatten\u_sm.\lut.$auto$proc_rom.cc:150:do_switch$593$rdmux[0][3][2]$b$3973, Y=$memory$flatten\u_sm.\lut.$auto$proc_rom.cc:150:do_switch$593$rdmux[0][2][1]$a$3957
      New ports: A=$memory$flatten\u_sm.\lut.$auto$proc_rom.cc:150:do_switch$593$rdmux[0][3][2]$a$3972 [10:0], B={ 2'00 $memory$flatten\u_sm.\lut.$auto$proc_rom.cc:150:do_switch$593$rdmux[0][3][2]$b$3973 [8:0] }, Y=$memory$flatten\u_sm.\lut.$auto$proc_rom.cc:150:do_switch$593$rdmux[0][2][1]$a$3957 [10:0]
      New connections: $memory$flatten\u_sm.\lut.$auto$proc_rom.cc:150:do_switch$593$rdmux[0][2][1]$a$3957 [15:11] = 5'00000
    Consolidated identical input bits for $mux cell $memory$flatten\u_sm.\lut.$auto$proc_rom.cc:150:do_switch$593$rdmux[0][3][1]$3968:
      Old ports: A=$memory$flatten\u_sm.\lut.$auto$proc_rom.cc:150:do_switch$593$rdmux[0][3][1]$a$3969, B=$memory$flatten\u_sm.\lut.$auto$proc_rom.cc:150:do_switch$593$rdmux[0][3][1]$b$3970, Y=$memory$flatten\u_sm.\lut.$auto$proc_rom.cc:150:do_switch$593$rdmux[0][2][0]$b$3955
      New ports: A=$memory$flatten\u_sm.\lut.$auto$proc_rom.cc:150:do_switch$593$rdmux[0][3][1]$a$3969 [13:0], B={ 2'00 $memory$flatten\u_sm.\lut.$auto$proc_rom.cc:150:do_switch$593$rdmux[0][3][1]$b$3970 [11:6] $memory$flatten\u_sm.\lut.$auto$proc_rom.cc:150:do_switch$593$rdmux[0][3][1]$b$3970 [3] $memory$flatten\u_sm.\lut.$auto$proc_rom.cc:150:do_switch$593$rdmux[0][3][1]$b$3970 [4:0] }, Y=$memory$flatten\u_sm.\lut.$auto$proc_rom.cc:150:do_switch$593$rdmux[0][2][0]$b$3955 [13:0]
      New connections: $memory$flatten\u_sm.\lut.$auto$proc_rom.cc:150:do_switch$593$rdmux[0][2][0]$b$3955 [15:14] = 2'00
  Optimizing cells in module \ga2.
    Consolidated identical input bits for $mux cell $memory$flatten\u_sm.\lut.$auto$proc_rom.cc:150:do_switch$593$rdmux[0][2][2]$3959:
      Old ports: A=$memory$flatten\u_sm.\lut.$auto$proc_rom.cc:150:do_switch$593$rdmux[0][2][2]$a$3960, B=$memory$flatten\u_sm.\lut.$auto$proc_rom.cc:150:do_switch$593$rdmux[0][2][2]$b$3961, Y=$memory$flatten\u_sm.\lut.$auto$proc_rom.cc:150:do_switch$593$rdmux[0][1][1]$a$3951
      New ports: A=$memory$flatten\u_sm.\lut.$auto$proc_rom.cc:150:do_switch$593$rdmux[0][2][2]$a$3960 [4:0], B={ 3'000 $memory$flatten\u_sm.\lut.$auto$proc_rom.cc:150:do_switch$593$rdmux[0][2][2]$b$3961 [1:0] }, Y=$memory$flatten\u_sm.\lut.$auto$proc_rom.cc:150:do_switch$593$rdmux[0][1][1]$a$3951 [4:0]
      New connections: $memory$flatten\u_sm.\lut.$auto$proc_rom.cc:150:do_switch$593$rdmux[0][1][1]$a$3951 [15:5] = 11'00000000000
    Consolidated identical input bits for $mux cell $memory$flatten\u_sm.\lut.$auto$proc_rom.cc:150:do_switch$593$rdmux[0][2][1]$3956:
      Old ports: A=$memory$flatten\u_sm.\lut.$auto$proc_rom.cc:150:do_switch$593$rdmux[0][2][1]$a$3957, B=$memory$flatten\u_sm.\lut.$auto$proc_rom.cc:150:do_switch$593$rdmux[0][2][1]$b$3958, Y=$memory$flatten\u_sm.\lut.$auto$proc_rom.cc:150:do_switch$593$rdmux[0][1][0]$b$3949
      New ports: A=$memory$flatten\u_sm.\lut.$auto$proc_rom.cc:150:do_switch$593$rdmux[0][2][1]$a$3957 [10:0], B={ 3'000 $memory$flatten\u_sm.\lut.$auto$proc_rom.cc:150:do_switch$593$rdmux[0][2][1]$b$3958 [7:0] }, Y=$memory$flatten\u_sm.\lut.$auto$proc_rom.cc:150:do_switch$593$rdmux[0][1][0]$b$3949 [10:0]
      New connections: $memory$flatten\u_sm.\lut.$auto$proc_rom.cc:150:do_switch$593$rdmux[0][1][0]$b$3949 [15:11] = 5'00000
  Optimizing cells in module \ga2.
    Consolidated identical input bits for $mux cell $memory$flatten\u_sm.\lut.$auto$proc_rom.cc:150:do_switch$593$rdmux[0][1][1]$3950:
      Old ports: A=$memory$flatten\u_sm.\lut.$auto$proc_rom.cc:150:do_switch$593$rdmux[0][1][1]$a$3951, B=16'0000000000000000, Y=$memory$flatten\u_sm.\lut.$auto$proc_rom.cc:150:do_switch$593$rdmux[0][0][0]$b$3946
      New ports: A=$memory$flatten\u_sm.\lut.$auto$proc_rom.cc:150:do_switch$593$rdmux[0][1][1]$a$3951 [4:0], B=5'00000, Y=$memory$flatten\u_sm.\lut.$auto$proc_rom.cc:150:do_switch$593$rdmux[0][0][0]$b$3946 [4:0]
      New connections: $memory$flatten\u_sm.\lut.$auto$proc_rom.cc:150:do_switch$593$rdmux[0][0][0]$b$3946 [15:5] = 11'00000000000
  Optimizing cells in module \ga2.
Performed a total of 164 changes.

13.20.5. Executing OPT_MERGE pass (detect identical cells).
Finding identical cells in module `\ga2'.
<suppressed ~219 debug messages>
Removed a total of 73 cells.

13.20.6. Executing OPT_SHARE pass.
    Found cells that share an operand and can be merged by moving the $mux $flatten\u_sm.$ternary$rtl/ga2_sm.v:13$188 in front of them:
        $auto$alumacc.cc:485:replace_alu$3843
        $auto$alumacc.cc:485:replace_alu$3846

    Found cells that share an operand and can be merged by moving the $mux $flatten\u_va.$ternary$rtl/ga2_vec.v:42$133 in front of them:
        $auto$alumacc.cc:485:replace_alu$3789
        $auto$alumacc.cc:485:replace_alu$3786

13.20.7. Executing OPT_DFF pass (perform DFF optimizations).
Adding SRST signal on $auto$ff.cc:266:slice$3076 ($sdffce) from module ga2 (D = $auto$wreduce.cc:461:run$3369 [3:0], Q = \u_mm.m, rval = 4'0000).
Adding SRST signal on $auto$ff.cc:266:slice$2983 ($dffe) from module ga2 (D = $auto$wreduce.cc:461:run$3372 [3:0], Q = \u_mm.n, rval = 4'0000).

13.20.8. Executing OPT_CLEAN pass (remove unused cells and wires).
Finding unused cells or wires in module \ga2..
Removed 3 unused cells and 436 unused wires.
<suppressed ~4 debug messages>

13.20.9. Executing OPT_EXPR pass (perform const folding).
Optimizing module ga2.
<suppressed ~4 debug messages>

13.20.10. Rerunning OPT passes. (Maybe there is more to do..)

13.20.11. Executing OPT_MUXTREE pass (detect dead branches in mux trees).
Running muxtree optimizer on module \ga2..
  Creating internal representation of mux trees.
  Evaluating internal representation of mux trees.
  Analyzing evaluation results.
Removed 0 multiplexer ports.
<suppressed ~48 debug messages>

13.20.12. Executing OPT_REDUCE pass (consolidate $*mux and $reduce_* inputs).
  Optimizing cells in module \ga2.
    Consolidated identical input bits for $mux cell $memory$flatten\u_sm.\lut.$auto$proc_rom.cc:150:do_switch$593$rdmux[0][6][10]$4163:
      Old ports: A={ $memory$flatten\u_sm.\lut.$auto$proc_rom.cc:150:do_switch$593$rdmux[0][6][10]$a$4164 [10] 1'1 $memory$flatten\u_sm.\lut.$auto$proc_rom.cc:150:do_switch$593$rdmux[0][6][10]$a$4164 [9] 1'0 $memory$flatten\u_sm.\lut.$auto$proc_rom.cc:150:do_switch$593$rdmux[0][6][10]$a$4164 [9] $memory$flatten\u_sm.\lut.$auto$proc_rom.cc:150:do_switch$593$rdmux[0][6][10]$a$4164 [9] $memory$flatten\u_sm.\lut.$auto$proc_rom.cc:150:do_switch$593$rdmux[0][6][10]$a$4164 [9] 1'1 $memory$flatten\u_sm.\lut.$auto$proc_rom.cc:150:do_switch$593$rdmux[0][6][10]$a$4164 [10] }, B={ 1'0 $memory$flatten\u_sm.\lut.$auto$proc_rom.cc:150:do_switch$593$rdmux[0][6][10]$a$4164 [9] $memory$flatten\u_sm.\lut.$auto$proc_rom.cc:150:do_switch$593$rdmux[0][6][10]$a$4164 [10:9] 2'01 $memory$flatten\u_sm.\lut.$auto$proc_rom.cc:150:do_switch$593$rdmux[0][6][10]$a$4164 [9] $memory$flatten\u_sm.\lut.$auto$proc_rom.cc:150:do_switch$593$rdmux[0][6][10]$a$4164 [10] $memory$flatten\u_sm.\lut.$auto$proc_rom.cc:150:do_switch$593$rdmux[0][6][10]$a$4164 [10] }, Y={ $memory$flatten\u_sm.\lut.$auto$proc_rom.cc:150:do_switch$593$rdmux[0][5][5]$a$4053 [10] $memory$flatten\u_sm.\lut.$auto$proc_rom.cc:150:do_switch$593$rdmux[0][5][5]$a$4053 [8] $memory$flatten\u_sm.\lut.$auto$proc_rom.cc:150:do_switch$593$rdmux[0][5][5]$a$4053 [9] $memory$flatten\u_sm.\lut.$auto$proc_rom.cc:150:do_switch$593$rdmux[0][5][5]$a$4053 [6] $memory$flatten\u_sm.\lut.$auto$proc_rom.cc:150:do_switch$593$rdmux[0][5][5]$a$4053 [4:3] $memory$flatten\u_sm.\lut.$auto$proc_rom.cc:150:do_switch$593$rdmux[0][5][5]$a$4053 [5] $memory$flatten\u_sm.\lut.$auto$proc_rom.cc:150:do_switch$593$rdmux[0][5][5]$a$4053 [1:0] }
      New ports: A={ $memory$flatten\u_sm.\lut.$auto$proc_rom.cc:150:do_switch$593$rdmux[0][6][10]$a$4164 [10] 1'1 $memory$flatten\u_sm.\lut.$auto$proc_rom.cc:150:do_switch$593$rdmux[0][6][10]$a$4164 [9] 1'0 $memory$flatten\u_sm.\lut.$auto$proc_rom.cc:150:do_switch$593$rdmux[0][6][10]$a$4164 [9] $memory$flatten\u_sm.\lut.$auto$proc_rom.cc:150:do_switch$593$rdmux[0][6][10]$a$4164 [9] 1'1 }, B={ 1'0 $memory$flatten\u_sm.\lut.$auto$proc_rom.cc:150:do_switch$593$rdmux[0][6][10]$a$4164 [9] $memory$flatten\u_sm.\lut.$auto$proc_rom.cc:150:do_switch$593$rdmux[0][6][10]$a$4164 [10:9] 2'01 $memory$flatten\u_sm.\lut.$auto$proc_rom.cc:150:do_switch$593$rdmux[0][6][10]$a$4164 [10] }, Y={ $memory$flatten\u_sm.\lut.$auto$proc_rom.cc:150:do_switch$593$rdmux[0][5][5]$a$4053 [10] $memory$flatten\u_sm.\lut.$auto$proc_rom.cc:150:do_switch$593$rdmux[0][5][5]$a$4053 [8] $memory$flatten\u_sm.\lut.$auto$proc_rom.cc:150:do_switch$593$rdmux[0][5][5]$a$4053 [9] $memory$flatten\u_sm.\lut.$auto$proc_rom.cc:150:do_switch$593$rdmux[0][5][5]$a$4053 [6] $memory$flatten\u_sm.\lut.$auto$proc_rom.cc:150:do_switch$593$rdmux[0][5][5]$a$4053 [4:3] $memory$flatten\u_sm.\lut.$auto$proc_rom.cc:150:do_switch$593$rdmux[0][5][5]$a$4053 [1] }
      New connections: { $memory$flatten\u_sm.\lut.$auto$proc_rom.cc:150:do_switch$593$rdmux[0][5][5]$a$4053 [5] $memory$flatten\u_sm.\lut.$auto$proc_rom.cc:150:do_switch$593$rdmux[0][5][5]$a$4053 [0] } = { $memory$flatten\u_sm.\lut.$auto$proc_rom.cc:150:do_switch$593$rdmux[0][6][10]$a$4164 [9] $memory$flatten\u_sm.\lut.$auto$proc_rom.cc:150:do_switch$593$rdmux[0][6][10]$a$4164 [10] }
    Consolidated identical input bits for $mux cell $memory$flatten\u_sm.\lut.$auto$proc_rom.cc:150:do_switch$593$rdmux[0][6][11]$4166:
      Old ports: A={ $memory$flatten\u_sm.\lut.$auto$proc_rom.cc:150:do_switch$593$rdmux[0][6][10]$a$4164 [9] $memory$flatten\u_sm.\lut.$auto$proc_rom.cc:150:do_switch$593$rdmux[0][6][10]$a$4164 [9] 2'01 $memory$flatten\u_sm.\lut.$auto$proc_rom.cc:150:do_switch$593$rdmux[0][6][10]$a$4164 [9] $memory$flatten\u_sm.\lut.$auto$proc_rom.cc:150:do_switch$593$rdmux[0][6][10]$a$4164 [10] $memory$flatten\u_sm.\lut.$auto$proc_rom.cc:150:do_switch$593$rdmux[0][6][10]$a$4164 [10] 1'0 }, B={ 1'1 $memory$flatten\u_sm.\lut.$auto$proc_rom.cc:150:do_switch$593$rdmux[0][6][10]$a$4164 [9] $memory$flatten\u_sm.\lut.$auto$proc_rom.cc:150:do_switch$593$rdmux[0][6][10]$a$4164 [9] $memory$flatten\u_sm.\lut.$auto$proc_rom.cc:150:do_switch$593$rdmux[0][6][10]$a$4164 [10] $memory$flatten\u_sm.\lut.$auto$proc_rom.cc:150:do_switch$593$rdmux[0][6][10]$a$4164 [10] 3'101 }, Y={ $memory$flatten\u_sm.\lut.$auto$proc_rom.cc:150:do_switch$593$rdmux[0][5][5]$b$4054 [11] $memory$flatten\u_sm.\lut.$auto$proc_rom.cc:150:do_switch$593$rdmux[0][5][5]$b$4054 [8:6] $memory$flatten\u_sm.\lut.$auto$proc_rom.cc:150:do_switch$593$rdmux[0][5][5]$b$4054 [9] $memory$flatten\u_sm.\lut.$auto$proc_rom.cc:150:do_switch$593$rdmux[0][5][5]$b$4054 [4] $memory$flatten\u_sm.\lut.$auto$proc_rom.cc:150:do_switch$593$rdmux[0][5][5]$b$4054 [12] $memory$flatten\u_sm.\lut.$auto$proc_rom.cc:150:do_switch$593$rdmux[0][5][5]$b$4054 [0] }
      New ports: A={ $memory$flatten\u_sm.\lut.$auto$proc_rom.cc:150:do_switch$593$rdmux[0][6][10]$a$4164 [9] 2'01 $memory$flatten\u_sm.\lut.$auto$proc_rom.cc:150:do_switch$593$rdmux[0][6][10]$a$4164 [9] $memory$flatten\u_sm.\lut.$auto$proc_rom.cc:150:do_switch$593$rdmux[0][6][10]$a$4164 [10] $memory$flatten\u_sm.\lut.$auto$proc_rom.cc:150:do_switch$593$rdmux[0][6][10]$a$4164 [10] 1'0 }, B={ 1'1 $memory$flatten\u_sm.\lut.$auto$proc_rom.cc:150:do_switch$593$rdmux[0][6][10]$a$4164 [9] $memory$flatten\u_sm.\lut.$auto$proc_rom.cc:150:do_switch$593$rdmux[0][6][10]$a$4164 [10] $memory$flatten\u_sm.\lut.$auto$proc_rom.cc:150:do_switch$593$rdmux[0][6][10]$a$4164 [10] 3'101 }, Y={ $memory$flatten\u_sm.\lut.$auto$proc_rom.cc:150:do_switch$593$rdmux[0][5][5]$b$4054 [11] $memory$flatten\u_sm.\lut.$auto$proc_rom.cc:150:do_switch$593$rdmux[0][5][5]$b$4054 [7:6] $memory$flatten\u_sm.\lut.$auto$proc_rom.cc:150:do_switch$593$rdmux[0][5][5]$b$4054 [9] $memory$flatten\u_sm.\lut.$auto$proc_rom.cc:150:do_switch$593$rdmux[0][5][5]$b$4054 [4] $memory$flatten\u_sm.\lut.$auto$proc_rom.cc:150:do_switch$593$rdmux[0][5][5]$b$4054 [12] $memory$flatten\u_sm.\lut.$auto$proc_rom.cc:150:do_switch$593$rdmux[0][5][5]$b$4054 [0] }
      New connections: $memory$flatten\u_sm.\lut.$auto$proc_rom.cc:150:do_switch$593$rdmux[0][5][5]$b$4054 [8] = $memory$flatten\u_sm.\lut.$auto$proc_rom.cc:150:do_switch$593$rdmux[0][6][10]$a$4164 [9]
    Consolidated identical input bits for $mux cell $memory$flatten\u_sm.\lut.$auto$proc_rom.cc:150:do_switch$593$rdmux[0][6][12]$4169:
      Old ports: A={ $memory$flatten\u_sm.\lut.$auto$proc_rom.cc:150:do_switch$593$rdmux[0][6][10]$a$4164 [10:9] $memory$flatten\u_sm.\lut.$auto$proc_rom.cc:150:do_switch$593$rdmux[0][6][10]$a$4164 [9] 1'1 $memory$flatten\u_sm.\lut.$auto$proc_rom.cc:150:do_switch$593$rdmux[0][6][10]$a$4164 [9] 1'1 $memory$flatten\u_sm.\lut.$auto$proc_rom.cc:150:do_switch$593$rdmux[0][6][10]$a$4164 [10] }, B={ 2'01 $memory$flatten\u_sm.\lut.$auto$proc_rom.cc:150:do_switch$593$rdmux[0][6][10]$a$4164 [10:9] 1'0 $memory$flatten\u_sm.\lut.$auto$proc_rom.cc:150:do_switch$593$rdmux[0][6][10]$a$4164 [10] $memory$flatten\u_sm.\lut.$auto$proc_rom.cc:150:do_switch$593$rdmux[0][6][10]$a$4164 [10] }, Y={ $memory$flatten\u_sm.\lut.$auto$proc_rom.cc:150:do_switch$593$rdmux[0][5][6]$a$4056 [10:5] $memory$flatten\u_sm.\lut.$auto$proc_rom.cc:150:do_switch$593$rdmux[0][5][6]$a$4056 [2] }
      New ports: A={ $memory$flatten\u_sm.\lut.$auto$proc_rom.cc:150:do_switch$593$rdmux[0][6][10]$a$4164 [10:9] $memory$flatten\u_sm.\lut.$auto$proc_rom.cc:150:do_switch$593$rdmux[0][6][10]$a$4164 [9] 1'1 $memory$flatten\u_sm.\lut.$auto$proc_rom.cc:150:do_switch$593$rdmux[0][6][10]$a$4164 [9] 1'1 }, B={ 2'01 $memory$flatten\u_sm.\lut.$auto$proc_rom.cc:150:do_switch$593$rdmux[0][6][10]$a$4164 [10:9] 1'0 $memory$flatten\u_sm.\lut.$auto$proc_rom.cc:150:do_switch$593$rdmux[0][6][10]$a$4164 [10] }, Y=$memory$flatten\u_sm.\lut.$auto$proc_rom.cc:150:do_switch$593$rdmux[0][5][6]$a$4056 [10:5]
      New connections: $memory$flatten\u_sm.\lut.$auto$proc_rom.cc:150:do_switch$593$rdmux[0][5][6]$a$4056 [2] = $memory$flatten\u_sm.\lut.$auto$proc_rom.cc:150:do_switch$593$rdmux[0][6][10]$a$4164 [10]
    Consolidated identical input bits for $mux cell $memory$flatten\u_sm.\lut.$auto$proc_rom.cc:150:do_switch$593$rdmux[0][6][13]$4172:
      Old ports: A={ 1'1 $memory$flatten\u_sm.\lut.$auto$proc_rom.cc:150:do_switch$593$rdmux[0][6][0]$b$4135 [13] 1'1 $memory$flatten\u_sm.\lut.$auto$proc_rom.cc:150:do_switch$593$rdmux[0][6][0]$b$4135 [12] $memory$flatten\u_sm.\lut.$auto$proc_rom.cc:150:do_switch$593$rdmux[0][6][0]$b$4135 [13] $memory$flatten\u_sm.\lut.$auto$proc_rom.cc:150:do_switch$593$rdmux[0][6][0]$b$4135 [13:12] 1'1 }, B={ 1'0 $memory$flatten\u_sm.\lut.$auto$proc_rom.cc:150:do_switch$593$rdmux[0][6][0]$b$4135 [13] $memory$flatten\u_sm.\lut.$auto$proc_rom.cc:150:do_switch$593$rdmux[0][6][0]$b$4135 [13:12] $memory$flatten\u_sm.\lut.$auto$proc_rom.cc:150:do_switch$593$rdmux[0][6][0]$b$4135 [12] 2'01 $memory$flatten\u_sm.\lut.$auto$proc_rom.cc:150:do_switch$593$rdmux[0][6][0]$b$4135 [12] }, Y={ $memory$flatten\u_sm.\lut.$auto$proc_rom.cc:150:do_switch$593$rdmux[0][5][6]$b$4057 [8:6] $memory$flatten\u_sm.\lut.$auto$proc_rom.cc:150:do_switch$593$rdmux[0][5][6]$b$4057 [4] $memory$flatten\u_sm.\lut.$auto$proc_rom.cc:150:do_switch$593$rdmux[0][5][6]$b$4057 [5] $memory$flatten\u_sm.\lut.$auto$proc_rom.cc:150:do_switch$593$rdmux[0][5][6]$b$4057 [2:0] }
      New ports: A={ 2'11 $memory$flatten\u_sm.\lut.$auto$proc_rom.cc:150:do_switch$593$rdmux[0][6][0]$b$4135 [13] $memory$flatten\u_sm.\lut.$auto$proc_rom.cc:150:do_switch$593$rdmux[0][6][0]$b$4135 [13:12] 1'1 }, B={ 1'0 $memory$flatten\u_sm.\lut.$auto$proc_rom.cc:150:do_switch$593$rdmux[0][6][0]$b$4135 [13:12] 2'01 $memory$flatten\u_sm.\lut.$auto$proc_rom.cc:150:do_switch$593$rdmux[0][6][0]$b$4135 [12] }, Y={ $memory$flatten\u_sm.\lut.$auto$proc_rom.cc:150:do_switch$593$rdmux[0][5][6]$b$4057 [8] $memory$flatten\u_sm.\lut.$auto$proc_rom.cc:150:do_switch$593$rdmux[0][5][6]$b$4057 [6:5] $memory$flatten\u_sm.\lut.$auto$proc_rom.cc:150:do_switch$593$rdmux[0][5][6]$b$4057 [2:0] }
      New connections: { $memory$flatten\u_sm.\lut.$auto$proc_rom.cc:150:do_switch$593$rdmux[0][5][6]$b$4057 [7] $memory$flatten\u_sm.\lut.$auto$proc_rom.cc:150:do_switch$593$rdmux[0][5][6]$b$4057 [4] } = $memory$flatten\u_sm.\lut.$auto$proc_rom.cc:150:do_switch$593$rdmux[0][6][0]$b$4135 [13:12]
    Consolidated identical input bits for $mux cell $memory$flatten\u_sm.\lut.$auto$proc_rom.cc:150:do_switch$593$rdmux[0][6][16]$4181:
      Old ports: A={ 2'10 $memory$flatten\u_sm.\lut.$auto$proc_rom.cc:150:do_switch$593$rdmux[0][6][0]$b$4135 [13:12] $memory$flatten\u_sm.\lut.$auto$proc_rom.cc:150:do_switch$593$rdmux[0][6][0]$b$4135 [13:12] 1'0 }, B={ $memory$flatten\u_sm.\lut.$auto$proc_rom.cc:150:do_switch$593$rdmux[0][6][0]$b$4135 [13:12] $memory$flatten\u_sm.\lut.$auto$proc_rom.cc:150:do_switch$593$rdmux[0][6][0]$b$4135 [12] $memory$flatten\u_sm.\lut.$auto$proc_rom.cc:150:do_switch$593$rdmux[0][6][0]$b$4135 [12] 3'001 }, Y={ $memory$flatten\u_sm.\lut.$auto$proc_rom.cc:150:do_switch$593$rdmux[0][5][8]$a$4062 [10:9] $memory$flatten\u_sm.\lut.$auto$proc_rom.cc:150:do_switch$593$rdmux[0][5][8]$a$4062 [7:6] $memory$flatten\u_sm.\lut.$auto$proc_rom.cc:150:do_switch$593$rdmux[0][5][8]$a$4062 [4:3] $memory$flatten\u_sm.\lut.$auto$proc_rom.cc:150:do_switch$593$rdmux[0][5][8]$a$4062 [1] }
      New ports: A={ 2'10 $memory$flatten\u_sm.\lut.$auto$proc_rom.cc:150:do_switch$593$rdmux[0][6][0]$b$4135 [13] $memory$flatten\u_sm.\lut.$auto$proc_rom.cc:150:do_switch$593$rdmux[0][6][0]$b$4135 [13:12] 1'0 }, B={ $memory$flatten\u_sm.\lut.$auto$proc_rom.cc:150:do_switch$593$rdmux[0][6][0]$b$4135 [13:12] $memory$flatten\u_sm.\lut.$auto$proc_rom.cc:150:do_switch$593$rdmux[0][6][0]$b$4135 [12] 3'001 }, Y={ $memory$flatten\u_sm.\lut.$auto$proc_rom.cc:150:do_switch$593$rdmux[0][5][8]$a$4062 [10:9] $memory$flatten\u_sm.\lut.$auto$proc_rom.cc:150:do_switch$593$rdmux[0][5][8]$a$4062 [7] $memory$flatten\u_sm.\lut.$auto$proc_rom.cc:150:do_switch$593$rdmux[0][5][8]$a$4062 [4:3] $memory$flatten\u_sm.\lut.$auto$proc_rom.cc:150:do_switch$593$rdmux[0][5][8]$a$4062 [1] }
      New connections: $memory$flatten\u_sm.\lut.$auto$proc_rom.cc:150:do_switch$593$rdmux[0][5][8]$a$4062 [6] = $memory$flatten\u_sm.\lut.$auto$proc_rom.cc:150:do_switch$593$rdmux[0][6][0]$b$4135 [12]
    Consolidated identical input bits for $mux cell $memory$flatten\u_sm.\lut.$auto$proc_rom.cc:150:do_switch$593$rdmux[0][6][22]$4199:
      Old ports: A={ $memory$flatten\u_sm.\lut.$auto$proc_rom.cc:150:do_switch$593$rdmux[0][6][0]$b$4135 [13:12] $memory$flatten\u_sm.\lut.$auto$proc_rom.cc:150:do_switch$593$rdmux[0][6][0]$b$4135 [12] $memory$flatten\u_sm.\lut.$auto$proc_rom.cc:150:do_switch$593$rdmux[0][6][0]$b$4135 [12] 1'0 }, B={ 2'01 $memory$flatten\u_sm.\lut.$auto$proc_rom.cc:150:do_switch$593$rdmux[0][6][0]$b$4135 [13:12] $memory$flatten\u_sm.\lut.$auto$proc_rom.cc:150:do_switch$593$rdmux[0][6][0]$b$4135 [12] }, Y={ $memory$flatten\u_sm.\lut.$auto$proc_rom.cc:150:do_switch$593$rdmux[0][5][11]$a$4071 [8:7] $memory$flatten\u_sm.\lut.$auto$proc_rom.cc:150:do_switch$593$rdmux[0][5][11]$a$4071 [5:4] $memory$flatten\u_sm.\lut.$auto$proc_rom.cc:150:do_switch$593$rdmux[0][5][11]$a$4071 [1] }
      New ports: A={ $memory$flatten\u_sm.\lut.$auto$proc_rom.cc:150:do_switch$593$rdmux[0][6][0]$b$4135 [13:12] $memory$flatten\u_sm.\lut.$auto$proc_rom.cc:150:do_switch$593$rdmux[0][6][0]$b$4135 [12] 1'0 }, B={ 2'01 $memory$flatten\u_sm.\lut.$auto$proc_rom.cc:150:do_switch$593$rdmux[0][6][0]$b$4135 [13:12] }, Y={ $memory$flatten\u_sm.\lut.$auto$proc_rom.cc:150:do_switch$593$rdmux[0][5][11]$a$4071 [8:7] $memory$flatten\u_sm.\lut.$auto$proc_rom.cc:150:do_switch$593$rdmux[0][5][11]$a$4071 [5] $memory$flatten\u_sm.\lut.$auto$proc_rom.cc:150:do_switch$593$rdmux[0][5][11]$a$4071 [1] }
      New connections: $memory$flatten\u_sm.\lut.$auto$proc_rom.cc:150:do_switch$593$rdmux[0][5][11]$a$4071 [4] = $memory$flatten\u_sm.\lut.$auto$proc_rom.cc:150:do_switch$593$rdmux[0][6][0]$b$4135 [12]
    Consolidated identical input bits for $mux cell $memory$flatten\u_sm.\lut.$auto$proc_rom.cc:150:do_switch$593$rdmux[0][6][27]$4214:
      Old ports: A={ 1'1 $memory$flatten\u_sm.\lut.$auto$proc_rom.cc:150:do_switch$593$rdmux[0][6][0]$a$4134 [11] $memory$flatten\u_sm.\lut.$auto$proc_rom.cc:150:do_switch$593$rdmux[0][6][0]$a$4134 [11] }, B={ 1'0 $memory$flatten\u_sm.\lut.$auto$proc_rom.cc:150:do_switch$593$rdmux[0][6][0]$a$4134 [11] 1'0 }, Y={ $memory$flatten\u_sm.\lut.$auto$proc_rom.cc:150:do_switch$593$rdmux[0][5][13]$b$4078 [3:2] $memory$flatten\u_sm.\lut.$auto$proc_rom.cc:150:do_switch$593$rdmux[0][5][13]$b$4078 [0] }
      New ports: A={ 1'1 $memory$flatten\u_sm.\lut.$auto$proc_rom.cc:150:do_switch$593$rdmux[0][6][0]$a$4134 [11] }, B=2'00, Y={ $memory$flatten\u_sm.\lut.$auto$proc_rom.cc:150:do_switch$593$rdmux[0][5][13]$b$4078 [3] $memory$flatten\u_sm.\lut.$auto$proc_rom.cc:150:do_switch$593$rdmux[0][5][13]$b$4078 [0] }
      New connections: $memory$flatten\u_sm.\lut.$auto$proc_rom.cc:150:do_switch$593$rdmux[0][5][13]$b$4078 [2] = $memory$flatten\u_sm.\lut.$auto$proc_rom.cc:150:do_switch$593$rdmux[0][6][0]$a$4134 [11]
    Consolidated identical input bits for $mux cell $memory$flatten\u_sm.\lut.$auto$proc_rom.cc:150:do_switch$593$rdmux[0][6][2]$4139:
      Old ports: A={ $memory$flatten\u_sm.\lut.$auto$proc_rom.cc:150:do_switch$593$rdmux[0][6][0]$b$4135 [13] $memory$flatten\u_sm.\lut.$auto$proc_rom.cc:150:do_switch$593$rdmux[0][6][0]$b$4135 [13] 2'10 $memory$flatten\u_sm.\lut.$auto$proc_rom.cc:150:do_switch$593$rdmux[0][6][0]$b$4135 [12] 3'101 }, B={ $memory$flatten\u_sm.\lut.$auto$proc_rom.cc:150:do_switch$593$rdmux[0][6][0]$b$4135 [13] 2'00 $memory$flatten\u_sm.\lut.$auto$proc_rom.cc:150:do_switch$593$rdmux[0][6][0]$b$4135 [12] $memory$flatten\u_sm.\lut.$auto$proc_rom.cc:150:do_switch$593$rdmux[0][6][0]$b$4135 [12] $memory$flatten\u_sm.\lut.$auto$proc_rom.cc:150:do_switch$593$rdmux[0][6][0]$b$4135 [13] $memory$flatten\u_sm.\lut.$auto$proc_rom.cc:150:do_switch$593$rdmux[0][6][0]$b$4135 [13:12] }, Y={ $memory$flatten\u_sm.\lut.$auto$proc_rom.cc:150:do_switch$593$rdmux[0][5][1]$a$4041 [11] $memory$flatten\u_sm.\lut.$auto$proc_rom.cc:150:do_switch$593$rdmux[0][5][1]$a$4041 [9] $memory$flatten\u_sm.\lut.$auto$proc_rom.cc:150:do_switch$593$rdmux[0][5][1]$a$4041 [12] $memory$flatten\u_sm.\lut.$auto$proc_rom.cc:150:do_switch$593$rdmux[0][5][1]$a$4041 [5] $memory$flatten\u_sm.\lut.$auto$proc_rom.cc:150:do_switch$593$rdmux[0][5][1]$a$4041 [7] $memory$flatten\u_sm.\lut.$auto$proc_rom.cc:150:do_switch$593$rdmux[0][5][1]$a$4041 [8] $memory$flatten\u_sm.\lut.$auto$proc_rom.cc:150:do_switch$593$rdmux[0][5][1]$a$4041 [1:0] }
      New ports: A={ $memory$flatten\u_sm.\lut.$auto$proc_rom.cc:150:do_switch$593$rdmux[0][6][0]$b$4135 [13] 5'10101 }, B={ 2'00 $memory$flatten\u_sm.\lut.$auto$proc_rom.cc:150:do_switch$593$rdmux[0][6][0]$b$4135 [12] $memory$flatten\u_sm.\lut.$auto$proc_rom.cc:150:do_switch$593$rdmux[0][6][0]$b$4135 [13] $memory$flatten\u_sm.\lut.$auto$proc_rom.cc:150:do_switch$593$rdmux[0][6][0]$b$4135 [13:12] }, Y={ $memory$flatten\u_sm.\lut.$auto$proc_rom.cc:150:do_switch$593$rdmux[0][5][1]$a$4041 [9] $memory$flatten\u_sm.\lut.$auto$proc_rom.cc:150:do_switch$593$rdmux[0][5][1]$a$4041 [12] $memory$flatten\u_sm.\lut.$auto$proc_rom.cc:150:do_switch$593$rdmux[0][5][1]$a$4041 [5] $memory$flatten\u_sm.\lut.$auto$proc_rom.cc:150:do_switch$593$rdmux[0][5][1]$a$4041 [8] $memory$flatten\u_sm.\lut.$auto$proc_rom.cc:150:do_switch$593$rdmux[0][5][1]$a$4041 [1:0] }
      New connections: { $memory$flatten\u_sm.\lut.$auto$proc_rom.cc:150:do_switch$593$rdmux[0][5][1]$a$4041 [11] $memory$flatten\u_sm.\lut.$auto$proc_rom.cc:150:do_switch$593$rdmux[0][5][1]$a$4041 [7] } = $memory$flatten\u_sm.\lut.$auto$proc_rom.cc:150:do_switch$593$rdmux[0][6][0]$b$4135 [13:12]
    Consolidated identical input bits for $mux cell $memory$flatten\u_sm.\lut.$auto$proc_rom.cc:150:do_switch$593$rdmux[0][6][30]$4223:
      Old ports: A={ 2'10 $memory$flatten\u_sm.\lut.$auto$proc_rom.cc:150:do_switch$593$rdmux[0][6][0]$b$4135 [13:12] }, B={ $memory$flatten\u_sm.\lut.$auto$proc_rom.cc:150:do_switch$593$rdmux[0][6][0]$b$4135 [13:12] $memory$flatten\u_sm.\lut.$auto$proc_rom.cc:150:do_switch$593$rdmux[0][6][0]$b$4135 [12] $memory$flatten\u_sm.\lut.$auto$proc_rom.cc:150:do_switch$593$rdmux[0][6][0]$b$4135 [12] }, Y={ $memory$flatten\u_sm.\lut.$auto$proc_rom.cc:150:do_switch$593$rdmux[0][5][15]$a$4083 [5:4] $memory$flatten\u_sm.\lut.$auto$proc_rom.cc:150:do_switch$593$rdmux[0][5][15]$a$4083 [2:1] }
      New ports: A={ 2'10 $memory$flatten\u_sm.\lut.$auto$proc_rom.cc:150:do_switch$593$rdmux[0][6][0]$b$4135 [13] }, B={ $memory$flatten\u_sm.\lut.$auto$proc_rom.cc:150:do_switch$593$rdmux[0][6][0]$b$4135 [13:12] $memory$flatten\u_sm.\lut.$auto$proc_rom.cc:150:do_switch$593$rdmux[0][6][0]$b$4135 [12] }, Y={ $memory$flatten\u_sm.\lut.$auto$proc_rom.cc:150:do_switch$593$rdmux[0][5][15]$a$4083 [5:4] $memory$flatten\u_sm.\lut.$auto$proc_rom.cc:150:do_switch$593$rdmux[0][5][15]$a$4083 [2] }
      New connections: $memory$flatten\u_sm.\lut.$auto$proc_rom.cc:150:do_switch$593$rdmux[0][5][15]$a$4083 [1] = $memory$flatten\u_sm.\lut.$auto$proc_rom.cc:150:do_switch$593$rdmux[0][6][0]$b$4135 [12]
    Consolidated identical input bits for $mux cell $memory$flatten\u_sm.\lut.$auto$proc_rom.cc:150:do_switch$593$rdmux[0][6][31]$4226:
      Old ports: A={ 1'1 $memory$flatten\u_sm.\lut.$auto$proc_rom.cc:150:do_switch$593$rdmux[0][6][0]$b$4135 [13:12] $memory$flatten\u_sm.\lut.$auto$proc_rom.cc:150:do_switch$593$rdmux[0][6][0]$b$4135 [12] }, B={ $memory$flatten\u_sm.\lut.$auto$proc_rom.cc:150:do_switch$593$rdmux[0][6][0]$b$4135 [13:12] $memory$flatten\u_sm.\lut.$auto$proc_rom.cc:150:do_switch$593$rdmux[0][6][0]$b$4135 [12] 1'1 }, Y=$memory$flatten\u_sm.\lut.$auto$proc_rom.cc:150:do_switch$593$rdmux[0][5][15]$b$4084 [3:0]
      New ports: A={ 1'1 $memory$flatten\u_sm.\lut.$auto$proc_rom.cc:150:do_switch$593$rdmux[0][6][0]$b$4135 [13:12] }, B={ $memory$flatten\u_sm.\lut.$auto$proc_rom.cc:150:do_switch$593$rdmux[0][6][0]$b$4135 [13:12] 1'1 }, Y={ $memory$flatten\u_sm.\lut.$auto$proc_rom.cc:150:do_switch$593$rdmux[0][5][15]$b$4084 [3:2] $memory$flatten\u_sm.\lut.$auto$proc_rom.cc:150:do_switch$593$rdmux[0][5][15]$b$4084 [0] }
      New connections: $memory$flatten\u_sm.\lut.$auto$proc_rom.cc:150:do_switch$593$rdmux[0][5][15]$b$4084 [1] = $memory$flatten\u_sm.\lut.$auto$proc_rom.cc:150:do_switch$593$rdmux[0][6][0]$b$4135 [12]
    Consolidated identical input bits for $mux cell $memory$flatten\u_sm.\lut.$auto$proc_rom.cc:150:do_switch$593$rdmux[0][6][33]$4232:
      Old ports: A={ 2'10 $memory$flatten\u_sm.\lut.$auto$proc_rom.cc:150:do_switch$593$rdmux[0][6][0]$a$4134 [11] }, B={ 2'01 $memory$flatten\u_sm.\lut.$auto$proc_rom.cc:150:do_switch$593$rdmux[0][6][0]$a$4134 [11] }, Y={ $memory$flatten\u_sm.\lut.$auto$proc_rom.cc:150:do_switch$593$rdmux[0][5][16]$b$4087 [4:3] $memory$flatten\u_sm.\lut.$auto$proc_rom.cc:150:do_switch$593$rdmux[0][5][16]$b$4087 [0] }
      New ports: A=2'10, B=2'01, Y=$memory$flatten\u_sm.\lut.$auto$proc_rom.cc:150:do_switch$593$rdmux[0][5][16]$b$4087 [4:3]
      New connections: $memory$flatten\u_sm.\lut.$auto$proc_rom.cc:150:do_switch$593$rdmux[0][5][16]$b$4087 [0] = $memory$flatten\u_sm.\lut.$auto$proc_rom.cc:150:do_switch$593$rdmux[0][6][0]$a$4134 [11]
    Consolidated identical input bits for $mux cell $memory$flatten\u_sm.\lut.$auto$proc_rom.cc:150:do_switch$593$rdmux[0][6][3]$4142:
      Old ports: A={ 1'0 $memory$flatten\u_sm.\lut.$auto$proc_rom.cc:150:do_switch$593$rdmux[0][6][10]$a$4164 [9] $memory$flatten\u_sm.\lut.$auto$proc_rom.cc:150:do_switch$593$rdmux[0][6][10]$a$4164 [10:9] 1'1 $memory$flatten\u_sm.\lut.$auto$proc_rom.cc:150:do_switch$593$rdmux[0][6][10]$a$4164 [10] 2'01 }, B={ $memory$flatten\u_sm.\lut.$auto$proc_rom.cc:150:do_switch$593$rdmux[0][6][10]$a$4164 [9] 1'0 $memory$flatten\u_sm.\lut.$auto$proc_rom.cc:150:do_switch$593$rdmux[0][6][10]$a$4164 [9] $memory$flatten\u_sm.\lut.$auto$proc_rom.cc:150:do_switch$593$rdmux[0][6][10]$a$4164 [10] 1'0 $memory$flatten\u_sm.\lut.$auto$proc_rom.cc:150:do_switch$593$rdmux[0][6][10]$a$4164 [10] $memory$flatten\u_sm.\lut.$auto$proc_rom.cc:150:do_switch$593$rdmux[0][6][10]$a$4164 [10] $memory$flatten\u_sm.\lut.$auto$proc_rom.cc:150:do_switch$593$rdmux[0][6][10]$a$4164 [10] }, Y={ $memory$flatten\u_sm.\lut.$auto$proc_rom.cc:150:do_switch$593$rdmux[0][5][1]$b$4042 [10] $memory$flatten\u_sm.\lut.$auto$proc_rom.cc:150:do_switch$593$rdmux[0][5][1]$b$4042 [8] $memory$flatten\u_sm.\lut.$auto$proc_rom.cc:150:do_switch$593$rdmux[0][5][1]$b$4042 [6] $memory$flatten\u_sm.\lut.$auto$proc_rom.cc:150:do_switch$593$rdmux[0][5][1]$b$4042 [4] $memory$flatten\u_sm.\lut.$auto$proc_rom.cc:150:do_switch$593$rdmux[0][5][1]$b$4042 [12:11] $memory$flatten\u_sm.\lut.$auto$proc_rom.cc:150:do_switch$593$rdmux[0][5][1]$b$4042 [9] $memory$flatten\u_sm.\lut.$auto$proc_rom.cc:150:do_switch$593$rdmux[0][5][1]$b$4042 [7] }
      New ports: A={ 1'0 $memory$flatten\u_sm.\lut.$auto$proc_rom.cc:150:do_switch$593$rdmux[0][6][10]$a$4164 [9] $memory$flatten\u_sm.\lut.$auto$proc_rom.cc:150:do_switch$593$rdmux[0][6][10]$a$4164 [10:9] 3'101 }, B={ $memory$flatten\u_sm.\lut.$auto$proc_rom.cc:150:do_switch$593$rdmux[0][6][10]$a$4164 [9] 1'0 $memory$flatten\u_sm.\lut.$auto$proc_rom.cc:150:do_switch$593$rdmux[0][6][10]$a$4164 [9] $memory$flatten\u_sm.\lut.$auto$proc_rom.cc:150:do_switch$593$rdmux[0][6][10]$a$4164 [10] 1'0 $memory$flatten\u_sm.\lut.$auto$proc_rom.cc:150:do_switch$593$rdmux[0][6][10]$a$4164 [10] $memory$flatten\u_sm.\lut.$auto$proc_rom.cc:150:do_switch$593$rdmux[0][6][10]$a$4164 [10] }, Y={ $memory$flatten\u_sm.\lut.$auto$proc_rom.cc:150:do_switch$593$rdmux[0][5][1]$b$4042 [10] $memory$flatten\u_sm.\lut.$auto$proc_rom.cc:150:do_switch$593$rdmux[0][5][1]$b$4042 [8] $memory$flatten\u_sm.\lut.$auto$proc_rom.cc:150:do_switch$593$rdmux[0][5][1]$b$4042 [6] $memory$flatten\u_sm.\lut.$auto$proc_rom.cc:150:do_switch$593$rdmux[0][5][1]$b$4042 [4] $memory$flatten\u_sm.\lut.$auto$proc_rom.cc:150:do_switch$593$rdmux[0][5][1]$b$4042 [12] $memory$flatten\u_sm.\lut.$auto$proc_rom.cc:150:do_switch$593$rdmux[0][5][1]$b$4042 [9] $memory$flatten\u_sm.\lut.$auto$proc_rom.cc:150:do_switch$593$rdmux[0][5][1]$b$4042 [7] }
      New connections: $memory$flatten\u_sm.\lut.$auto$proc_rom.cc:150:do_switch$593$rdmux[0][5][1]$b$4042 [11] = $memory$flatten\u_sm.\lut.$auto$proc_rom.cc:150:do_switch$593$rdmux[0][6][10]$a$4164 [10]
    Consolidated identical input bits for $mux cell $memory$flatten\u_sm.\lut.$auto$proc_rom.cc:150:do_switch$593$rdmux[0][6][5]$4148:
      Old ports: A={ 2'10 $memory$flatten\u_sm.\lut.$auto$proc_rom.cc:150:do_switch$593$rdmux[0][6][0]$b$4135 [13] $memory$flatten\u_sm.\lut.$auto$proc_rom.cc:150:do_switch$593$rdmux[0][6][0]$b$4135 [13] 1'1 $memory$flatten\u_sm.\lut.$auto$proc_rom.cc:150:do_switch$593$rdmux[0][6][0]$b$4135 [12] $memory$flatten\u_sm.\lut.$auto$proc_rom.cc:150:do_switch$593$rdmux[0][6][0]$b$4135 [13] $memory$flatten\u_sm.\lut.$auto$proc_rom.cc:150:do_switch$593$rdmux[0][6][0]$b$4135 [13:12] $memory$flatten\u_sm.\lut.$auto$proc_rom.cc:150:do_switch$593$rdmux[0][6][0]$b$4135 [12] $memory$flatten\u_sm.\lut.$auto$proc_rom.cc:150:do_switch$593$rdmux[0][6][0]$b$4135 [12] }, B={ $memory$flatten\u_sm.\lut.$auto$proc_rom.cc:150:do_switch$593$rdmux[0][6][0]$b$4135 [13:12] $memory$flatten\u_sm.\lut.$auto$proc_rom.cc:150:do_switch$593$rdmux[0][6][0]$b$4135 [12] 1'0 $memory$flatten\u_sm.\lut.$auto$proc_rom.cc:150:do_switch$593$rdmux[0][6][0]$b$4135 [12] $memory$flatten\u_sm.\lut.$auto$proc_rom.cc:150:do_switch$593$rdmux[0][6][0]$b$4135 [13] $memory$flatten\u_sm.\lut.$auto$proc_rom.cc:150:do_switch$593$rdmux[0][6][0]$b$4135 [13] 1'1 $memory$flatten\u_sm.\lut.$auto$proc_rom.cc:150:do_switch$593$rdmux[0][6][0]$b$4135 [12] 2'10 }, Y={ $memory$flatten\u_sm.\lut.$auto$proc_rom.cc:150:do_switch$593$rdmux[0][5][2]$b$4045 [14:13] $memory$flatten\u_sm.\lut.$auto$proc_rom.cc:150:do_switch$593$rdmux[0][5][2]$b$4045 [11] $memory$flatten\u_sm.\lut.$auto$proc_rom.cc:150:do_switch$593$rdmux[0][5][2]$b$4045 [8] $memory$flatten\u_sm.\lut.$auto$proc_rom.cc:150:do_switch$593$rdmux[0][5][2]$b$4045 [6:3] $memory$flatten\u_sm.\lut.$auto$proc_rom.cc:150:do_switch$593$rdmux[0][5][2]$b$4045 [10] $memory$flatten\u_sm.\lut.$auto$proc_rom.cc:150:do_switch$593$rdmux[0][5][2]$b$4045 [7] $memory$flatten\u_sm.\lut.$auto$proc_rom.cc:150:do_switch$593$rdmux[0][5][2]$b$4045 [0] }
      New ports: A={ 2'10 $memory$flatten\u_sm.\lut.$auto$proc_rom.cc:150:do_switch$593$rdmux[0][6][0]$b$4135 [13] $memory$flatten\u_sm.\lut.$auto$proc_rom.cc:150:do_switch$593$rdmux[0][6][0]$b$4135 [13] 1'1 $memory$flatten\u_sm.\lut.$auto$proc_rom.cc:150:do_switch$593$rdmux[0][6][0]$b$4135 [12] $memory$flatten\u_sm.\lut.$auto$proc_rom.cc:150:do_switch$593$rdmux[0][6][0]$b$4135 [13:12] $memory$flatten\u_sm.\lut.$auto$proc_rom.cc:150:do_switch$593$rdmux[0][6][0]$b$4135 [12] }, B={ $memory$flatten\u_sm.\lut.$auto$proc_rom.cc:150:do_switch$593$rdmux[0][6][0]$b$4135 [13:12] $memory$flatten\u_sm.\lut.$auto$proc_rom.cc:150:do_switch$593$rdmux[0][6][0]$b$4135 [12] 1'0 $memory$flatten\u_sm.\lut.$auto$proc_rom.cc:150:do_switch$593$rdmux[0][6][0]$b$4135 [12] $memory$flatten\u_sm.\lut.$auto$proc_rom.cc:150:do_switch$593$rdmux[0][6][0]$b$4135 [13] 3'110 }, Y={ $memory$flatten\u_sm.\lut.$auto$proc_rom.cc:150:do_switch$593$rdmux[0][5][2]$b$4045 [14:13] $memory$flatten\u_sm.\lut.$auto$proc_rom.cc:150:do_switch$593$rdmux[0][5][2]$b$4045 [11] $memory$flatten\u_sm.\lut.$auto$proc_rom.cc:150:do_switch$593$rdmux[0][5][2]$b$4045 [8] $memory$flatten\u_sm.\lut.$auto$proc_rom.cc:150:do_switch$593$rdmux[0][5][2]$b$4045 [6:5] $memory$flatten\u_sm.\lut.$auto$proc_rom.cc:150:do_switch$593$rdmux[0][5][2]$b$4045 [3] $memory$flatten\u_sm.\lut.$auto$proc_rom.cc:150:do_switch$593$rdmux[0][5][2]$b$4045 [7] $memory$flatten\u_sm.\lut.$auto$proc_rom.cc:150:do_switch$593$rdmux[0][5][2]$b$4045 [0] }
      New connections: { $memory$flatten\u_sm.\lut.$auto$proc_rom.cc:150:do_switch$593$rdmux[0][5][2]$b$4045 [4] $memory$flatten\u_sm.\lut.$auto$proc_rom.cc:150:do_switch$593$rdmux[0][5][2]$b$4045 [10] } = $memory$flatten\u_sm.\lut.$auto$proc_rom.cc:150:do_switch$593$rdmux[0][6][0]$b$4135 [13:12]
    Consolidated identical input bits for $mux cell $memory$flatten\u_sm.\lut.$auto$proc_rom.cc:150:do_switch$593$rdmux[0][6][7]$4154:
      Old ports: A={ $memory$flatten\u_sm.\lut.$auto$proc_rom.cc:150:do_switch$593$rdmux[0][6][0]$b$4135 [13] 1'0 $memory$flatten\u_sm.\lut.$auto$proc_rom.cc:150:do_switch$593$rdmux[0][6][0]$b$4135 [12] $memory$flatten\u_sm.\lut.$auto$proc_rom.cc:150:do_switch$593$rdmux[0][6][0]$b$4135 [13] 1'1 $memory$flatten\u_sm.\lut.$auto$proc_rom.cc:150:do_switch$593$rdmux[0][6][0]$b$4135 [13:12] 1'0 }, B={ 1'1 $memory$flatten\u_sm.\lut.$auto$proc_rom.cc:150:do_switch$593$rdmux[0][6][0]$b$4135 [13:12] $memory$flatten\u_sm.\lut.$auto$proc_rom.cc:150:do_switch$593$rdmux[0][6][0]$b$4135 [12] 2'00 $memory$flatten\u_sm.\lut.$auto$proc_rom.cc:150:do_switch$593$rdmux[0][6][0]$b$4135 [13:12] }, Y={ $memory$flatten\u_sm.\lut.$auto$proc_rom.cc:150:do_switch$593$rdmux[0][5][3]$b$4048 [10:9] $memory$flatten\u_sm.\lut.$auto$proc_rom.cc:150:do_switch$593$rdmux[0][5][3]$b$4048 [7] $memory$flatten\u_sm.\lut.$auto$proc_rom.cc:150:do_switch$593$rdmux[0][5][3]$b$4048 [5] $memory$flatten\u_sm.\lut.$auto$proc_rom.cc:150:do_switch$593$rdmux[0][5][3]$b$4048 [11] $memory$flatten\u_sm.\lut.$auto$proc_rom.cc:150:do_switch$593$rdmux[0][5][3]$b$4048 [4] $memory$flatten\u_sm.\lut.$auto$proc_rom.cc:150:do_switch$593$rdmux[0][5][3]$b$4048 [8] $memory$flatten\u_sm.\lut.$auto$proc_rom.cc:150:do_switch$593$rdmux[0][5][3]$b$4048 [0] }
      New ports: A={ $memory$flatten\u_sm.\lut.$auto$proc_rom.cc:150:do_switch$593$rdmux[0][6][0]$b$4135 [13] 1'0 $memory$flatten\u_sm.\lut.$auto$proc_rom.cc:150:do_switch$593$rdmux[0][6][0]$b$4135 [13] 1'1 $memory$flatten\u_sm.\lut.$auto$proc_rom.cc:150:do_switch$593$rdmux[0][6][0]$b$4135 [13:12] 1'0 }, B={ 1'1 $memory$flatten\u_sm.\lut.$auto$proc_rom.cc:150:do_switch$593$rdmux[0][6][0]$b$4135 [13:12] 2'00 $memory$flatten\u_sm.\lut.$auto$proc_rom.cc:150:do_switch$593$rdmux[0][6][0]$b$4135 [13:12] }, Y={ $memory$flatten\u_sm.\lut.$auto$proc_rom.cc:150:do_switch$593$rdmux[0][5][3]$b$4048 [10:9] $memory$flatten\u_sm.\lut.$auto$proc_rom.cc:150:do_switch$593$rdmux[0][5][3]$b$4048 [5] $memory$flatten\u_sm.\lut.$auto$proc_rom.cc:150:do_switch$593$rdmux[0][5][3]$b$4048 [11] $memory$flatten\u_sm.\lut.$auto$proc_rom.cc:150:do_switch$593$rdmux[0][5][3]$b$4048 [4] $memory$flatten\u_sm.\lut.$auto$proc_rom.cc:150:do_switch$593$rdmux[0][5][3]$b$4048 [8] $memory$flatten\u_sm.\lut.$auto$proc_rom.cc:150:do_switch$593$rdmux[0][5][3]$b$4048 [0] }
      New connections: $memory$flatten\u_sm.\lut.$auto$proc_rom.cc:150:do_switch$593$rdmux[0][5][3]$b$4048 [7] = $memory$flatten\u_sm.\lut.$auto$proc_rom.cc:150:do_switch$593$rdmux[0][6][0]$b$4135 [12]
    Consolidated identical input bits for $mux cell $memory$flatten\u_sm.\lut.$auto$proc_rom.cc:150:do_switch$593$rdmux[0][6][8]$4157:
      Old ports: A={ $memory$flatten\u_sm.\lut.$auto$proc_rom.cc:150:do_switch$593$rdmux[0][6][10]$a$4164 [10] $memory$flatten\u_sm.\lut.$auto$proc_rom.cc:150:do_switch$593$rdmux[0][6][10]$a$4164 [10] 1'0 $memory$flatten\u_sm.\lut.$auto$proc_rom.cc:150:do_switch$593$rdmux[0][6][10]$a$4164 [9] 2'10 $memory$flatten\u_sm.\lut.$auto$proc_rom.cc:150:do_switch$593$rdmux[0][6][10]$a$4164 [10] }, B={ $memory$flatten\u_sm.\lut.$auto$proc_rom.cc:150:do_switch$593$rdmux[0][6][10]$a$4164 [10:9] 1'1 $memory$flatten\u_sm.\lut.$auto$proc_rom.cc:150:do_switch$593$rdmux[0][6][10]$a$4164 [9] 1'0 $memory$flatten\u_sm.\lut.$auto$proc_rom.cc:150:do_switch$593$rdmux[0][6][10]$a$4164 [10] 1'1 }, Y={ $memory$flatten\u_sm.\lut.$auto$proc_rom.cc:150:do_switch$593$rdmux[0][5][4]$a$4050 [9] $memory$flatten\u_sm.\lut.$auto$proc_rom.cc:150:do_switch$593$rdmux[0][5][4]$a$4050 [5] $memory$flatten\u_sm.\lut.$auto$proc_rom.cc:150:do_switch$593$rdmux[0][5][4]$a$4050 [12] $memory$flatten\u_sm.\lut.$auto$proc_rom.cc:150:do_switch$593$rdmux[0][5][4]$a$4050 [3] $memory$flatten\u_sm.\lut.$auto$proc_rom.cc:150:do_switch$593$rdmux[0][5][4]$a$4050 [13] $memory$flatten\u_sm.\lut.$auto$proc_rom.cc:150:do_switch$593$rdmux[0][5][4]$a$4050 [1:0] }
      New ports: A={ $memory$flatten\u_sm.\lut.$auto$proc_rom.cc:150:do_switch$593$rdmux[0][6][10]$a$4164 [10] 3'010 $memory$flatten\u_sm.\lut.$auto$proc_rom.cc:150:do_switch$593$rdmux[0][6][10]$a$4164 [10] }, B={ $memory$flatten\u_sm.\lut.$auto$proc_rom.cc:150:do_switch$593$rdmux[0][6][10]$a$4164 [9] 2'10 $memory$flatten\u_sm.\lut.$auto$proc_rom.cc:150:do_switch$593$rdmux[0][6][10]$a$4164 [10] 1'1 }, Y={ $memory$flatten\u_sm.\lut.$auto$proc_rom.cc:150:do_switch$593$rdmux[0][5][4]$a$4050 [5] $memory$flatten\u_sm.\lut.$auto$proc_rom.cc:150:do_switch$593$rdmux[0][5][4]$a$4050 [12] $memory$flatten\u_sm.\lut.$auto$proc_rom.cc:150:do_switch$593$rdmux[0][5][4]$a$4050 [13] $memory$flatten\u_sm.\lut.$auto$proc_rom.cc:150:do_switch$593$rdmux[0][5][4]$a$4050 [1:0] }
      New connections: { $memory$flatten\u_sm.\lut.$auto$proc_rom.cc:150:do_switch$593$rdmux[0][5][4]$a$4050 [9] $memory$flatten\u_sm.\lut.$auto$proc_rom.cc:150:do_switch$593$rdmux[0][5][4]$a$4050 [3] } = $memory$flatten\u_sm.\lut.$auto$proc_rom.cc:150:do_switch$593$rdmux[0][6][10]$a$4164 [10:9]
  Optimizing cells in module \ga2.
    Consolidated identical input bits for $mux cell $memory$flatten\u_sm.\lut.$auto$proc_rom.cc:150:do_switch$593$rdmux[0][5][15]$4082:
      Old ports: A={ $memory$flatten\u_sm.\lut.$auto$proc_rom.cc:150:do_switch$593$rdmux[0][5][15]$a$4083 [5:4] $memory$flatten\u_sm.\lut.$auto$proc_rom.cc:150:do_switch$593$rdmux[0][5][15]$a$4083 [4] $memory$flatten\u_sm.\lut.$auto$proc_rom.cc:150:do_switch$593$rdmux[0][5][15]$a$4083 [2:1] 1'0 }, B={ 2'01 $memory$flatten\u_sm.\lut.$auto$proc_rom.cc:150:do_switch$593$rdmux[0][5][15]$b$4084 [3:0] }, Y=$memory$flatten\u_sm.\lut.$auto$proc_rom.cc:150:do_switch$593$rdmux[0][4][7]$b$4012 [5:0]
      New ports: A={ $memory$flatten\u_sm.\lut.$auto$proc_rom.cc:150:do_switch$593$rdmux[0][5][15]$a$4083 [5:4] $memory$flatten\u_sm.\lut.$auto$proc_rom.cc:150:do_switch$593$rdmux[0][5][15]$a$4083 [4] $memory$flatten\u_sm.\lut.$auto$proc_rom.cc:150:do_switch$593$rdmux[0][5][15]$a$4083 [2] 1'0 }, B={ 2'01 $memory$flatten\u_sm.\lut.$auto$proc_rom.cc:150:do_switch$593$rdmux[0][5][15]$b$4084 [3:2] $memory$flatten\u_sm.\lut.$auto$proc_rom.cc:150:do_switch$593$rdmux[0][5][15]$b$4084 [0] }, Y={ $memory$flatten\u_sm.\lut.$auto$proc_rom.cc:150:do_switch$593$rdmux[0][4][7]$b$4012 [5:2] $memory$flatten\u_sm.\lut.$auto$proc_rom.cc:150:do_switch$593$rdmux[0][4][7]$b$4012 [0] }
      New connections: $memory$flatten\u_sm.\lut.$auto$proc_rom.cc:150:do_switch$593$rdmux[0][4][7]$b$4012 [1] = $memory$flatten\u_sm.\lut.$auto$proc_rom.cc:150:do_switch$593$rdmux[0][6][0]$b$4135 [12]
  Optimizing cells in module \ga2.
Performed a total of 16 changes.

13.20.13. Executing OPT_MERGE pass (detect identical cells).
Finding identical cells in module `\ga2'.
<suppressed ~3 debug messages>
Removed a total of 1 cells.

13.20.14. Executing OPT_SHARE pass.

13.20.15. Executing OPT_DFF pass (perform DFF optimizations).

13.20.16. Executing OPT_CLEAN pass (remove unused cells and wires).
Finding unused cells or wires in module \ga2..
Removed 0 unused cells and 6 unused wires.
<suppressed ~1 debug messages>

13.20.17. Executing OPT_EXPR pass (perform const folding).
Optimizing module ga2.

13.20.18. Rerunning OPT passes. (Maybe there is more to do..)

13.20.19. Executing OPT_MUXTREE pass (detect dead branches in mux trees).
Running muxtree optimizer on module \ga2..
  Creating internal representation of mux trees.
  Evaluating internal representation of mux trees.
  Analyzing evaluation results.
Removed 0 multiplexer ports.
<suppressed ~48 debug messages>

13.20.20. Executing OPT_REDUCE pass (consolidate $*mux and $reduce_* inputs).
  Optimizing cells in module \ga2.
Performed a total of 0 changes.

13.20.21. Executing OPT_MERGE pass (detect identical cells).
Finding identical cells in module `\ga2'.
Removed a total of 0 cells.

13.20.22. Executing OPT_SHARE pass.

13.20.23. Executing OPT_DFF pass (perform DFF optimizations).

13.20.24. Executing OPT_CLEAN pass (remove unused cells and wires).
Finding unused cells or wires in module \ga2..

13.20.25. Executing OPT_EXPR pass (perform const folding).
Optimizing module ga2.

13.20.26. Finished OPT passes. (There is nothing left to do.)

13.21. Executing TECHMAP pass (map to technology primitives).

13.21.1. Executing Verilog-2005 frontend: /usr/bin/../share/yosys/techmap.v
Parsing Verilog input from `/usr/bin/../share/yosys/techmap.v' to AST representation.
Generating RTLIL representation for module `\_90_simplemap_bool_ops'.
Generating RTLIL representation for module `\_90_simplemap_reduce_ops'.
Generating RTLIL representation for module `\_90_simplemap_logic_ops'.
Generating RTLIL representation for module `\_90_simplemap_compare_ops'.
Generating RTLIL representation for module `\_90_simplemap_various'.
Generating RTLIL representation for module `\_90_simplemap_registers'.
Generating RTLIL representation for module `\_90_shift_ops_shr_shl_sshl_sshr'.
Generating RTLIL representation for module `\_90_shift_shiftx'.
Generating RTLIL representation for module `\_90_fa'.
Generating RTLIL representation for module `\_90_lcu'.
Generating RTLIL representation for module `\_90_alu'.
Generating RTLIL representation for module `\_90_macc'.
Generating RTLIL representation for module `\_90_alumacc'.
Generating RTLIL representation for module `\$__div_mod_u'.
Generating RTLIL representation for module `\$__div_mod_trunc'.
Generating RTLIL representation for module `\_90_div'.
Generating RTLIL representation for module `\_90_mod'.
Generating RTLIL representation for module `\$__div_mod_floor'.
Generating RTLIL representation for module `\_90_divfloor'.
Generating RTLIL representation for module `\_90_modfloor'.
Generating RTLIL representation for module `\_90_pow'.
Generating RTLIL representation for module `\_90_pmux'.
Generating RTLIL representation for module `\_90_demux'.
Generating RTLIL representation for module `\_90_lut'.
Successfully finished Verilog frontend.

13.21.2. Continuing TECHMAP pass.
Using extmapper simplemap for cells of type $and.
Using extmapper simplemap for cells of type $mux.
Using extmapper simplemap for cells of type $reduce_bool.
Using extmapper simplemap for cells of type $reduce_and.
Using extmapper simplemap for cells of type $logic_not.
Using extmapper simplemap for cells of type $sdffce.
Using extmapper simplemap for cells of type $eq.
Using extmapper simplemap for cells of type $reduce_or.
Using extmapper simplemap for cells of type $logic_and.
Using extmapper simplemap for cells of type $not.
Using extmapper simplemap for cells of type $xor.
Using extmapper simplemap for cells of type $dff.
Using extmapper simplemap for cells of type $logic_or.
Using extmapper simplemap for cells of type $ne.
Using template $paramod$6a42b6fefed750f8a1c58eab59479d960557103c\_90_alu for cells of type $alu.
Using template $paramod$2af30114e9bd4ccb04dad757b3f0a8f6bf0615b0\_90_alu for cells of type $alu.
Using template $paramod$ee3d784672cdb1cb32d9a801a3af776716f16b74\_90_alu for cells of type $alu.
Using extmapper simplemap for cells of type $dffe.
Using extmapper simplemap for cells of type $sdffe.
Using extmapper simplemap for cells of type $sdff.
Using extmapper simplemap for cells of type $or.
Using template $paramod$0ae6dcbc606d0267ec97d3ccf20343286af3366c\_90_alu for cells of type $alu.
Using template $paramod$4723f36546de75c7b865d95396fc0936b66ab54e\_90_alu for cells of type $alu.
Using template $paramod$8f780356cb6cdb52f6a744190131b65634639c4e\_90_alu for cells of type $alu.
Using template $paramod$43e4b6e86c7d753773e473eb3ca9da3137a4ec01\_90_alu for cells of type $alu.
Using template $paramod$c9d98d2d0793a6d8797b9c088dbedb26a7be7121\_90_alu for cells of type $alu.
Using template $paramod$57bc309a5d8a948cec8981d26d896ee1cbf54d58\_90_alu for cells of type $alu.
Using extmapper maccmap for cells of type $macc.
  add \u_mm.arr.row[3].col[3].u.acc (32 bits, signed)
  add \u_mm.arr.row[3].col[2].u.a_out * \u_mm.arr.row[2].col[3].u.b_out (8x8 bits, signed)
  add \u_mm.arr.row[3].col[1].u.acc (32 bits, signed)
  add \u_mm.arr.row[3].col[0].u.a_out * \u_mm.arr.row[2].col[1].u.b_out (8x8 bits, signed)
  add \u_mm.arr.row[2].col[2].u.acc (32 bits, signed)
  add \u_mm.arr.row[2].col[1].u.a_out * \u_mm.arr.row[1].col[2].u.b_out (8x8 bits, signed)
  add \u_mm.arr.row[3].col[0].u.acc (32 bits, signed)
  add \u_mm.arr.row[3].col[0].u.a_in * \u_mm.arr.row[2].col[0].u.b_out (8x8 bits, signed)
  add \u_mm.arr.row[2].col[1].u.acc (32 bits, signed)
  add \u_mm.arr.row[2].col[0].u.a_out * \u_mm.arr.row[1].col[1].u.b_out (8x8 bits, signed)
  add \u_mm.arr.row[3].col[2].u.acc (32 bits, signed)
  add \u_mm.arr.row[3].col[1].u.a_out * \u_mm.arr.row[2].col[2].u.b_out (8x8 bits, signed)
  add \u_mm.arr.row[1].col[2].u.acc (32 bits, signed)
  add \u_mm.arr.row[1].col[1].u.a_out * \u_mm.arr.row[0].col[2].u.b_out (8x8 bits, signed)
  add \u_rq.rqu.mag * \u_rq.m (32x24 bits, unsigned)
  add \u_rq.rqu.half (56 bits, unsigned)
  add \u_un.dst (12 bits, unsigned)
  add \u_un.j (3 bits, unsigned)
  add { \u_un.i [8:0] 3'000 } (12 bits, unsigned)
  add \u_sm.r * \u_am.rd [15:0] (40x16 bits, unsigned)
  add 39'000000000000000001000000000000000000000 (39 bits, unsigned)
  add \u_mm.arr.row[0].col[2].u.acc (32 bits, signed)
  add \u_mm.arr.row[0].col[1].u.a_out * \u_mm.arr.row[0].col[2].u.b_in (8x8 bits, signed)
  add \u_mm.arr.row[1].col[3].u.acc (32 bits, signed)
  add \u_mm.arr.row[1].col[2].u.a_out * \u_mm.arr.row[0].col[3].u.b_out (8x8 bits, signed)
  add \u_mm.arr.row[0].col[1].u.acc (32 bits, signed)
  add \u_mm.arr.row[0].col[0].u.a_out * \u_mm.arr.row[0].col[1].u.b_in (8x8 bits, signed)
  add \u_mm.arr.row[0].col[0].u.a_in * \u_mm.arr.row[0].col[0].u.b_in (8x8 bits, signed)
Using template $paramod$a04dd9d4d8b430140c4ff94b50470fb380fda2a0\_90_alu for cells of type $alu.
  add \u_mm.arr.row[2].col[0].u.acc (32 bits, signed)
  add \u_mm.arr.row[2].col[0].u.a_in * \u_mm.arr.row[1].col[0].u.b_out (8x8 bits, signed)
Using template $paramod$d588c4475f18bc347201f0f2671d73b8c1e7b7ea\_90_alu for cells of type $alu.
Using template $paramod$9b068a3f4468c7b15193a17d454654d1b2560530\_90_alu for cells of type $alu.
Using template $paramod$38e8498ccdc425801fe5312e427e3cf0d9089c58\_90_alu for cells of type $alu.
Using template $paramod$32a7b7b86c07519b7537abc18e96f0331f97914d\_90_alu for cells of type $alu.
Using template $paramod$2653f68ddb8eab7b1907b4a20767b72a824a7a36\_90_alu for cells of type $alu.
Using template $paramod$dde52db7035cb02b3cc5e73865788532339e3bcb\_90_alu for cells of type $alu.
Using template $paramod$103b4016182df467cceab67bcf3e18e6361ec0fd\_90_alu for cells of type $alu.
Using template $paramod$constmap:a68fe0c5cd76684130319b1a79e06c8ca50ed7a7$paramod$bcb72ea9bb70a3ad46f1a94a9630dde70fb62473\_90_shift_shiftx for cells of type $shiftx.
Using template $paramod$f85408ed1aa3d09e465edae8a7bf590332ae9f7b\_90_alu for cells of type $alu.
Using template $paramod$d1615bf4e5e328245ffd1550e5fe105901cda77b\_90_alu for cells of type $alu.
Using template $paramod$0cb8c8207ef60c40f3d931234779bbc53d5f6b86\_90_alu for cells of type $alu.
Using template $paramod$a950948e19702336540a1f557d0a91306bdb9188\_90_alu for cells of type $alu.
Using template $paramod$fdd20cfde6eff5e426e814d02912ca76c51febc9\_90_alu for cells of type $alu.
Using template $paramod$19189243523493d505a4933d1bad417c570ea8a6\_90_alu for cells of type $alu.
Using template $paramod$7af24cf7f572852703f08ef7a936c59efa2c57af\_90_alu for cells of type $alu.
Using template $paramod$5f9e462653ca3a1c8273276171a305d6ae686424\_90_alu for cells of type $alu.
Using template $paramod$c3cd1564c35d873179656addd6052d7ea8b6d991\_90_alu for cells of type $alu.
Using template $paramod$75108d6e8d490ab2eec24aee458e87cb2a6c124c\_90_alu for cells of type $alu.
Using template $paramod$dfca81329cbbac01700318224209a5f2318c7128\_90_alu for cells of type $alu.
Using template $paramod$dc04b7d98e503a7bab16fce2df70e6e2c5ca34d6\_90_alu for cells of type $alu.
Using template $paramod$821d2886e47353e724eaca46af4992e9c3e6ac1d\_90_alu for cells of type $alu.
  add \u_mm.arr.row[1].col[0].u.acc (32 bits, signed)
  add \u_mm.arr.row[1].col[0].u.a_in * \u_mm.arr.row[0].col[0].u.b_out (8x8 bits, signed)
Using template $paramod$constmap:cc1228abbe79c96bcec4e792e251eee53e5e0e20$paramod$3db80fb83f6f80ae1f917276f15cabee7c59542e\_90_shift_ops_shr_shl_sshl_sshr for cells of type $shl.
  add \u_mm.arr.row[0].col[3].u.acc (32 bits, signed)
  add \u_mm.arr.row[0].col[2].u.a_out * \u_mm.arr.row[0].col[3].u.b_in (8x8 bits, signed)
Using template $paramod$constmap:3763da8df22caeb9bb140b32f51ce71ccd883ea1$paramod$726267894d6f60d827aea2badc71285548deb07f\_90_shift_ops_shr_shl_sshl_sshr for cells of type $shr.
  add $flatten\u_mm.$add$rtl/ga2_mm.v:64$352_Y [7:0] (8 bits, unsigned)
  add \u_mm.N (4 bits, unsigned)
  add 32'11111111111111111111111111111101 (32 bits, unsigned)
Using template $paramod$e5fd9f673f47dbb5739c87bf382b22e808c83a1e\_90_alu for cells of type $alu.
Using template $paramod$2bd81f420048247ff6903399c560fe0f8bd48ccc\_90_alu for cells of type $alu.
Using template $paramod$08c2d337fba0d8fba53e35b89be96dd105931d9e\_90_alu for cells of type $alu.
Using template $paramod$a1bc51c02ce12ac21eb18988e83292af48ed7d72\_90_alu for cells of type $alu.
  add \u_mm.arr.row[1].col[1].u.acc (32 bits, signed)
  add \u_mm.arr.row[1].col[0].u.a_out * \u_mm.arr.row[0].col[1].u.b_out (8x8 bits, signed)
Using template $paramod$403a3c2fa431a154c52a6a5429d7a6260b5d144f\_90_alu for cells of type $alu.
Using template $paramod$18205a5da979f93ffab44671dcc4a48cf14e25e2\_90_alu for cells of type $alu.
Using template $paramod$d2fa05d38998afabc6d4f34471305d0af4b8b2df\_90_alu for cells of type $alu.
Using template $paramod$55c77272acecad365d187c23da880910c49a3940\_90_alu for cells of type $alu.
Using template $paramod$0cf90cc92a8a726f7480da3c1dd521ff92701be4\_90_alu for cells of type $alu.
Using template $paramod$6df0329addda9228fcc2546de2aaf14ad26c98e1\_90_alu for cells of type $alu.
Using template $paramod$3ef7d3dd227da7627a99c5e5a6a4deb817573e39\_90_alu for cells of type $alu.
Using template $paramod$d93b20aba29962655c9063cb2c355b406dbe0cef\_90_alu for cells of type $alu.
Using template $paramod$constmap:5bb736f28100a66674c02e4dcb544fb4c600c498$paramod$038383553253758e8f741c3dc0591b3c7e80f6b8\_90_shift_shiftx for cells of type $shiftx.
  add \u_mm.arr.row[2].col[3].u.acc (32 bits, signed)
  add \u_mm.arr.row[2].col[2].u.a_out * \u_mm.arr.row[1].col[3].u.b_out (8x8 bits, signed)
Using extmapper simplemap for cells of type $pos.
Using template $paramod\_90_lcu\WIDTH=32'00000000000000000000000000001000 for cells of type $lcu.
Using template $paramod\_90_fa\WIDTH=32'00000000000000000000000000100000 for cells of type $fa.
Using template $paramod$fbc7873bff55778c0b3173955b7e4bce1d9d6834\_90_alu for cells of type $alu.
Using template $paramod\_90_lcu\WIDTH=32'00000000000000000000000000010001 for cells of type $lcu.
Using template $paramod\_90_lcu\WIDTH=32'00000000000000000000000000001100 for cells of type $lcu.
Using template $paramod\_90_lcu\WIDTH=32'00000000000000000000000000000110 for cells of type $lcu.
Using template $paramod\_90_lcu\WIDTH=32'00000000000000000000000000000101 for cells of type $lcu.
Using template $paramod\_90_lcu\WIDTH=32'00000000000000000000000000000100 for cells of type $lcu.
Using template $paramod\_90_lcu\WIDTH=32'00000000000000000000000000001101 for cells of type $lcu.
Using template $paramod\_90_lcu\WIDTH=32'00000000000000000000000000010000 for cells of type $lcu.
Using template $paramod\_90_lcu\WIDTH=32'00000000000000000000000000000111 for cells of type $lcu.
Using template $paramod\_90_lcu\WIDTH=32'00000000000000000000000000100000 for cells of type $lcu.
Using template $paramod\_90_fa\WIDTH=32'00000000000000000000000000111001 for cells of type $fa.
Using template $paramod$4390e028a81f9e6104c535750c1d54408f037fd9\_90_alu for cells of type $alu.
Using template $paramod\_90_fa\WIDTH=32'00000000000000000000000000100111 for cells of type $fa.
Using template $paramod$9c7d13c1edbd4d27a85edb6208279a64037aa7b0\_90_alu for cells of type $alu.
Using template $paramod\_90_lcu\WIDTH=32'00000000000000000000000000101001 for cells of type $lcu.
Using template $paramod\_90_fa\WIDTH=32'00000000000000000000000000010000 for cells of type $fa.
Using template $paramod\_90_lcu\WIDTH=32'00000000000000000000000000000010 for cells of type $lcu.
Using template $paramod\_90_lcu\WIDTH=32'00000000000000000000000000001001 for cells of type $lcu.
Using template $paramod\_90_lcu\WIDTH=32'00000000000000000000000000000011 for cells of type $lcu.
Using template $paramod\_90_lcu\WIDTH=32'00000000000000000000000000110010 for cells of type $lcu.
Using template $paramod\_90_lcu\WIDTH=32'00000000000000000000000000101000 for cells of type $lcu.
Using template $paramod\_90_lcu\WIDTH=32'00000000000000000000000000111001 for cells of type $lcu.
Using template $paramod\_90_lcu\WIDTH=32'00000000000000000000000000100111 for cells of type $lcu.
No more expansions possible.
<suppressed ~16178 debug messages>

13.22. Executing OPT pass (performing simple optimizations).

13.22.1. Executing OPT_EXPR pass (perform const folding).
Optimizing module ga2.
<suppressed ~17870 debug messages>

13.22.2. Executing OPT_MERGE pass (detect identical cells).
Finding identical cells in module `\ga2'.
<suppressed ~26340 debug messages>
Removed a total of 8780 cells.

13.22.3. Executing OPT_DFF pass (perform DFF optimizations).

13.22.4. Executing OPT_CLEAN pass (remove unused cells and wires).
Finding unused cells or wires in module \ga2..
Removed 9046 unused cells and 8114 unused wires.
<suppressed ~9047 debug messages>

13.22.5. Finished fast OPT passes.

13.23. Executing ABC pass (technology mapping using ABC).

13.23.1. Extracting gate netlist of module `\ga2' to `<abc-temp-dir>/input.blif'..
Extracted 31646 gates and 33596 wires to a netlist network with 1947 inputs and 1308 outputs.

13.23.1.1. Executing ABC.
Running ABC command: "<yosys-exe-dir>/yosys-abc" -s -f <abc-temp-dir>/abc.script 2>&1
ABC: ABC command line: "source <abc-temp-dir>/abc.script".
ABC: 
ABC: + read_blif <abc-temp-dir>/input.blif 
ABC: + read_library <abc-temp-dir>/stdcells.genlib 
ABC: Entered genlib library with 13 gates from file "<abc-temp-dir>/stdcells.genlib".
ABC: + strash 
ABC: + dretime 
ABC: + map 
ABC: + write_blif <abc-temp-dir>/output.blif 

13.23.1.2. Re-integrating ABC results.
ABC RESULTS:               MUX cells:     1616
ABC RESULTS:               AND cells:     1485
ABC RESULTS:              XNOR cells:     2942
ABC RESULTS:               NOT cells:     1090
ABC RESULTS:              NAND cells:     1146
ABC RESULTS:             ORNOT cells:     1361
ABC RESULTS:               NOR cells:     2525
ABC RESULTS:               XOR cells:     6444
ABC RESULTS:            ANDNOT cells:     9821
ABC RESULTS:                OR cells:     3359
ABC RESULTS:        internal signals:    30341
ABC RESULTS:           input signals:     1947
ABC RESULTS:          output signals:     1308
Removing temp directory.

13.24. Executing OPT pass (performing simple optimizations).

13.24.1. Executing OPT_EXPR pass (perform const folding).
Optimizing module ga2.
<suppressed ~575 debug messages>

13.24.2. Executing OPT_MERGE pass (detect identical cells).
Finding identical cells in module `\ga2'.
<suppressed ~147 debug messages>
Removed a total of 49 cells.

13.24.3. Executing OPT_DFF pass (perform DFF optimizations).

13.24.4. Executing OPT_CLEAN pass (remove unused cells and wires).
Finding unused cells or wires in module \ga2..
Removed 5 unused cells and 8527 unused wires.
<suppressed ~43 debug messages>

13.24.5. Finished fast OPT passes.

13.25. Executing HIERARCHY pass (managing design hierarchy).

13.25.1. Analyzing design hierarchy..
Top module:  \ga2

13.25.2. Analyzing design hierarchy..
Top module:  \ga2
Removed 0 unused modules.

13.26. Printing statistics.

=== ga2 ===

   Number of wires:              31200
   Number of wire bits:          41514
   Number of public wires:         433
   Number of public wire bits:    7220
   Number of memories:               0
   Number of memory bits:            0
   Number of processes:              0
   Number of cells:              33731
     $_ANDNOT_                    9817
     $_AND_                       1484
     $_DFFE_PP_                    742
     $_DFF_P_                       18
     $_MUX_                       1615
     $_NAND_                      1146
     $_NOR_                       2508
     $_NOT_                       1085
     $_ORNOT_                     1360
     $_OR_                        3335
     $_SDFFCE_PN0P_                152
     $_SDFFCE_PP0P_                311
     $_SDFFCE_PP1P_                  5
     $_SDFFE_PN0P_                   1
     $_SDFFE_PP0P_                  31
     $_SDFFE_PP1P_                   4
     $_SDFF_PP0_                   723
     $_XNOR_                      2942
     $_XOR_                       6443
     rowmem                          8
     sram                            1

13.27. Executing CHECK pass (checking for obvious problems).
